0.0,0.8866183501191999,0.7075496455367742
0.0,-1.4658694427979502,-0.46833622150153714
0.0,-0.9804813540997621,-0.12610687753863467
0.0,-0.41875258691780654,-0.6389396323055198
0.0,-2.9591790203690236,-0.4974608726840549
0.0,-1.3483469750043267,-0.9851053148111412
0.0,-2.5953064052925057,0.24176756625889953
0.0,2.1079319511171586,-0.9374498646106599
0.0,-0.1186433667362408,-1.7439654469535182
0.0,0.5814404406660991,-2.0737908148759856
0.0,-1.620361614844496,-0.929182625792977
0.0,-0.05104434046169499,-0.6610846607536446
0.0,0.4408525138398709,-3.1039579129837427
0.0,0.6034999983509386,-1.6397635060827707
0.0,0.3733018816093435,-0.20548560381404238
0.0,0.9006481348399535,-0.11522050157917912
0.0,-0.9907089904222574,-1.107320299408498
0.0,-0.6332034163803447,-0.28471323990739444
0.0,1.593076196972737,-1.6004132134305178
0.0,0.2129822816495588,-1.3731636276285681
0.0,-0.9832805091303363,-0.20789522873535027
0.0,-1.9185147561925413,-0.05097022111338939
0.0,0.25425792060979424,-0.27063958913104696
0.0,-1.3966613839957123,0.9574894249484927
0.0,-0.761481495689433,0.8350949501871016
0.0,-1.3728773882626608,-0.03277177995684681
0.0,0.2218098948698693,1.2840941949355105
0.0,-0.3229077343129905,-0.035475304513822185
0.0,-1.104878859485177,-1.1818809553078409
0.0,-0.6493412482396548,0.22690016229195265
0.0,-1.3735654686963312,-0.30866312403163776
0.0,0.7759809656480638,0.8684969406502789
0.0,-2.1800858577450737,-0.2708483903261853
0.0,-1.0602526508284238,-0.2851058257755242
0.0,-0.5436894983219295,-1.6845977589865249
0.0,-0.22045205664806658,-1.4276334957123558
0.0,-0.1825327847358026,-0.7066025510869794
0.0,-0.8491156928467521,1.1132113385696942
0.0,-1.1044064914539218,0.1430803007640556
0.0,-1.085716387048676,-1.4862648653203758
0.0,-1.6729182887481786,-0.3978599585711103
0.0,-1.3143189079814355,-0.38006989452320905
0.0,-1.64868430124925,-1.059237134073447
0.0,-1.6549943403170426,-1.5546101961159324
0.0,-0.9941476183467568,-0.8868923573620142
0.0,-1.8560229034133855,-1.7986079264202801
0.0,-2.493004613575585,-0.39711902924285636
0.0,-0.2757787367202466,-0.09410486463426734
0.0,-0.5753231889490232,-0.9367385242977609
0.0,-1.1874705417551163,-1.1882433187675852
0.0,-0.34160014580221393,-1.5825409920210076
0.0,-0.41314470046517127,-0.4154216404950193
0.0,-1.3593429490908175,-0.8601801640350919
0.0,1.856010153576045,-1.3489603446644853
0.0,-1.5662226422400913,-0.9834208699184213
0.0,-1.3143374823411176,-1.9339828204021525
0.0,0.7944183096380327,-1.1849152645277496
0.0,-0.08684463147737131,-1.9897824312844938
0.0,-0.8685736944543381,-0.9065492523468267
0.0,1.3220334249388896,-1.7074217532962794
0.0,-0.8995583804183013,0.3880226471754806
0.0,-0.6223552203149917,-2.125399291113008
0.0,-2.5702667134319186,-0.4890200016047441
0.0,-0.7788668140441112,-1.906730423735024
0.0,-0.8333431731503643,-1.0741839850487873
0.0,-0.6194263409989659,-1.802610833300213
0.0,1.2375743202515757,-1.9548092751000283
0.0,-0.3700591945422388,-1.4302258516535882
0.0,0.06413018132941513,-1.182860430559417
0.0,-0.8423298281398549,-0.004546302918642758
0.0,1.0067871933513608,-2.9262754682058163
0.0,0.8829742033103607,0.38600620043331435
0.0,-0.8882427997086692,-0.6257272455970044
0.0,-0.08837817648891909,-0.23982178819687372
0.0,-1.784872981412038,-0.6809904546570406
0.0,-0.9956139526388808,-1.176902160692985
0.0,1.4946233915531502,-0.6478952791970779
0.0,-0.6720904740838093,0.06389606934273956
0.0,-0.3199896441391335,-0.5456753356895626
0.0,-1.7825581881391972,-0.6436677434785368
0.0,-0.8776612426750016,-0.5995967908702503
0.0,-2.2615547003349565,-0.4296771449806564
0.0,-2.629267417720612,-0.8226140737327226
0.0,-2.7072734554901197,-0.40447924667995083
0.0,-0.7275739444106957,-0.46950236222920877
0.0,-0.09251382310790653,-1.5606339334226864
0.0,-0.26935990397569837,-0.3235483019000025
0.0,-1.8248138477664264,-0.6208720873087523
0.0,-1.0171119008786162,-0.08353354029793145
0.0,-1.0944427532001715,-0.9415783883918702
0.0,0.20184411755247303,-0.16458406698410996
0.0,-1.2876446571240958,-0.9202824794439873
0.0,-0.7126346189745728,-0.9452981309743848
0.0,0.2440882612203729,-0.7000184830166275
0.0,-0.8009766144698437,-0.23604405387795357
0.0,0.2552526587225802,-1.1396083057430473
0.0,-1.521254703284712,-1.7710947023653192
0.0,-1.9200580121456299,-1.0780913718491945
0.0,-1.5770848988922632,0.03992858317991077
0.0,0.9172085145277279,-0.6077730164492086
0.0,-1.0352675551208756,-0.3187755211316802
0.0,-1.4701447421855622,-0.7838284168217293
0.0,-0.6482039443163172,-0.6420217661668328
0.0,-0.01847093316572629,-0.16001227518883787
0.0,-0.8080318763262548,-0.5099560776411974
0.0,-0.18045950964448843,-1.2430122753160735
0.0,-0.05278015395376623,-0.7344036254151521
0.0,-1.1545817411005346,0.021632116570617567
0.0,-1.740575048384823,0.15856880535950849
0.0,-0.4517550324224079,0.09488759810746669
0.0,0.16676087371999188,0.05695430995660901
0.0,1.5950793993125396,-0.33643197678414455
0.0,1.3378054260571328,-1.5863356274683957
0.0,-1.009341544699451,-1.7991777021556414
0.0,-1.4385784710327376,0.39826156612096686
0.0,0.6686955464873768,-0.18163959650238426
0.0,0.36178568623173074,-0.6970741183895421
0.0,0.5374502354178283,-0.24445356262169932
0.0,-1.6211141540622855,-0.31709263898021856
0.0,-0.9398624738419239,-1.3581705647073241
0.0,-2.037004499146104,-0.5608611238793757
0.0,-1.163878891167426,-1.0755443176646087
0.0,0.6207430567639857,-0.57242361997881
0.0,0.870441983905566,-0.541720164761124
0.0,-0.4449173561092375,-0.9999049432467867
0.0,-1.0102934526375678,-0.8150804925536675
0.0,-1.3255742827181705,-1.0684076350387035
0.0,0.8229661589982836,-0.8166440038793367
0.0,0.21295093383777214,-0.014575074644139109
0.0,-1.0057756424059954,-0.653855979565295
0.0,0.7366135972341892,-1.8932038935425948
0.0,-1.326886408738229,-0.681561393965937
0.0,-0.6178033273278148,-2.369330896285721
0.0,1.7390065761107114,-1.2271432360339902
0.0,-0.0041250275564651525,-1.9164932081829669
0.0,-1.1028738264416194,-0.898346754252444
0.0,-0.5931302453087945,-2.069778766285506
0.0,-1.3266858766436318,0.7678910699599281
0.0,0.9543366954036925,-1.1150538829525511
0.0,-1.535745718172735,0.5019864218403486
0.0,-0.5540598739992505,-2.059287998741518
0.0,0.9881970607510616,-0.5071990729506313
0.0,0.39917100870868055,-0.8041411585503128
0.0,0.28835853239544135,-1.5273160430527242
0.0,-0.7066832625904202,-0.8695631021216084
0.0,-0.3213434959744721,-0.6965996623964014
0.0,-2.0256942060359635,-0.6904444105430563
0.0,1.8149376634913812,-3.5309112200298944
0.0,-1.9685853997937326,-0.9991152172953027
0.0,-1.3240079605313184,-0.7876309261377438
0.0,0.19497612505621392,-0.7650333379698472
0.0,-0.39971480006544974,0.4103285360388165
0.0,-0.7793204883310678,-1.0620243264916
0.0,-0.8922821156032833,-0.9916888254860964
0.0,-1.6063803049145136,-0.8534565793370654
0.0,-1.6570381584353244,-0.24690718903644832
0.0,-0.11405074019709281,0.7566758242237744
0.0,-0.18885268882904938,0.05835038263392194
0.0,-0.28955788052981135,-0.2333585744961723
0.0,-0.6505478344412418,1.6844341303878225
0.0,0.35743577468474697,0.6319078295467025
0.0,0.037092833367759315,1.7103203532170108
0.0,0.17150320151305723,0.8398596088386393
0.0,0.5441865696797075,0.1858117606939553
0.0,0.5419939090658716,-0.23319310294067672
0.0,-0.7197615695490909,0.31122219063573475
0.0,0.5022699077340633,-0.26892055419138877
0.0,0.8936048823645324,0.4930704878127278
0.0,-0.6900022279003991,0.2307755769879151
0.0,1.7622814319476034,-0.6203379406934796
0.0,-0.17624783891699644,0.34700491653442667
0.0,2.329096376989072,2.048639191959451
0.0,-0.3702313754161916,-0.15811017176770972
0.0,0.7390359782876695,0.2104130898863217
0.0,-0.9319966207612931,0.49557601627227715
0.0,-0.3138593040808375,0.57688917194707
0.0,0.39067119400501105,-0.35076139153988284
0.0,0.2586325272043423,1.926972383675203
0.0,-0.8369984225569231,0.5224181094066668
0.0,0.20365588894287068,0.35879515198028145
0.0,-0.4610125075870853,1.297361811765607
0.0,0.425263151585283,1.0768004955032133
0.0,-0.7319032850723541,1.133440902078244
0.0,-0.8343889703845377,0.7084076025303001
0.0,0.47719909457084325,-0.05668723104677335
0.0,-0.029545026005570536,0.29825989519500323
0.0,0.2605830851590491,0.3439452982294401
0.0,-0.11356100899071718,0.004631164517712434
0.0,-0.3807459316713123,0.4340169660618332
0.0,-0.4650582472667851,1.2916666803199135
0.0,-0.5866121222586725,1.2501942863070745
0.0,-0.04499302991701322,1.5202829945211753
0.0,-0.272962627699667,0.8334239638437477
0.0,1.4678654416048924,-0.5655027694721823
0.0,-0.16910977783180747,-0.027224337241239495
0.0,1.281064459040601,1.9445551899516809
0.0,-0.686613663415669,1.4679976401690928
0.0,-0.648595996386545,1.5161630956077883
0.0,1.0120664506898565,0.29208510783669955
0.0,-0.33214551377019275,1.520279940698548
0.0,0.220037628682454,1.0810183027412406
0.0,-0.7093525887358958,1.639736435656802
0.0,0.18881423373046743,0.7466055838414603
0.0,-1.1645591057814777,-0.4735717479740334
0.0,-0.528432916850101,0.4897744739214765
0.0,1.2092914394081087,2.0248262057805824
0.0,0.04887468969271003,0.5107171437506607
0.0,0.18017563338322976,1.8915679138933414
0.0,0.250148779285698,1.8341602069684027
0.0,-0.15184393132607024,0.18619794152851948
0.0,-0.47287926598719315,-0.356823584204578
0.0,-0.9205656077568262,0.2422292375445296
0.0,0.2732334445119809,0.34064759045747467
0.0,-0.4305355340138249,0.640366890010909
0.0,0.7960759816361362,1.0450219097531215
0.0,1.7814300118729853,-1.1682218960423256
0.0,1.1449337829405053,0.4345812278981598
0.0,0.802299624786007,0.898641773675547
0.0,0.4166602994219795,0.968494161873141
0.0,-0.4518005179544086,0.08089860402204009
0.0,0.7412826058204848,-0.23437688068840648
0.0,0.3341497483956202,-0.27026959320824806
0.0,-0.8950750705465049,-0.003175032971940664
0.0,-0.10017479253406011,-0.18324519144360385
0.0,0.2920389420703099,0.41065540842104364
0.0,0.5963306737988328,0.41726990976826517
0.0,0.010795710503617275,0.3898696270291028
0.0,0.15244389001618602,-0.16981909949676657
0.0,0.33665692654172935,0.08279094906279032
0.0,-0.7467969677664406,-0.8783808170543427
0.0,-0.35914015496121987,-0.38438834563517543
0.0,-1.0234551154897669,-0.628816961933268
0.0,0.06897562439614388,1.2096552225015835
0.0,0.4502016784277388,1.0491379145771396
0.0,0.9876602620929071,1.8347999991271053
0.0,-0.09837381993900934,0.04333294068647265
0.0,0.26920225088478156,0.8482158816605521
0.0,0.771201604217489,0.16370789131623165
0.0,-0.13499957791907546,0.6059820473969102
0.0,-0.5134393746957006,1.3330161952304156
0.0,-0.6813140826857491,0.8132200223969482
0.0,0.2962622760644464,0.3051944629466215
0.0,-1.2708269270209203,-0.1869992233045288
0.0,0.7359815524694759,0.8252660871981544
0.0,1.7166828112490886,1.6408301017899716
0.0,-0.8940689978477586,0.78645761437231
0.0,-0.13350169512531088,0.9891140351126309
0.0,-0.5708658327331766,2.4999577474087444
0.0,1.4561776194730873,2.1472775437056515
0.0,-0.7735074184030118,1.6757984488735158
0.0,1.157634290334879,-0.7577969270743895
0.0,-0.6251233370692293,0.20401048042760428
0.0,-0.06397669656375847,0.7452253520647665
0.0,0.3192054050957521,1.1169041277387846
0.0,0.13023507675116372,1.4092000687713035
0.0,0.5128571684321365,-0.5221454021079951
0.0,-0.07786356680464505,1.1421788362464007
0.0,-0.01964395090245582,0.9908087675957057
0.0,1.158327594261265,1.9970788762516325
0.0,-0.9093023472650478,1.3511193293352313
0.0,-0.30005952164671795,1.5863549334884988
0.0,-0.5740367935712463,-0.46513812484668554
0.0,-0.9718054120612432,0.006259292775630194
0.0,0.8541305499898478,1.0327787601099145
0.0,0.033209778183515885,-0.007409178406696518
0.0,-0.39775261599920825,1.093720993414232
0.0,-0.10535840815353253,1.3987147482273221
0.0,-0.5920760232854928,2.30901851148911
0.0,0.1778327681777899,0.2624817530400069
0.0,-1.1641938190007495,0.05391023519717705
0.0,-0.8909062172012502,-0.9052324333665914
0.0,0.16863907373143505,-0.14020108266090275
0.0,-0.17493364696461985,0.531593210395656
0.0,0.8907675311408334,0.7296765243716612
0.0,0.7664820761080304,1.8565821602647996
0.0,1.2592031938267056,0.27068730982765454
0.0,-0.38365756439035514,0.7986173979443562
0.0,-0.5329182849463319,1.342932686617259
0.0,-0.9519728355065781,1.121505081597316
0.0,0.3141103439435703,1.7575453825639629
0.0,-0.2252140876588804,-0.013344328285375188
0.0,-0.4260685828249474,0.23238546187005119
0.0,-0.10514213155164395,-0.12900857028232277
0.0,0.6946791562609568,0.6597700811148546
0.0,-0.7677426137135046,0.4829148175322045
0.0,-0.6748020313102905,1.1747139232881714
0.0,1.6676355971282155,0.24320737252843774
0.0,-0.6265523084685863,0.17584887987369047
0.0,0.7504341459684567,0.27190863709041074
0.0,-0.5722520512660061,1.094823034374177
0.0,0.5343903512455445,0.7184173011200714
0.0,0.3413317102437782,0.7241769187021457
0.0,1.1457456326051807,-0.13398164215639552
0.0,0.6149551315218167,0.34302637310819645
0.0,-0.3278442766081418,-0.31873259710840623
0.0,0.40058612329500165,0.5053641319351181
0.0,0.6922295303920221,0.7078554671254476
0.0,0.0841054827392278,-0.18746236272623665
0.0,0.2703601988372028,0.14953381298022903
0.0,-0.22213041196891115,0.11286779497024374
0.0,0.7594268716744732,0.5122314486335279
0.0,0.7092960352225346,0.11989879706043594
0.0,1.043033798687829,1.1976757850063986
0.0,0.19828688359456464,0.7135988081637009
0.0,0.3271815480402381,0.6495962306745099
0.0,0.5799811642756635,0.9869177195499859
0.0,0.2247578274826777,0.4261228667101417
0.0,0.8403493992362975,0.71516892458354
0.0,0.9845764480635363,-0.3197119249679823
0.0,-0.5418290122735956,0.4644120796165637
0.0,1.7755292704598624,1.218648654584711
0.0,-0.993276680021935,1.6915318727669328
0.0,1.1145041626694714,-0.4210360990460312
0.0,1.0238099531404712,-0.7484990102379897
0.0,2.009168485256393,1.3196140408820816
0.0,0.39638516902547,0.6156591149873873
0.0,-0.009858919611265133,-0.4744364317140829
0.0,1.2031521730256045,1.5130563143333182
0.0,0.49828134457406414,-0.17580190495875803
0.0,-0.5004773053039482,-0.2567612089280934
0.0,0.06364854109332384,-0.5036504169247695
0.0,-0.7553271077148196,0.16304204798451893
0.0,-0.5548947495511561,0.878863483958692
0.0,0.1293149819619089,-0.8855574561161571
0.0,-1.318376742306287,0.49866099417351545
0.0,1.288390099105574,1.5561279781719057
0.0,0.5371654120102031,0.10976599619801823
0.0,1.7840295878774408,0.18524566357276318
0.0,0.28167481459703814,0.48412799951630353
0.0,0.13228290784937777,0.08306409293382509
0.0,1.015091169730972,-0.37234127488563507
0.0,1.370208150310214,-0.4386791505169376
0.0,0.20723240361220494,-1.2674031468652753
0.0,-0.042747967093524415,1.1843212462602022
0.0,-0.349981354078975,0.9394382527837687
0.0,-0.42866353203425406,-0.783946063468344
0.0,0.5861297876887139,0.22316000383264575
0.0,-0.2337667715727847,0.3408442443347723
0.0,1.0770737087542686,-1.2434348696323183
0.0,2.2252536977901736,-0.32079494420150917
0.0,1.5136734959359683,-0.6729101200515772
0.0,0.6149795652505613,1.1230980362258365
0.0,1.3894366457583667,-0.2655312733645883
0.0,0.7135420166790727,-1.1681478212750749
0.0,1.5911898731283094,0.7010975351500416
0.0,-0.34600770940322223,0.06139387533393278
0.0,-0.48015631811254983,0.16316448336312386
0.0,0.6617183438788086,1.3438065409481852
0.0,0.8242845188409782,-1.0941947084740986
0.0,0.7576835824174272,1.564170554184016
0.0,3.3176023329576805,0.965540462268637
0.0,2.9677065689576874,0.8574770809137436
0.0,1.1021840143346155,0.2796464377092798
0.0,0.568437699900837,0.9826616035536606
0.0,1.037323570638658,0.7430496559962857
0.0,-0.21578978151272307,-0.14988825782933102
0.0,0.3712540948781595,2.004504037075379
0.0,0.6543615508323823,0.35714437489691825
0.0,-0.272385251964748,0.7178569014053037
0.0,0.9173984985242613,1.3733040203264435
0.0,1.883391862258271,-0.4309220593002366
0.0,0.3050619336988895,0.5821957075291461
0.0,1.341224033698541,1.6998009933275318
0.0,0.6236598082682807,0.7904317412544895
0.0,-0.6897670611988153,0.2930931377423983
0.0,1.3434931208066132,1.797684052721695
0.0,0.23272970104894913,-0.13937673401186015
0.0,-0.500002711408184,0.7363674058269528
0.0,-0.9990640610296609,1.0413766420622383
0.0,-0.7385593129645006,0.013230404225024786
0.0,-0.7461562062954443,0.9826940915621468
0.0,-0.22969758738706633,-0.47490711201513636
0.0,-0.09843100419936068,0.4936396245900368
0.0,-0.13194711703500744,0.12762937624097717
0.0,0.20474030058586137,1.549256315452029
0.0,-1.8986898417201143,0.8514272576341613
0.0,0.1770934971723922,0.7134505859667096
0.0,0.7625986570680592,-0.8722888900400435
0.0,1.2869213501870063,1.2281491793344852
0.0,0.4244081187206299,-0.4565952648917277
0.0,0.09514034722635997,0.2221241430803237
0.0,1.7586438784745915,0.17946584208209113
0.0,0.23709989412181007,-0.8417556110731922
0.0,1.3635483673884448,0.494926322890148
0.0,0.22678125056078488,0.310517846927182
0.0,0.7477088406822116,0.3992409762693524
0.0,0.7685291009924152,0.052378106227309505
0.0,-0.06485226625092776,-0.13736670094902187
0.0,-0.10430611297076953,-0.4277058075531305
0.0,0.6350734203350469,0.8907741893283073
0.0,1.4387850226674352,0.06398168577899423
0.0,1.2307650921920479,0.9862134410145302
0.0,0.8512807798998591,-0.1486139931429224
0.0,0.845426261571208,0.3940763827438127
0.0,0.4122997570736659,0.4766216664704498
0.0,-0.7527399547223065,-0.6021486113895544
0.0,0.2529860057248466,0.8199555429836172
0.0,0.8663564361942195,0.44220369891574945
0.0,-0.579111687264244,0.6670900628143948
0.0,0.26155436109432606,0.9040367320900369
0.0,-0.27149694333495505,0.37381147422432626
0.0,0.019377986977957173,2.7655750879909498
0.0,0.2770504142756431,-0.7711691761564867
0.0,-0.0791213693786221,0.15272608709337387
0.0,0.8210822987469046,0.052259555339831607
0.0,0.5965971138968339,0.6336492076887942
0.0,-0.2516057938781005,0.4889263911993264
0.0,1.4218485780497654,-0.30937600249667885
0.0,1.6900146473843016,-0.20316838980332336
0.0,-0.7120816942701105,-0.18212281471078595
0.0,-1.3557780374423394,0.5869067411806871
0.0,0.2165191457111833,0.8237696828610853
0.0,-1.336094581431273,-0.5467222754193023
0.0,1.0034103720739602,1.0426762645996381
0.0,0.01623509719328132,2.226369799715301
0.0,0.8164774905778526,-0.8628978713977487
0.0,0.4143389905508954,-0.9244468119098249
0.0,1.007405046167893,-0.506679430468158
0.0,1.3438395017574407,-0.6530059787627254
0.0,1.0790719150917525,-0.4267965059707667
0.0,0.4440613122661287,-0.8100233721037537
0.0,1.0416882146068003,1.2494783379330547
0.0,0.2237783533892289,-0.23445264577684927
0.0,1.6506122413002264,0.18919524562118673
0.0,-0.15695215526813328,-0.5544487133651843
0.0,1.5324081059926742,-0.8427511504093823
0.0,-0.5493724234527364,0.5163877419407282
0.0,0.21046978897732782,-1.1856257540408701
0.0,-0.043720906878502254,-1.3156025603210513
0.0,-0.03834340977023708,-2.193277579457316
0.0,-0.0673587363884839,0.01636795957420143
0.0,0.6313712638737866,0.4123480363082601
0.0,-0.5384413149031483,-0.456912702718735
0.0,-1.2270332227692595,0.4609518685798998
0.0,0.32196342799752037,-0.7425511961733695
0.0,0.2586935040881424,-0.502220438675064
0.0,0.7201256963397193,-0.011133034691616582
0.0,-0.5657946028523776,-1.7128207591340923
0.0,-0.1487508208966618,1.7249525156520338
0.0,-0.8114542000456223,0.7796346750887988
0.0,-1.1377908994433155,1.0867947872816923
0.0,-0.15564745269129132,0.6303926666340781
0.0,1.108037838633392,-0.06389580267215526
0.0,-0.44257484993422147,0.48542497012721
0.0,-0.29261862132876554,-0.19927504889253175
0.0,-0.03332289688939106,0.8907433512608836
0.0,0.5583584240154057,0.11620123488818207
0.0,1.5215304123353282,2.5476842671960145
0.0,0.1177167224931913,1.5106776007123373
0.0,-0.0559541366945967,1.2043076957688688
0.0,-0.061568533865130795,1.637199226575201
0.0,-0.44689405607070753,0.475442429402069
0.0,-1.4695781801653796,0.9120606756188604
0.0,0.630719332080267,0.9460042516112347
0.0,1.7451250056791785,0.7148853513346918
0.0,1.1024847547459737,2.3358168211620045
0.0,-0.05507490524111185,1.2797054645398414
0.0,0.23108805309260033,1.4270377759806439
0.0,2.054319250247282,-0.11140092377077376
0.0,1.4742455446873128,0.1432933698409333
0.0,1.400819160793806,0.18960204459408292
0.0,-0.6455017975196587,0.2710341335790041
0.0,-0.15405687797744513,1.326479091512502
0.0,0.5918934086726093,-0.11430016135183767
0.0,1.3135446992223883,1.4058934499206523
0.0,2.6550350572392674,0.48494308108737805
0.0,1.91025114990569,0.6518703203429945
0.0,1.1844261197466717,1.067678801973801
1.0,-0.07648269674494053,1.8101786060019502
1.0,1.0622567317985252,2.716484662271952
1.0,0.4656766601231271,0.8566804378776032
1.0,0.8895416415988446,0.7937825436497711
1.0,0.5882841777400815,1.4995186968192304
1.0,1.2648442635445598,0.0811424198680817
1.0,-0.1340739202516746,0.67933105176944
1.0,-0.23239829062456677,0.8552297404098625
1.0,-0.5628266203918473,1.8245443259268659
1.0,-1.1925751846268917,0.43507976408648275
1.0,0.4151139619103108,1.046549703500419
1.0,0.6860965947254992,1.9664065994341928
1.0,-0.043594794564694526,0.999279579164796
1.0,0.4142174827719402,1.5723855303615257
1.0,1.197803134765301,1.6565769913716375
1.0,0.42932409303161095,2.190371146763657
1.0,1.0182469890795252,1.682591908796821
1.0,-0.21446414864527233,2.3541491847375267
1.0,0.2381636606578266,0.7158715453033118
1.0,-0.26483433027952574,2.1794682170441146
1.0,1.1481324347548967,2.596082055316708
1.0,0.6987932406205174,0.801682156059103
1.0,-0.3144671761846017,0.9362052447763731
1.0,-0.46822531006925433,0.7387033668903378
1.0,-0.03945535953526523,1.7646756282631946
1.0,1.0419264177583027,0.5542252806562685
1.0,-0.9354817809903012,0.14650539544302058
1.0,0.23200919341375104,1.2466556207394355
1.0,0.7200988251340882,1.4253428177616092
1.0,1.2734442346964454,3.6636586841743863
1.0,-0.2814179653931316,1.7871469269016362
1.0,-0.11234652956966223,1.4021272474689468
1.0,0.9010166212029763,2.456791270008129
1.0,0.8680309880687698,1.1593011196098126
1.0,0.07182024693812625,-0.9462559258497155
1.0,0.7074596540365469,1.800366045688813
1.0,0.6646988392732551,2.790728282517879
1.0,1.836067743382577,0.7292139773454444
1.0,1.3310178132141723,1.1427707076690794
1.0,1.7890261031410832,0.7083567900872588
1.0,-0.42925066802928147,1.7428889168049337
1.0,0.5055078111257884,1.5524350819785921
1.0,0.739873693095718,1.1569351199638784
1.0,0.5085118101902437,2.6105055435339386
1.0,0.26374347150742317,0.9697077274344824
1.0,0.6297558304164405,1.7932400379670634
1.0,0.17105372019635312,1.0013459500590827
1.0,1.2478696049865186,2.1945079337465883
1.0,0.9937060933689067,2.71361035327057
1.0,-0.07801295409089334,1.6231739899708315
1.0,-0.15202700889580975,1.062235057862236
1.0,0.6184030078050704,1.775473735339987
1.0,1.0750891856734217,0.08319586859841024
1.0,1.0369698968597618,0.902080165157866
1.0,0.6958022800115817,-0.2513215451325944
1.0,-0.07562697177777467,1.3385600709471632
1.0,-0.11615141663589108,0.17809413225281998
1.0,-0.06344670227983924,0.8987203304063338
1.0,0.24913048901936374,1.2634675594866136
1.0,1.4139321701161671,1.4201836472805214
1.0,0.7325091199414309,1.397835203153097
1.0,0.5834460097410239,1.8861234876792237
1.0,0.07165140429040955,1.2081526117330321
1.0,-0.655455756167032,1.7799440597546408
1.0,-0.6071624049946435,0.6714973581539377
1.0,0.38761514498423594,0.2843662461541227
1.0,0.8884430120036906,2.160533208105899
1.0,0.9713230850486676,0.7235742050412907
1.0,0.8791024299548276,1.728067366979211
1.0,0.20118991736842265,2.6244891545532805
1.0,0.6527735637507456,0.9331237294894204
1.0,0.13291626489478103,0.6271435952645956
1.0,0.32950665504303117,1.9275986079390839
1.0,1.1216538449351148,1.0775871289176975
1.0,-1.952822680436456,1.506439519615155
1.0,0.5232210722092616,1.8854460403848867
1.0,0.5508126935942402,2.8950603889549846
1.0,1.2798358389493862,2.011895974993717
1.0,0.39327114805471824,2.347224498895549
1.0,-0.593342745646005,1.7173369991666185
1.0,1.2430310389612862,0.17772286636987275
1.0,0.5709158883077902,2.71662091374271
1.0,0.45658157323878357,0.8788951841768667
1.0,-0.25143936720570076,1.2109005808616145
1.0,0.32806428925414155,-0.18334105862426534
1.0,-0.16328886520583194,1.3834805813944173
1.0,-0.9915306673457517,1.9124425944397074
1.0,-0.043339292825052875,2.4985954101244188
1.0,0.21143268818696082,1.918724373092503
1.0,-0.3287407524594422,0.7250897429945797
1.0,0.5875234884037899,1.927780458322128
1.0,1.5364370902604363,1.9650246268409512
1.0,0.6366216845452172,1.2911494582917458
1.0,0.6064231952240979,1.6488151902385628
1.0,2.322453888128456,-1.7219216505214874
1.0,0.5457855241806869,0.6630055052368646
1.0,1.2846673152315176,-1.1582518789248488
1.0,0.10303988552043145,2.7225446898594186
1.0,1.2930431232002118,0.42149828830438946
1.0,-0.40591032748039924,1.8230583534787792
1.0,0.04922132827145063,1.37527015384309
1.0,1.4096135729224328,-0.1895117286768695
1.0,1.5203256174452426,1.2586854900288396
1.0,-1.1188451861612723,2.7217567959091293
1.0,1.2543268824369163,-0.025419772113548168
1.0,1.2802441026024587,2.099489961785241
1.0,-0.11278918405302484,0.9964102064354725
1.0,-0.29702964545944355,2.329131869209563
1.0,0.21197109712900694,2.3555353261912146
1.0,0.14185524562921123,1.1128257529970524
1.0,0.13674094081654353,2.183204353352908
1.0,1.2654486712104294,2.0160399506362725
1.0,0.9942062366644615,0.7716319630846555
1.0,-1.1625369820570304,3.215238000172274
1.0,1.35818174642097,-0.14583714577059612
1.0,0.6120173725282961,0.944840896272186
1.0,1.523713964990005,1.0507683166896962
1.0,-0.14002195755399413,2.85733181333737
1.0,1.1983084884029025,1.579794731359203
1.0,0.405914673214859,1.8648829900881898
1.0,-0.18565081924776344,1.7742611255412242
1.0,-0.48068902854906076,1.6753491405018364
1.0,-0.2710613947187579,1.4217554627929327
1.0,0.7217028498776679,0.45703220770009817
1.0,-0.3236652006183517,1.5036888424352357
1.0,-0.1467354197437297,1.7146301130662722
1.0,0.2751474872197927,1.5613637685323585
1.0,0.22052395515442083,0.901415962732679
1.0,-0.31964954486050273,0.7335503699076034
1.0,2.2648876775421565,-0.10532246035728522
1.0,0.8245302063502173,0.7059920495661777
1.0,0.8997506820903803,-0.1846226376676164
1.0,0.35997675543805124,2.4616512704421196
1.0,0.6072367364184744,2.037450538640794
1.0,0.5496412811355084,2.671763139969718
1.0,0.7595892466867937,0.8822746380738877
1.0,0.5912504673492522,2.362952670762931
1.0,-0.178909394895366,0.23326392029047885
1.0,-0.5226353560334199,1.940072156085836
1.0,-0.37223688673513733,0.9682940564107678
1.0,0.8940544439803947,1.8079649946387302
1.0,-1.0835798236561625,0.9591367592073994
1.0,-0.5199455155988445,1.9925307457750925
1.0,0.4225021658314002,2.130602979466138
1.0,1.7194732405195947,2.993057193547338
1.0,0.33032267662434217,2.2157050178017976
1.0,-0.13641865028941566,2.2247025295774834
1.0,0.46085874225826595,0.7182044489759383
1.0,1.0415617868152713,2.397499916838492
1.0,0.6685758796554724,1.2229078593512759
1.0,0.2126839896231973,-0.18918049520274405
1.0,1.2937142721948494,0.5244932779387479
1.0,0.24818594950907952,1.4184445594763904
1.0,-0.21571286495438777,0.6603839667055749
1.0,0.9584660466221201,1.6018339216076458
1.0,1.5465546967336974,1.107772874488543
1.0,2.032450251096483,-0.8697245081475291
1.0,1.0611904735427262,1.4766949605399662
1.0,0.7597944923487286,2.4165802588013214
1.0,1.3536566020679481,0.12731839263849817
1.0,0.7703505533133114,1.2753031845803953
1.0,-0.7005131404690302,2.224766784714596
1.0,-0.8029639578901756,2.6942917270880797
1.0,0.21776540068161268,0.2237760012408337
1.0,0.33407931388968015,1.0764046199088475
1.0,1.833936531217012,2.3529519107845807
1.0,2.7200962398354473,1.3144670392009317
1.0,0.163028521542648,2.2125000838278015
1.0,3.3720379237635947,2.2658477576168377
1.0,0.26630927496452145,1.2416845702684443
1.0,1.2052038697230856,3.1552431573881257
1.0,1.1614979328169688,1.9911902544185078
1.0,0.6547172893145776,1.1974949891175461
1.0,0.6350895028816229,1.8199705913528763
1.0,0.9272530473823075,2.9986129275542788
1.0,2.738613932592728,0.8018094298893185
1.0,0.656412448819759,3.037256741878103
1.0,1.8822638221553436,2.358231331323738
1.0,-0.5687972226861069,-0.5606647887513698
1.0,2.426738280389781,1.6642312905850574
1.0,0.5092959810039553,1.593694597541624
1.0,0.6672288007319749,2.078929963439149
1.0,-0.8669662792457838,1.2318922772288845
1.0,2.339716491133664,0.7410583916051907
1.0,1.0605074222996376,2.8899985388287464
1.0,1.308113769803422,1.4649457099923229
1.0,0.7349514138484621,2.1022273209565
1.0,0.7100047945304787,2.8076333122353048
1.0,0.8339612149020751,2.2438205467735908
1.0,2.732126489796467,0.2509981898027334
1.0,0.017506433026674303,1.345229089328699
1.0,1.3130572661354942,3.522264750598653
1.0,1.8565250107199605,2.25024276178609
1.0,0.04573031178667817,2.080007790425324
1.0,0.09883468515767291,1.8094681846924372
1.0,0.05385508609995085,2.0083019830994773
1.0,0.6694496411015312,0.6894796168237352
1.0,1.8845154543368723,1.0211324729327558
1.0,1.7842547808592901,1.4730496870151049
1.0,0.7716850381468258,1.2514893211522333
1.0,-0.768825301877345,0.2392559799256414
1.0,-0.5706003167829333,1.0329576203950568
1.0,0.713663884690535,2.2789855505043706
1.0,1.3825167810253571,-0.4940198199423595
1.0,0.053964699052297144,0.6603177187672198
1.0,3.361781795768937,-0.9364035636330408
1.0,1.089896786720929,0.7393869066627932
1.0,1.482089776925845,0.24159588918782354
1.0,0.630674087666878,1.2675282708805247
1.0,2.8419819211833794,-4.761850490451674
1.0,2.0372990144602015,0.4411774025409127
1.0,1.9733850509736477,0.9448740086745456
1.0,-0.3397127770492522,0.3018258162702461
1.0,-0.3277055686025242,2.3282839524846493
1.0,0.1807104080050561,1.068668737669633
1.0,-1.0265661168214075,-0.6220728241171833
1.0,-0.2445274191349877,1.9448321803501887
1.0,-1.314422503426557,1.658735526157708
1.0,0.4354610446091732,2.6764343276064646
1.0,-0.3449003633840613,2.8722723946548707
1.0,1.123291824483472,0.8288239554945611
1.0,1.1060326466119552,-0.07932394609530606
1.0,0.7686111481804838,1.284354467240733
1.0,0.6229797344662206,1.3623604424336044
1.0,3.17572799628172,-1.387953900340374
1.0,1.0029385996769178,0.6707580243122656
1.0,1.722480597819374,0.41627299963256087
1.0,0.36396529522248133,2.2088940747283807
1.0,0.6855192242501278,1.4996588425094806
1.0,0.43992473028375717,2.3908749064734707
1.0,0.24794782332527346,0.81347334471328
1.0,1.466936312713242,2.607185273137921
1.0,0.6092743675181397,-0.026669279947984022
1.0,0.12185690371545682,2.476121106245484
1.0,-0.030899166718377266,2.123481869046074
1.0,0.9808252475462349,1.1836294344989695
1.0,1.0165388918120413,0.45816856747671403
1.0,-0.21832567759601576,0.8514508536746258
1.0,1.0848927794845382,2.398470340526789
1.0,0.04580618405046123,3.2570132070827182
1.0,-0.31317234874998806,0.9423473647194056
1.0,-0.7841727124602085,1.7851366866141916
1.0,1.9516408901411333,1.6268882716394006
1.0,2.4949137109682806,1.9350294389923828
1.0,0.37158172466493977,3.118836048466528
1.0,0.6323143189105868,2.3884660385665284
1.0,1.4886615920694548,1.2799858623426106
1.0,3.5241065057815346,0.3771452246662156
1.0,0.8791178341670941,1.4240575620269351
1.0,0.03918426682973686,-0.5731475887547067
1.0,0.7947146977771493,2.732237720419034
1.0,1.7352162927886423,1.8618362296765067
1.0,0.9902768157104178,1.7045920000175006
1.0,0.27037549179023945,1.4595923241433357
1.0,0.6786173985406792,-0.11655584799748829
1.0,-1.3749343800888483,0.14358058796259318
1.0,2.670489319639709,0.09339151843115488
1.0,2.9144319530175,2.8001386481259902
1.0,-0.09025833099827585,0.8170574551280207
1.0,-1.283991667667745,1.4237288563114623
1.0,0.3373079684792926,0.29294274259246383
1.0,0.7127277419255424,1.9013183318320246
1.0,0.27942420442213073,2.1523364582219617
1.0,1.9827427502393693,1.6195218091222152
1.0,0.9992928177012299,2.4748475397627505
1.0,1.781279910670272,3.085286560090218
1.0,2.659762458350795,0.06701509663251734
1.0,1.4449700599216768,1.7129805536953828
1.0,4.3445597564753,-2.370302889980043
1.0,1.3974851201201655,1.2550276277066306
1.0,1.5012470979984243,2.3700783586020853
1.0,0.33360393744660966,1.3414662541537767
1.0,0.8802360195372254,1.0414839817293042
1.0,0.6493525877984807,0.7288553262227189
1.0,1.9886276162450707,2.50893553749089
1.0,0.5571627397114441,0.6728730287836845
1.0,2.4163444049206673,0.8320630458236471
1.0,1.6023483259071494,2.0392104758770553
1.0,-0.005851318359307883,2.1759493217898873
1.0,0.9838578985065093,1.4664995205146663
1.0,0.6926203025816767,-0.21532958844001654
1.0,2.145078354038611,1.5726040506048298
1.0,3.253979043226181,-1.7615259855761058
1.0,0.40151818625263824,0.8162524931238183
1.0,2.128656680718745,0.5829051466684457
1.0,1.0020255682925703,1.2151170467223804
1.0,3.8102108976211735,-2.445537479542091
1.0,0.5002934425419977,-0.033922206078636656
1.0,1.1224478266948952,1.2461440978652276
1.0,1.6304575181145953,1.2838926019175574
1.0,1.373497855610748,1.0673124858135883
1.0,0.9705494316382013,2.0827026763667003
1.0,0.4515000299550824,2.3692727194103917
1.0,0.7506908913371984,1.0854692684859817
1.0,-2.1425328912483868,1.382962790689001
1.0,1.7440934944204898,2.500534058944812
1.0,-0.5671794552320216,2.286483555141085
1.0,-1.200339790173722,-1.3298370020524648
1.0,1.8614249615383716,-0.11220926590798104
1.0,0.5891162166518349,2.132209457487484
1.0,2.099391684279352,0.3876023963921181
1.0,0.9667335595390787,0.21138234377238246
1.0,0.8215692125293924,3.0168018997807096
1.0,0.7689794650668207,1.2898335472726505
1.0,1.7980454895888274,3.2036852627403247
1.0,0.7853054267184908,1.7701336875872742
1.0,-0.8962476028792583,0.39710137390547834
1.0,1.6548113181186779,1.9758534114081823
1.0,-0.01762182336404159,1.9619569299036506
1.0,0.7081662031212697,0.6237784877923656
1.0,-0.2789781042464955,2.4369994110548423
1.0,-0.804482516690327,0.6089375942348648
1.0,1.4020076073285372,1.1518574481127177
1.0,1.1102748029618144,-0.880193684738592
1.0,1.700453369933238,0.26018144554850325
1.0,0.5525805133428604,1.869311564460897
1.0,1.2945440239827326,0.7836356057604229
1.0,1.5016177606773053,0.8510134557611571
1.0,-1.4599171216021418,0.9049050870605275
1.0,1.7163692861200153,0.9167659099631996
1.0,0.06585557890479934,0.29931012835419657
1.0,0.7445569077774733,-0.027712224235876784
1.0,1.018884779128025,-0.4988813557853986
1.0,-0.25347337401571834,1.7234080734199657
1.0,0.9095834281186125,1.9107677538087904
1.0,-0.029235830786279088,1.1136360170933914
1.0,-0.20371250875556354,1.3888123865135737
1.0,0.7972748893832253,0.5766514734278514
1.0,1.1056228253344007,1.2076295359896128
1.0,-1.197657667422731,1.3525724284020115
1.0,1.6818706151824554,3.536018639424355
1.0,0.3339187169823276,3.1393081318110063
1.0,0.3647101119583747,2.404633917696876
1.0,-1.7654553730236886,4.047777742531307
1.0,1.1153030879239056,0.8066545044066565
1.0,-0.11139048072757476,1.0888585859172017
1.0,-0.09418564937972494,0.7122652938847865
1.0,0.49177441515204035,2.5344855033433307
1.0,0.3270414702943417,0.4849850927193742
1.0,0.8613967956775113,1.2052085641500268
1.0,0.8597730110331122,0.8935693999229544
1.0,0.6340657581709347,1.2636359977519689
1.0,-0.1809762203988635,0.27315550029114605
1.0,0.9143650871302071,1.9785075928552982
1.0,-0.07647471820424183,0.27101815837817633
1.0,0.8052204477600066,0.14226355293740603
1.0,0.014661718791567161,2.690711473598274
1.0,0.9627831450084802,1.7402452066683332
1.0,2.1079765903769814,0.10535044181174048
1.0,0.7258185880177254,0.16423292258710567
1.0,0.888526708252602,1.09881651875862
1.0,-0.22297504664486972,1.057351675522096
1.0,-0.26491090039886156,0.7842892813436612
1.0,0.8181346516006752,1.6113070648587693
1.0,1.332205662501779,0.5528464138968043
1.0,1.313393161915827,1.5426869641871273
1.0,-0.6558142580583671,1.3548817911889224
1.0,-3.1534400515439547,2.6329962289371265
1.0,2.1750932956539684,0.2755960164958953
1.0,0.49996258691982104,2.4987827771108986
1.0,-1.4534696255517714,-1.0274345254481878
1.0,0.9415099524568278,-0.8578478759876117
1.0,0.48404592827761295,-0.6099949830652979
1.0,0.9663495878088006,0.41928051908728425
1.0,-1.9676109254058485,-0.70051245089365
1.0,-2.8266265515995905,-0.49645087039409186
1.0,0.23400351517923376,-1.501343076193108
1.0,1.2972271618372537,-0.6158572820579247
1.0,-0.3208187975615239,-0.4855452722584448
1.0,1.823095883628924,-0.917123412158469
1.0,1.6630792001995427,0.212130188533867
1.0,0.5088463435157355,1.327762979849417
1.0,1.7468527822861217,0.5924068311060036
1.0,0.8329014380764749,0.7645679691581598
1.0,0.7953879181257753,1.002898984972058
1.0,2.511223699493155,-0.9677640405136119
1.0,-0.35752544788713836,-0.06672707846188007
1.0,-0.9441809077977892,-0.6876824591175072
1.0,0.15924830134323803,0.8179060937425735
1.0,-1.1373101920792992,-1.4170916455404734
1.0,1.5864480706303414,-1.1240275876505081
1.0,0.27342892867512314,0.4457283408674399
1.0,0.587711150808393,1.0264404895828296
1.0,0.426122132293726,1.1854261805261261
1.0,-1.3084282775831462,-1.9255431938985912
1.0,-1.4265637123355313,-0.547028356560864
1.0,-0.9493839736375421,1.1485657758559547
1.0,1.3011907435391827,1.1537770890484467
1.0,-0.27373010569027023,0.4269862375617077
1.0,1.1898565748267278,2.1673286903051
1.0,-1.4700897436604425,3.3305535774252077
1.0,0.10593401282544301,-0.9889344667086081
1.0,1.0381976964944761,-0.34994306613162995
1.0,0.5178211492929276,1.5877579464953626
1.0,0.13911754435789464,2.4801999885854333
1.0,1.6944348034289314,1.567352436549209
1.0,1.484819011503343,1.487894404438941
1.0,0.008854965730447372,1.8316346269572428
1.0,0.7212826597049172,4.837243628806368
1.0,-0.3243119965994334,1.3950421447136723
1.0,-0.9416183701433601,0.19245137150605957
1.0,0.866952263759799,1.4123239675388068
1.0,1.7195612479470312,0.15125852318547142
1.0,-0.4473207608944884,2.1464310064032897
1.0,0.13839640297943825,2.4601240743160813
1.0,0.7361283458382629,-0.045854472877021844
1.0,-0.35886284462378326,0.9117547280800654
1.0,1.1241789337325638,1.8463871742396971
1.0,0.2813411128113941,1.8669743741236258
1.0,0.7543097026668506,1.4970998127905129
1.0,0.2055358139896484,1.9229481010437044
1.0,1.0457178736062862,1.782889589123031
1.0,0.31258557934266284,1.2702438766763036
1.0,-0.27462129712797034,0.3967079852692569
1.0,0.5586191713823723,1.7818965284791424
1.0,-1.1238177574682067,2.4008201341598365
1.0,-1.956527795898983,1.2003138002665203
1.0,-0.3943834139366383,0.7796156498185928
1.0,-1.1796206384960097,1.9432060972830683
1.0,0.20381051444593268,0.8506110828085102
1.0,-0.15273675705137327,1.0369069413536212
1.0,0.3673251306614735,1.415424322301543
1.0,-2.088676078253033,0.33268722661131067
1.0,-1.6418660779229086,1.1284937978775889
1.0,0.1907383947978632,0.6794584691808132
1.0,0.30744570316879893,0.584801441291806
1.0,0.823274984519202,0.04383216948175048
1.0,-1.0945477054524813,0.631848689942055
1.0,0.7289107893457547,2.9414267873384445
1.0,-0.36032359469606096,1.79619170877683
1.0,1.1368651406745562,1.6348938946377314
1.0,0.44924464026378264,1.2671586151297307
1.0,-0.5211109998188618,1.4817100787476856
1.0,2.166613042240307,0.9180279956262006
1.0,0.06137300660742134,2.0114681092358313
1.0,0.7723242625039425,-0.8237264276596769
1.0,-0.037976591466019886,1.0437223384156675
1.0,0.5160375471739095,-0.23905395042938635
1.0,1.0655853563725641,-2.13742971630076
1.0,0.23813060830807456,-0.9006920679472041
1.0,1.528989908491111,0.2449415167586072
1.0,0.20149704616432498,-0.4859191979222167
1.0,0.4202252348004147,1.3253462189749863
1.0,1.46821464174493,-0.5178291808385093
1.0,-0.38441850046349973,0.43496230799111146
1.0,2.065442698747311,1.5559927908561273
1.0,2.010490230509057,0.8121431399981485
1.0,0.09848227122859135,0.7992093802634999
1.0,0.12696968068901582,1.1161115322129695
1.0,0.27253940829830753,-0.2432842734269163
1.0,1.7665173799705536,0.464871232632932
1.0,1.1473937505248502,1.2777853114516482
1.0,1.196983646295436,1.0032762496089924
1.0,1.2128509512137824,0.533969385053594
1.0,1.8736933060738417,0.8894050391427611
1.0,1.6374224182816821,2.087332265761379
1.0,0.769183757877653,-0.9222246057102558
1.0,0.1110195902093029,0.1682995598157064
1.0,-0.46909913495255934,1.478269777457268
1.0,1.3523777949891518,1.6772532141057541
1.0,-0.5219172693983188,1.724836411887125
1.0,0.5929833928700675,-0.73977731182158
1.0,-0.5027690266942345,0.2782466303050112
1.0,1.1875081378929102,0.9315748316520417
1.0,0.43707402274395357,1.2196803727217118
1.0,2.0364000274589498,1.0380742301014747
1.0,1.0540743233344183,0.9503784311456651
1.0,-1.319403947020707,3.7734423580156506
1.0,-0.46394667365202574,2.4164116852145523
1.0,-0.8738385219866721,1.4177079013042062
1.0,-0.802313219935712,1.8147943320790398
1.0,1.1877094897050338,1.434803015949278
1.0,0.813592146631854,1.5581451865500429
1.0,-0.33258319571481426,0.092724648752731
1.0,0.775552915502197,1.1879216672017998
1.0,0.7385877887989036,1.8819293868531042
1.0,1.9760727274272023,0.7990373068859413
1.0,0.32541579372548124,1.105694472613761
1.0,0.6071258747741237,-1.1690373499337752
1.0,0.4910981560888294,1.1521477907269386
1.0,-0.1926037091610422,0.8938439673843872
1.0,-0.319919410327953,1.2174425605845498
1.0,-0.5871645624888888,1.8790335791662667
1.0,-0.16378756022927046,2.3850393193183925
1.0,0.8833793781479136,2.3435668489358847
1.0,1.1755198377182279,0.5082972316894488
1.0,-0.10558333440987275,0.7359054103696832
1.0,1.475175484199454,0.7450225836799652
1.0,0.8910470357999889,2.1475909974100986
1.0,0.0948733078981913,1.4796790822321686
1.0,0.1487111315251814,0.9699835365480403
1.0,0.4128766433415862,0.46378306018546933
1.0,1.1034259565408508,2.3634037254712217
1.0,-1.2203176397660467,0.2470759520709656
1.0,1.3653324456595362,0.38095778193257135
1.0,0.7717906281153324,0.8854415578555144
1.0,-0.9166538144646411,1.3279598190448259
1.0,0.015303901885470891,-0.11333591033916939
1.0,-0.4171902950076706,1.0872151093655142
1.0,1.3142001894015758,1.1497466303146773
1.0,0.10054759315323498,1.0608283238951823
1.0,0.7644028946304692,1.7130534828191757
1.0,1.2476716904677778,0.7449121808224946
1.0,0.8502558807735873,1.5898558326345966
1.0,0.6199482980219545,1.5718866104437936
1.0,1.68023739894362,2.231906500184315
1.0,0.751765795486653,-0.8032337345411307
1.0,0.5135669739146831,0.9495195736588622
1.0,1.7360058255406334,1.188361896503361
1.0,0.7189978516285765,0.5548341132507428
1.0,1.2657496077786488,1.5593267951856151
1.0,0.17209473488795227,2.0372951962692465
1.0,1.7215503322958454,2.2739686556396914
1.0,0.3514201197492199,-0.5022647080559428
1.0,0.9287696593612167,1.699244938532832
1.0,0.37876978876055806,1.1964271119022338
1.0,0.5265365466685521,1.2601665341665922
1.0,-0.9176349013667005,0.918290477769186
1.0,0.5171992739702511,2.126592279991259
1.0,-1.8487321675196304,0.760542962650073
1.0,-1.240650124044561,0.786393976647568
1.0,-1.1511861744514778,1.6158446145905887
1.0,0.9527413587822104,1.866732113224761
1.0,0.38644767612406045,1.3684829295387047
1.0,-0.3510091325816398,1.8817168787553729
1.0,-0.5750663118584651,0.5314072150586483
1.0,-0.20627291853826835,1.1646203442998833
1.0,-0.5413944341829506,2.0050990497765726
1.0,1.5954218135077938,3.3675961843505484
1.0,0.26737126387812843,1.5019026816693608
1.0,0.6861735433375213,1.7500450344858343
1.0,0.019065885437474974,1.561204979018337
1.0,-0.23421594758267508,1.6543085539876294
1.0,-0.010219096216390392,0.019319781701083456
1.0,1.6052822649286738,1.3138225176179137
1.0,1.4232190352879808,-1.1538909654362313
1.0,-1.6926171195079769,1.261154962472774
1.0,-0.704399382772874,0.6623967641976116
1.0,-0.5848568534623672,0.8382653223875786
1.0,-1.082229849033725,2.252231743117589
1.0,-0.3158500178686197,0.9808779605958067
1.0,-0.9822138323224705,2.739506410154595
1.0,1.548434921864592,1.759311284799771
1.0,0.22243485319834813,0.8762256535612757
1.0,0.35958001345677787,1.4942726570310596
1.0,0.3711834741878361,1.713274778490623
1.0,0.10613143482588981,1.566587876912427
1.0,-0.15837822983848512,0.8811465777650149
1.0,2.1792737607625607,1.9319343483646267
1.0,-0.13328117744651957,1.2197386590625237
1.0,1.389560163926564,1.0908332365902411
1.0,0.4953122018797428,1.6181293122152363
1.0,1.9249592332689371,0.5794385491329984
1.0,1.9985634656445856,0.6945665908791688
1.0,1.3266621089091515,-0.2826358634169927
1.0,-0.5685102513890026,1.8252184440700794
1.0,0.7688631411435457,0.6098023858626351
1.0,0.8150138530660318,2.263437788249811
1.0,0.37242652069636567,1.5968373773780093
1.0,0.1326966266243169,0.7922020714402626
1.0,0.6104913819285233,0.976471426901594
1.0,0.5561405543361947,1.8608631324290053
1.0,1.5624739838590962,1.4882514178247515
1.0,1.8652557224812552,-1.3869724783705073
1.0,1.0356505726643832,1.5056434602655508
1.0,0.6748122640794832,0.40034190945877224
1.0,0.5628369470536768,1.5945642252370913
1.0,0.029766510113977455,2.8422158186878486
1.0,0.8102085740216904,1.4051350036742873
1.0,-0.4203409227121663,1.132278300425492
1.0,-0.7175514793358118,0.3742232190066054
1.0,1.6243078998693166,0.09647203900726994
1.0,0.945006688122698,-0.6405207094554661
1.0,1.132387221094591,0.823026390466678
1.0,1.1873549229835314,-0.42330465113203253
1.0,-0.6860007230821746,0.9774304236209842
1.0,0.9165390235903103,0.004546134514350233
1.0,-0.815046477454844,0.71723296616536
1.0,-0.5699188556115122,1.180569233989115
1.0,-0.3191984844391591,1.4903256708023458
1.0,-0.45001784300623404,1.537152885245329
1.0,2.212482192827785,2.319346193612516
1.0,0.7445156017525142,1.078251591175696
1.0,0.5914033383094612,-1.6985630552369009
1.0,0.3678405087165903,1.7661429111529903
1.0,-0.03581009185458297,0.9418824136000807
1.0,1.6166176128521932,1.6515548411848548
1.0,0.4321837168088777,1.7437452140444127
1.0,0.5024059913260338,1.6772665059601908
1.0,-0.1977695340606013,1.476125761548544
1.0,1.1211532503263357,0.029179867886985095
1.0,-0.5807432060766411,1.2705685383423262
1.0,1.829323986213027,1.5844485633833667
1.0,0.41318901505444666,1.3631843951300135
1.0,-0.48482522506012293,0.9134468021663386
1.0,0.007048203370997294,1.02788483596596
1.0,0.32316991782557747,1.8951968898150342
1.0,0.38728337708270594,1.3660469336912722
1.0,0.30364790664398117,2.636272075240214
1.0,1.1264144855433695,1.8185297312258042
1.0,0.6403937490334938,0.5226652876464708
1.0,1.2259624821034176,2.3368646618982534
1.0,1.126870413022165,1.3169809614568255
1.0,0.8280484792536917,1.4057487828362665
1.0,0.5279900610112863,2.7298801696433608
1.0,0.8205885026658691,3.068663578844139
1.0,-0.5863396475535961,1.5130877143976784
1.0,1.1474785663594609,0.9964936613884021
1.0,-0.3750793433670048,1.3856835012812894
1.0,1.6407022819652402,1.871906512016933
1.0,-0.305815302238109,1.9694756929510813
1.0,-1.0212284594495469,0.9689607479917581
1.0,-0.07268861880544267,-0.47864931982101094
1.0,1.0896617758156313,0.7358583735659517
1.0,-0.35642482491191013,1.299910211859794
1.0,0.38585495922605095,2.6918344955858236
1.0,-1.3575913729798008,1.2558177480128176
1.0,-0.3246601513538012,0.813970606809923
1.0,-0.9351286241740411,1.361863857430267
1.0,0.48144242420932853,1.5295848474663591
1.0,0.9633404451679927,1.0716297930173255
1.0,-0.3315021835885601,1.4845089982382031
1.0,0.07175419917198858,0.03301241383460573
1.0,1.2372492765078276,1.1728747909206843
2.0,1.621577027220553,-2.0187319190347672
2.0,3.2708289544122384,-1.9665644891743324
2.0,2.31046301681826,-1.6632969702612173
2.0,3.2851980198280675,-3.805597082534948
2.0,4.039038328595485,-1.0587758042940292
2.0,4.178078620130496,-2.5173180011494045
2.0,3.662452686027176,-2.0554848384268842
2.0,4.423673008263679,-5.22417227896439
2.0,3.7675256408900015,-3.289452519819543
2.0,2.999945499373423,-3.818191739243558
2.0,3.175432577605713,-4.697570839214366
2.0,3.4093914656775706,-4.203597815630551
2.0,2.2837417880733026,-1.7813959165490398
2.0,3.6629778580587558,-2.652508392250236
2.0,1.9909681961502024,-2.030922088648363
2.0,5.163989444045389,-5.232363213289564
2.0,3.8082883610113107,-1.8459892970620144
2.0,5.139774380341615,-4.549325485330035
2.0,5.056532988194782,-2.7453719105241596
2.0,5.287160960323244,-4.213602820569741
2.0,4.195546263451427,-5.0210174425393985
2.0,4.203362604679264,-3.847949542621332
2.0,3.407647281113788,-3.1520301474110495
2.0,3.8580834861668905,-3.2062680829692343
2.0,3.3132656337235553,-2.1122679596180456
2.0,3.007417478548846,-3.0654214204654084
2.0,5.665376316584861,-3.821021726364008
2.0,2.7786288843145504,-4.026517138448051
2.0,4.544588441926408,-5.230288642069255
2.0,4.527526729415491,-4.019081539288309
2.0,4.163345925781783,-1.8861220403098178
2.0,3.8039665160723506,-3.783827790860547
2.0,5.129009025758617,-2.063480388402696
2.0,3.958661647068572,-3.17947678684595
2.0,3.311566852990878,-3.0592716427455797
2.0,3.0969432238956878,-3.575305674624823
2.0,2.328903139398597,-2.0847919636387746
2.0,4.151741192654674,-1.940287274556911
2.0,2.9320541245777547,-4.914009712110006
2.0,2.834690539370289,-1.9241552618752074
2.0,3.195398989669521,-2.044781853590312
2.0,2.5919851448567934,-4.546747038546177
2.0,4.105466940372543,-3.2825804492246635
2.0,3.983538560780533,-3.8979729158484764
2.0,3.4190845924194693,-3.697872596835387
2.0,3.121213225245442,-4.308107483664264
2.0,3.4094195515081873,-2.299863573189823
2.0,1.3052550131320229,-0.9829487498632582
2.0,3.0776751190087617,-1.8872014977528682
2.0,2.4560140171571883,-2.914970566829086
2.0,2.4061412290680484,-2.208978719388111
2.0,4.727818414153934,-2.7153630450364417
2.0,3.119481911114148,-2.0543359204713516
2.0,4.347328601561688,-3.7980543764723746
2.0,3.0532902087707035,-3.912296024483125
2.0,1.996106321326397,-2.9207660236174893
2.0,3.524530514369328,-2.350754903678934
2.0,5.059905898076368,-3.0956003552201032
2.0,4.0560155040424455,-2.9995675874115713
2.0,5.407498228774226,-4.411839147941281
2.0,3.6621858739652833,-2.6207306399468107
2.0,3.6312627148700614,-2.5728021343409786
2.0,2.873959242508191,-3.6941053758477147
2.0,4.28630113457307,-2.663445215017392
2.0,3.9763945725202157,-4.101483549842571
2.0,4.5841604533944285,-3.906112497576425
2.0,2.023825200634004,-2.5186662928494172
2.0,3.189629424803449,-3.1111203268506036
2.0,2.5977888314576867,-3.336549374742692
2.0,3.0644497060396887,-3.1405048129339432
2.0,2.0628307920499176,-0.6849487815147985
2.0,4.856190315038972,-1.7817806930773925
2.0,5.991082349622967,-4.455475249448016
2.0,4.298148941857728,-2.197796502026696
2.0,2.372509854144716,-4.002146959824489
2.0,3.2747563501915447,-3.0179702432658857
2.0,3.872483210953573,-4.207812920617227
2.0,4.363033628631046,-5.808364208175895
2.0,4.772191784085936,-2.933190834135287
2.0,3.3301621818812186,-1.3784032737366751
2.0,3.0044185549049836,-4.452286172426913
2.0,2.1412776290111575,-2.3306773607411815
2.0,3.159172980661523,-3.122296583007706
2.0,3.096232307880074,-3.609156366151396
2.0,3.6317564092599963,-5.395390058907578
2.0,4.440560198053579,-6.454624379337745
2.0,4.959751576360262,-4.078300184932947
2.0,3.3689255376445493,-3.2665906245325185
2.0,3.5017062987432364,-4.580657657206656
2.0,3.5571348133535645,-4.213809430748687
2.0,3.375776848219389,-3.3727816866535125
2.0,2.415486745052561,-3.367201201450537
2.0,2.1792930073298686,-3.519086656627891
2.0,3.225894128277814,-3.589630735828257
2.0,4.846334821066175,-3.766445809017878
2.0,5.356180407144238,-5.295131704760812
2.0,4.726089501738302,-3.0662928986951234
2.0,3.2988294022921383,-1.857574216665135
2.0,4.524309581348419,-5.40278900070597
2.0,4.560888086110948,-4.034392143079522
2.0,4.6175414124651395,-3.7907202319558935
2.0,3.2249337803421865,-1.4132776610996418
2.0,3.166391810352092,-4.159499515357202
2.0,5.427393098587946,-3.830330407295929
2.0,3.6716661965219357,-3.7421770626924364
2.0,2.8434192544654793,-5.233582866578122
2.0,3.213206211388135,-4.4471137861336745
2.0,1.9604230750426648,-2.9275071816181053
2.0,3.8605844256176023,-3.184048661813974
2.0,4.531892786840621,-1.8346394968202047
2.0,4.348681746932273,-1.8069313047730762
2.0,5.413971631261812,-2.02449192039953
2.0,3.5093960905951307,-2.8320355806827475
2.0,3.918015462638243,-3.306574693687823
2.0,3.563745391008453,-3.4662108630996014
2.0,3.8587528001517604,-4.293319512577694
2.0,4.963566468041678,-3.035700688262505
2.0,3.8044435474851213,-2.0189864857194824
2.0,4.77297615392023,-4.126491227514068
2.0,2.764604292574624,-3.1886254537590997
2.0,3.2645697823195667,-3.365617048669538
2.0,3.80100392606443,-3.487246251681449
2.0,5.3086083418500065,-5.52255493941741
2.0,5.768201086907477,-3.145685809095369
2.0,3.790105524805053,-2.3946593423401805
2.0,3.9463668501696594,-2.627092078831815
2.0,3.7815797167510348,-3.3363970823103233
2.0,2.260479797120434,-1.9156725381964566
2.0,3.686419976411569,-3.433412085866348
2.0,2.772054163828284,-2.1456731656825885
2.0,3.997978505688899,-4.2815322500586355
2.0,2.770880203450814,-3.9960319316548087
2.0,3.927516577956,-1.77616686280388
2.0,4.737450677034284,-2.702110881445432
2.0,2.498822979325284,-0.6517067963777925
2.0,3.29380095061306,-4.204130978486812
2.0,4.224567660770829,-4.137187062737364
2.0,2.044089135052065,-3.9655167285248356
2.0,3.235415339686921,-3.6046230200540883
2.0,4.322427484225256,-4.835765954311613
2.0,2.8081936679632618,-4.493003324657212
2.0,5.081935873773762,-5.253347484688274
2.0,1.4884654957035484,-3.791494101620045
2.0,3.2899106295342193,-1.878728580185457
2.0,3.4756863363762736,-3.3720916469781548
2.0,3.698374407516336,-1.7783600068410497
2.0,4.524830270341266,-3.233478656824331
2.0,2.1308441385032086,-2.924022449102643
2.0,3.8708485229637737,-2.3588749928509043
2.0,3.396144382528841,-5.432419669207333
2.0,3.4075053839350806,-2.3646296335873527
2.0,2.4805523671570344,-3.058866402166122
2.0,3.686899060431383,-2.829009562291032
2.0,3.838851034196234,-3.1852404490719524
2.0,3.223692928265956,-3.084554585436401
2.0,5.131700457621196,-3.2784680605794776
3.0,-6.30746853238944,-1.7232451880648734
3.0,-4.5815740352590035,-1.9258184160204
3.0,-6.690542414828941,-1.156152804845008
3.0,-6.416248264473383,-2.8838227501939375
3.0,-5.184107580718404,-1.1784131197835679
3.0,-5.4043553561784625,-2.3353827156150992
3.0,-5.183525996008295,-1.3102581248942284
3.0,-5.2074594120126685,-1.3955996891889388
3.0,-4.84114606779881,-1.958891458174981
3.0,-6.1769463008366206,-1.977794315082927
3.0,-4.408236219779593,-2.620151195288159
3.0,-5.3171681796422625,-1.6722659027901567
3.0,-6.362713794370482,-1.467709806936022
3.0,-6.392842133528176,-1.2810585735799658
3.0,-4.6676327529710875,-1.2111010476264632
3.0,-5.160070506630579,-1.5145365355016585
3.0,-6.186711372813383,-1.3981112176680217
3.0,-3.824958210173684,-1.7258236484137026
3.0,-3.1054239275444364,-1.3338943477925853
3.0,-8.62062363809886,-2.964506383240826
3.0,-4.1557286613396895,-1.151708505828465
3.0,-6.391811283561443,-2.71501618049655
3.0,-3.8115826081249145,-1.5001533851020599
3.0,-5.2303579143158965,-1.994048108737169
3.0,-7.099031849433624,-1.483676018964286
3.0,-5.348256932694288,-0.8963152762676873
3.0,-6.378895696131448,-1.430714326119054
3.0,-6.767503920699026,-1.4995410863425245
3.0,-4.908697328931183,-1.1691751399260064
3.0,-7.56967691961372,-0.9764961020925271
3.0,-7.036412355755926,-2.021903642320455
3.0,-6.205390679470679,-1.6465432979552028
3.0,-7.162925715641501,-1.8434039826638304
3.0,-5.792416285962405,-1.8537987905749587
3.0,-6.406853234330209,-2.6647065935351346
3.0,-6.721493057688254,-2.654719211924077
3.0,-7.668968935859606,-1.9677091738783494
3.0,-5.857895372585587,-1.341034686650951
3.0,-7.500188324080615,-1.162691574511967
3.0,-5.588483680430714,-1.692248618964399
3.0,-6.729874544986641,-1.7426550167041692
3.0,-6.763777765334587,-1.8168037322383117
3.0,-5.889161111979382,-1.1340385108175985
3.0,-4.79227219667969,-3.4195085878360447
3.0,-4.918661036148882,-1.281797482546692
3.0,-6.9574647662055265,-2.257352321869438
3.0,-5.435323807336282,-1.030284869108836
3.0,-7.509000375945511,-2.0067232644633126
3.0,-6.403167564642542,-1.997466384437104
3.0,-4.791337723611499,-1.1640587075852904
3.0,-6.411067307460249,-2.535293938128888
3.0,-6.559583298073161,-2.4651244931990592
3.0,-5.020133807068271,-1.2804204584041659
3.0,-5.6971879076053975,-0.952151163328614
3.0,-5.483224337962897,-1.2581691768619876
3.0,-4.545539091560612,-2.157324504203678
3.0,-2.769136418229758,-0.5112331805126248
3.0,-4.82108263690109,-2.131137521445288
3.0,-4.194341183806681,-0.7003534366113838
3.0,-5.438388480718484,-1.4718370731500672
3.0,-4.942642946112117,-0.80645351202593
3.0,-6.506628500576688,-2.6186122587087985
3.0,-5.211274259958324,-1.0480391854825433
3.0,-5.073709268560726,-0.8401659007736813
3.0,-4.89203645512402,-1.2697694788216871
3.0,-6.921435358743765,-1.6697746993679765
3.0,-7.745338487044899,-2.2610485299726073
3.0,-6.595137018794724,-2.1618563226584198
3.0,-6.720599664254563,-1.8365804494757334
3.0,-4.578994355081265,-1.0507096619793916
3.0,-6.891480117608518,-1.1451882771215816
3.0,-7.317474499105404,-1.8367125650010416
3.0,-5.413954178047608,-0.7358488940795499
3.0,-6.256076851657453,-0.6008797569446623
3.0,-4.71489098939755,-2.1190992079519027
3.0,-4.207764804060034,-2.4056634647856527
3.0,-2.8871491468381127,-0.7269424278272918
3.0,-4.542889851002037,-0.4558158087900191
3.0,-5.338121955684879,-1.6658815309301445
3.0,-6.471600943295951,-2.682795256619493
3.0,-3.4610969468916646,-1.9662021735578479
3.0,-6.277454367400114,-2.0064194665369874
3.0,-5.3301162325697025,-0.9007549294559258
3.0,-5.717716994114536,-1.5294254968471352
3.0,-5.515440931540314,-1.3499081184509685
3.0,-4.944483655067902,-1.6771842492806266
3.0,-6.544978623816362,-1.2387953912259062
3.0,-4.705990231598085,-2.12122768985612
3.0,-6.136556848225564,-1.503574238488593
3.0,-5.899478354960447,-1.7366552742540677
3.0,-5.547162798982301,-2.22563116813211
3.0,-4.435246977858905,-1.2738877623173563
3.0,-4.705753887788785,-1.9569887929249292
3.0,-6.39405571583954,-1.4672363559834714
3.0,-4.446536041401922,-1.1911611991039515
3.0,-4.323453235047833,-0.9639529656634847
3.0,-8.025176531011747,-3.1697382227756434
3.0,-4.168311559071923,-1.3923533970665252
3.0,-6.514090023252643,-2.8431833361255734
3.0,-5.345489379302024,-0.6883249505721972
3.0,-4.781073328010913,-2.1246700128208302
3.0,-7.391847185743858,-2.7423670742054296
3.0,-5.125101227500458,-0.9123454859920884
3.0,-5.99233160479605,-1.956854609108208
3.0,-7.574091564438334,-1.7686478184174064
3.0,-7.906433832295729,-2.4485583168790144
3.0,-7.256494583018599,-1.2202740444676683
3.0,-4.9012220171590775,-1.1260328000855016
3.0,-6.579868471454528,-1.6875185976572789
3.0,-7.957318754612338,-2.6217764404490547
3.0,-5.2830750132050825,-0.844906559833917
3.0,-5.8919718530964404,-1.2703857708949138
3.0,-5.4446061266256836,-1.9208827977933414
3.0,-5.56631765167086,-1.60063051383785
3.0,-4.914647422857161,-2.412238215224706
3.0,-2.2311140827007776,-0.37411692160964577
3.0,-4.07692332412078,-1.2926545831284022
3.0,-5.335453536073597,-1.613949364838888
3.0,-4.444464900213154,-1.2544467383383817
3.0,-7.49516152960784,-2.0870880741143174
3.0,-4.458557688504698,-1.8857143759275936
3.0,-5.260805977186525,-1.3516799279837783
3.0,-4.791836698257284,-1.8163805661135513
3.0,-6.95358919111097,-2.0037447098867482
3.0,-4.614780643415362,-1.8362969225296173
3.0,-5.694822039415396,-2.0522189049639463
3.0,-4.658620596327254,-1.777531801018388
3.0,-5.678965168261529,-2.352713539648982
3.0,-5.252078207112083,-2.2632383973981103
3.0,-4.575785470140839,-1.894508291576609
3.0,-4.702447707993475,-1.786897585098927
3.0,-6.441623914010836,-1.5658580431183031
3.0,-4.0631101344200875,-0.9526513323972028
3.0,-4.384527358949602,-0.9881766759832443
3.0,-6.904500518863365,-2.1880546582175002
3.0,-8.07876524846201,-2.7962455583003627
3.0,-4.097875905227119,-1.2906259668838602
3.0,-6.65313499379167,-2.5191222801464845
3.0,-3.6715608666014274,-0.9150480039514111
3.0,-5.546265895001493,-1.653130623142126
3.0,-5.015123795635501,-0.6316725583778041
3.0,-6.269113272053079,-1.441733530670149
3.0,-6.354807328418929,-1.4251995906947559
3.0,-4.967405897118861,-1.2637041101498505
3.0,-6.645098007683504,-2.3921613678189826
3.0,-5.692768463929711,-1.1709928466376627
3.0,-6.504897610530001,-2.2121449329588487
3.0,-6.344628681408267,-0.8803215527593858
3.0,-6.776755353221852,-1.475771655188752
3.0,-5.741005343475992,-1.6596557703286703
3.0,-6.6886139363604755,-1.7071428444986765
3.0,-6.7867515268525045,-2.565866910475344
3.0,-4.917424410062952,-1.578890128458123
3.0,-7.749461989976458,-1.2493176281112546
3.0,-6.238152127983205,-1.040198188074066
3.0,-7.041110597665847,-1.6802552745501942
0.0,-0.8350511897602162,-1.0396909118439663
0.0,-0.9098084777472575,0.9406176809065004
0.0,-3.574460789527512,-1.0038154166473887
0.0,0.33210906900275655,-0.8467333573118409
0.0,-1.1043788861428834,-0.7373001216872022
0.0,-0.9218257606781975,-1.03128821375565
0.0,-2.42010510757917,-1.153530868814296
0.0,1.3082171284141801,-0.26794042260791434
0.0,0.7637805384067864,-0.6636132254291988
0.0,-1.6194366856554214,0.20819276418070834
0.0,-3.0898655139349667,-0.08822367937457418
0.0,0.438702032130116,-0.8180693661228176
0.0,-0.9588048855559449,-0.46181769041145726
0.0,-1.3758835738539088,0.0074305566609144825
0.0,-0.17794467037195585,-0.2902004346497898
0.0,-0.9283315138016425,-0.34382573990443255
0.0,-1.1062350596722434,-0.6196791375570403
0.0,0.23596877462013893,-1.1881056366379525
0.0,-1.4416548068148105,-1.1755369746926356
0.0,-3.757115641310743,-0.4787419169815032
0.0,-0.004283724438386252,-1.2443188455623557
0.0,-1.1830240125451006,1.0998686710035879
0.0,-0.30300604809204484,-0.6746185145115695
0.0,-0.108692220507507,-0.523386287692941
0.0,-0.13291166523767392,-0.43338184547455605
0.0,-1.209968990553445,-0.6595641807104993
0.0,-0.7694266836650407,-1.3052458248211214
0.0,-0.9745462617987185,0.7368596049794712
0.0,-2.548274828767363,-0.6734565256372405
0.0,1.8549368158638828,0.1981940999850803
0.0,-0.9723787692348437,-0.6054534097196462
0.0,-0.7841132395772142,-0.9038288490303754
0.0,-1.9050364602323278,-0.11994718103445517
0.0,0.41726725237679835,-0.33556928128299335
0.0,0.09094803740505136,0.2516615311081365
0.0,-1.0252853993811115,-1.1500847161008572
0.0,-0.5014361731984383,0.1827302290736137
0.0,0.10797583601922447,1.3765755037106908
0.0,-0.2784556756375312,0.20267486035279628
0.0,1.3673673915679438,-1.0500730369938023
0.0,-1.5164382097926306,0.1777110132481827
0.0,-1.2063622429879317,1.2238624061299772
0.0,-0.32022848958684924,0.46387271788740575
0.0,-0.10286936021819154,-1.3977489908566865
0.0,1.2254620942282552,0.747832008046207
0.0,0.5486433792474844,2.232458151474073
0.0,-0.05157250674540953,-1.2189123753449822
0.0,0.06961288008926421,-0.11383588278135616
0.0,-0.07393219681874208,-0.8504929565532819
0.0,-0.7076384461251266,0.7201217471686312
0.0,-0.04945129531807313,2.1846364885227665
0.0,-0.37498460598848576,0.04244294125931393
0.0,0.6818426975013162,1.4373485369600378
0.0,0.26674810724101444,0.19367067599584445
0.0,-0.2344155138171341,1.8421412365950443
0.0,-0.2567127304825141,-0.08877288532542077
0.0,-0.6286638544874672,0.34007107728561503
0.0,-0.7545035777576302,1.3158537545843485
0.0,-0.11586256846135844,2.0334238611504896
0.0,-0.09801378863041439,0.11698188719806107
0.0,-0.7577397027059778,-0.08795648455690493
0.0,1.2277542021927448,-0.9090585581466425
0.0,-0.5108590911728842,0.13614033788282898
0.0,-0.35689207678002643,1.7653919483812885
0.0,0.2676668308677442,-0.5358673463159419
0.0,0.04949586966710543,0.49475114418303817
0.0,-0.6190913262009663,0.4127053061653857
0.0,-0.3956197765446428,2.465884893537457
0.0,-0.3943977298644747,-0.06477861999777204
0.0,-0.6207673855651435,0.8588548131177487
0.0,0.12191293770990687,1.050229233224027
0.0,-0.41952621853309957,1.7984966488786687
0.0,-0.9738106145910471,0.05766320391734941
0.0,-1.3712964334473519,1.1302530605723746
0.0,0.029900501886566056,0.9035479770149197
0.0,-0.4645989525185357,0.4320723727900919
0.0,-0.8233244938897876,0.49296419912753614
0.0,0.6306455038107159,0.2926164462222196
0.0,0.2702746649286305,1.0638123718584216
0.0,0.028668881660831754,0.4454173083436773
0.0,-0.9748295235867027,0.8018653701367343
0.0,-0.37177001405698956,0.9133741060413033
0.0,-0.43672966822913245,0.9023513003506548
0.0,-0.8267719791052796,1.1544697904666217
0.0,1.8437559184320322,1.556360804192761
0.0,0.4883133643883043,0.1649767469963736
0.0,-0.5420465041493622,2.943216687794054
0.0,1.576768660415489,1.2089102328230736
0.0,-0.289163710194064,1.266390005932362
0.0,-0.4309181471651088,0.32320281239631427
0.0,-0.3286987132492345,0.6544476465734811
0.0,0.2189342633474295,0.3699555443826456
0.0,-0.8044569821446561,1.9413826111120598
0.0,-0.5024332842288365,-0.4431100931748184
0.0,-1.3920697396022959,0.830626200198987
0.0,0.3178174576155337,1.959647502134106
0.0,1.1872157858995758,0.5423419357585086
0.0,0.971801246534617,1.008249496038693
0.0,-0.37648922169423366,1.5797135970391387
0.0,1.4375974384558954,2.6641333932850935
0.0,0.00416360786798105,2.262776424890997
0.0,-1.2546110720284769,-0.083355002408093
0.0,-0.733508811638902,0.09873060711651163
0.0,0.3662800709620892,1.4520002942278456
0.0,-0.46334276320360585,0.715165123824466
0.0,-0.9404853127355055,0.47455722981845716
0.0,0.39747877314177515,1.3034125052267744
0.0,0.7218453480896297,1.5669538852573397
1.0,0.6645123436155056,1.7342263001579779
1.0,0.4501290577124631,1.5477513120342559
1.0,4.435466924406449,1.0125539776242725
1.0,0.7135976775449251,1.027225838971884
1.0,0.04011772528230196,1.807269206473698
1.0,0.8245981360343099,2.2913783563998082
1.0,0.6596909076997293,2.0109574662305683
1.0,-0.1139118127516556,0.24879850331639855
1.0,0.6392061115087208,1.831572045393331
1.0,1.0302168910221063,1.3906760743672475
1.0,2.2781790428574964,2.094516334747491
1.0,0.29587966625532247,1.1888305619792987
1.0,0.7558273936461041,2.629349346796849
1.0,0.1858901409087165,2.0459213673444774
1.0,-0.22245715121331214,1.3520376888160055
1.0,3.982542292143749,1.0579704678462372
1.0,0.07969952665897322,2.043707225131949
1.0,0.13797885152048128,1.8578044719395095
1.0,0.3968463374862624,2.08048710903803
1.0,1.699247994781021,0.9454616241887687
1.0,-0.2363543465094459,1.4429904265162068
1.0,0.37760739640698204,2.126941514757513
1.0,0.46166130643365144,1.2619218970230737
1.0,-0.07529942412995518,0.7590545846074632
1.0,1.5253959947718891,2.372234540768053
1.0,1.0940032003463311,0.8358433858371058
1.0,0.34962772977227413,1.700016632514498
1.0,0.7738502319232002,1.6916831135219548
1.0,3.695768253148068,1.8457481038674666
1.0,-0.5959814736742496,1.2025024780743303
1.0,-0.23385114688249867,1.713153204526911
1.0,0.5530735984368647,2.418088134978132
1.0,1.7291179246484312,1.5215409444031545
1.0,-0.3766308732523362,1.6950558668482991
1.0,0.4345527809667287,2.2373831145266294
1.0,0.6291552196937799,1.068252672570672
1.0,0.6921395104284642,2.1591983212917656
1.0,2.268060533773862,1.9398269181754753
1.0,-0.8362583821175827,0.8480052887214518
1.0,2.1951396551337954,3.7743940882776212
1.0,2.044771595476748,2.208570484954959
1.0,0.43163960310091337,1.5631945239150158
1.0,1.6663798469751039,0.8653861347259213
1.0,-0.4333075272117044,2.75278842992793
1.0,0.8531933527657917,2.725251971025361
1.0,0.6999119617402694,1.8657797891382149
1.0,-1.4093943961219935,1.2196692018722703
1.0,2.292171388884894,2.259753183688528
1.0,0.8951364580060933,2.0604090406217015
1.0,1.3794112859107581,1.140482314486238
1.0,1.076715300266758,0.8782168642863204
1.0,1.1286584127400245,1.543399203463262
1.0,0.8411962394794982,1.9175653975009952
1.0,0.8382755097848926,2.0125645802751477
1.0,0.8003613552737943,2.0640419298005326
1.0,-0.8603849781403028,-0.3177808097056111
1.0,1.1072277435654367,3.0916438374241624
1.0,2.433737545466035,1.9054649882481831
1.0,2.2553833753368253,1.680734927972266
1.0,0.12727725579750634,0.7521727785429551
1.0,1.6260852362282585,0.805534366984431
1.0,0.3689261850212675,2.7071467580295074
1.0,1.00536317890236,2.156275201943217
1.0,-0.8474778655026833,0.5624143195667545
1.0,0.6199436055051886,3.140700982782647
1.0,1.2239061725659726,1.1313164156638003
1.0,2.5398380202810933,2.8826869497822325
1.0,0.5391922482020143,1.5662304503822007
1.0,1.3267657877046315,0.720040210718305
1.0,0.3776431902213711,2.4035401442968913
1.0,1.0453987034437373,1.032419499392561
1.0,-0.598985916867946,0.8011338087818819
1.0,-0.774604719667191,0.4167099407453274
1.0,-0.5459690622967766,-1.303120834252233
1.0,1.148169503802602,-0.36158255954638957
1.0,0.6679339906964357,1.360888581538791
1.0,0.5583140557402931,1.909623039472713
1.0,-0.5288677956764364,0.5423014862578491
1.0,0.9804151332343892,0.8265520526634811
1.0,-0.2667801062798185,1.722292897727073
1.0,-0.12250833192344619,-0.30483643713207853
1.0,0.7325413050467617,-1.663881182726857
1.0,1.6473635858206253,0.6909357536196654
1.0,0.740057247171343,1.1048800982915203
1.0,-0.302994822828343,-0.05296766389567158
1.0,0.1056968796109577,0.32193597976473814
1.0,-0.6761547888783289,-0.2335129265337868
1.0,-1.0670865909212448,-0.3846415220024684
1.0,-2.8786915376584377,-0.740435451282651
1.0,0.8849467553224621,1.3416621642489248
1.0,-0.18570291405065148,0.19225105639177287
1.0,0.9935745123010619,0.5993742111688879
1.0,0.9231053803214325,1.2278293336291002
1.0,-1.0797278788831937,0.4079354853196846
1.0,0.008943481482403858,-0.4044056113481987
1.0,-2.6974886631462804,0.029583247443967255
1.0,-0.40765478451341536,0.5884748936657779
1.0,-3.339478572403613,0.13229760555712614
1.0,0.7362837269885287,0.1771249325367645
1.0,-0.2957218469397473,-1.1429380680463581
1.0,0.9747724003461201,-0.05500282055397691
1.0,0.01095879531527375,0.726610605549715
1.0,1.0788698999591257,0.24462000960045374
1.0,-0.7775042750535026,-0.5436603871795191
1.0,0.7155174471595124,1.5473965077227405
1.0,-0.37585972431706605,0.6962657157531877
1.0,0.23723742313586607,1.2653926317595883
1.0,0.8509920578422686,0.49168859842896223
1.0,-0.23628953870073632,0.1517994251829226
1.0,1.1228020067318858,0.4044479363069663
1.0,0.7526660490143109,2.188645130977296
1.0,1.0397644828476498,1.4902663580814175
1.0,-0.8593470169922847,0.5612042160054108
1.0,0.4920707783466727,0.7629669744095794
1.0,0.12350167016875303,0.891659627935375
1.0,0.7483385968406677,0.9123068510173084
1.0,0.7049314887379903,0.12586762195318354
1.0,0.13753000471541732,1.414027087189872
1.0,1.4296338507969728,0.9696734328173544
1.0,1.1957872962354286,0.9042914530936028
1.0,-0.19544477501041757,-0.066355828389495
1.0,0.01952227826060049,0.5737970084425255
1.0,1.3850449271348637,1.3545051740165703
1.0,0.4343759806325512,1.9473183332555049
1.0,-1.3730609294321983,-0.03333405704765537
1.0,0.5701812367361665,0.46763691662531737
1.0,1.2103403529902705,-0.5353632510361187
1.0,1.341072922030276,1.4278947970056186
1.0,1.274786268432464,0.3497795000838083
1.0,-0.662869711925923,0.4761237153463746
1.0,0.7325721048696006,2.0764590158757477
1.0,-1.1992356462666653,-1.0745511588135306
1.0,0.05478244762406508,1.5761015426715022
1.0,-1.1608209429996839,-0.22391134120778172
1.0,-0.042204774803937056,0.31710821442942644
1.0,0.07173325233707757,1.9904034707763762
1.0,0.5916561319439354,0.8046550543311148
1.0,0.457099638211116,1.6573960881872292
1.0,-0.47666010781271145,-0.48127203507876515
1.0,0.2130634643648339,1.053525924477398
1.0,1.4302902275943756,1.686362091420432
1.0,0.7305361270629119,1.3675490477953631
1.0,0.5780563965197568,1.590341456296957
1.0,0.6787802391002282,2.0735253748316524
2.0,2.8331936901218397,-2.711567134679345
2.0,3.5455748045571487,-2.867273078308092
2.0,4.5382548438627675,-5.089805717852149
2.0,2.1070410744575194,-1.7724000144166565
2.0,4.106635378466824,-2.8491517888299103
2.0,4.022548533293239,-3.8851757565520826
2.0,3.602780708077778,-3.268756079576084
2.0,2.603468400404801,-0.3583160657098772
2.0,2.819620154647962,-1.7145361981204972
2.0,5.1341534738660295,-3.2818020131051457
2.0,3.8743415739496805,-2.5775951009864264
2.0,2.431700622460783,-3.6303269159152087
2.0,1.8221191519723314,-0.9778265487733457
2.0,3.0344639073118453,-3.78788322003112
2.0,2.3287935464211267,-0.340360136340591
2.0,1.1530168115899693,-1.698050765658041
2.0,2.7674083045952673,-1.7200842924301527
2.0,3.6847422286177354,-4.319523877178067
2.0,3.477592093706557,-0.782897563317597
2.0,2.935286784493427,-1.6728787748947016
2.0,2.8994660812118296,-1.844696934963213
2.0,2.890191365583378,-1.5897506165856943
2.0,4.865854316932505,-3.634549609275196
2.0,3.27532823016615,-2.0667331429054654
2.0,3.0648470895185174,-3.3953988702348243
2.0,2.4888986944827827,-1.8506376183837756
2.0,3.3857858462255135,-2.4422967132177615
2.0,3.1420491429413433,-3.0898907334050363
2.0,2.6300052196054917,-2.476124301091036
2.0,2.41421255176623,-2.013392720708257
2.0,4.065717718556225,-2.7291106011864623
2.0,2.4737108802709704,-0.2616022348163734
2.0,2.2697650977823285,-1.4767696795950669
2.0,2.420208022837181,-1.8695941167331294
2.0,3.061808031748563,-2.910893471115715
2.0,5.4662098687522755,-4.378462592873355
3.0,-4.593199412000428,-1.964879570334256
3.0,-4.789101837878518,-1.774407189675294
3.0,-3.757608925419142,-1.443739530503698
3.0,-6.501828156357627,-1.1542548409246107
3.0,-7.046241620878189,-1.7887629052857483
3.0,-7.805937114336756,-1.7924367259189051
3.0,-6.781695090428332,-2.3545920174956962
3.0,-6.5295321048353605,-1.402742452088287
3.0,-4.768726970107615,-2.266421681660761
3.0,-4.350301204957636,-1.953086820473168
3.0,-4.2272576683436816,-0.8680590198479182
3.0,-6.186459433825099,-2.0397117316159257
3.0,-5.01445146729069,-1.128317304677093
3.0,-5.4045913479486005,-1.3413567547188987
3.0,-5.887050463735695,-0.6380969833423594
3.0,-5.881920296179422,-1.337117913110194
3.0,-6.4540323704773686,-1.5487065679462115
3.0,-5.785206059006403,-1.320278874337138
3.0,-5.618629560234595,-0.5662224178222455
3.0,-4.320768331093401,-1.1581437596786457
3.0,-6.63058828175332,-1.7781376206344353
3.0,-5.412442965381627,-0.9924726721557293
3.0,-5.582097033395923,-1.4531722234641031
3.0,-6.2890092462975575,-2.465631968101396
3.0,-5.405987766076802,-1.709343303030422
3.0,-6.401907134835596,-1.56767446035075
3.0,-6.021910914546369,-3.083789795172544
3.0,-6.842562189399558,-2.364225888448084
3.0,-7.164116957781234,-1.6922818877447352
3.0,-6.137528492548912,-1.6453486706652416
3.0,-6.880150176980468,-2.2222345216674286
3.0,-8.124215898041308,-1.6170473542162132
3.0,-8.118812662241593,-1.9877121152730193
3.0,-6.3791865064826325,-1.3712739426244291
3.0,-5.746210349953505,-1.2094272496637224
3.0,-5.129971047110259,-0.992165985842918
