0.0,-6.726239385374498,-3.695363175848384
0.0,-8.550436250979054,0.03418430034780093
0.0,-6.362315797313442,-0.5130526773645399
0.0,-5.681672688184603,-0.41099656891042236
0.0,-9.620072523881172,0.30678907607167605
0.0,-7.174299470338527,0.6830996639149058
0.0,-9.414937304982558,0.4577831841495297
0.0,-4.528442109790535,-2.779253459062836
0.0,-5.722632679724037,-0.7921407633419579
0.0,-6.999381235738838,-2.89078173440537
0.0,-7.1356821512930235,-0.10781429555895038
0.0,-7.027804137477422,-0.8870042052580974
0.0,-6.750211503975816,-1.7089817700816556
0.0,-4.763286118663647,-1.6601728628082533
0.0,-5.86203001011713,-1.9966748856277594
0.0,-6.822216597531575,-3.255516500608285
0.0,-7.8684255293152585,-0.044309522132614555
0.0,-7.052511997735507,-1.1504957908353737
0.0,-6.598127531729508,-2.4445100140945475
0.0,-5.736741104262254,-1.6432362332412351
0.0,-6.727776118155292,-0.7073643177591773
0.0,-8.14045915948051,-0.21845215579698218
0.0,-6.484949005139534,-1.161759060292466
0.0,-8.609770050460575,-0.034023362512397265
0.0,-5.953783105528178,-0.4878877319998175
0.0,-8.250712768423913,-0.08609959522420313
0.0,-8.470498514271632,-2.948535874225469
0.0,-7.929519055426143,-1.6512955060865602
0.0,-6.587873780324829,0.4656918540707922
0.0,-7.771240100900986,-0.8234149302861796
0.0,-4.735477606048142,0.00944548300340435
0.0,-7.3949289377598175,-1.4511788233711567
0.0,-6.855472103872925,1.1250820878414802
0.0,-7.66746933174282,-0.2931410507221965
0.0,-7.8806128465471685,-0.6369131152939982
0.0,-4.598332897913563,0.034455977904707745
0.0,-6.074332163283522,-0.5835210066957811
0.0,-5.983630201708483,0.14260272116619227
0.0,-7.234247788488887,-0.70463574360974
0.0,-6.163978613176378,0.7221082988092261
0.0,-8.078733704094073,0.5381454035316674
0.0,-7.651333815899106,-0.1675205682043667
0.0,-6.619349409772721,0.374655555649182
0.0,-8.616068923765816,0.6993837826116075
0.0,-5.521185747041293,0.11726661805837979
0.0,-7.101143759751797,0.6646675211072994
0.0,-8.827180919096282,0.12636385589359708
0.0,-8.335308384612736,-2.069387585188135
0.0,-7.226510010675136,-0.49507969391054685
0.0,-6.0754675068756185,0.7104132928689052
0.0,-8.990804795406966,-2.064640735718406
0.0,-7.988001693036653,-0.9460780914950286
0.0,-7.690343433213816,0.2604338416076355
0.0,-4.6166784633043,-1.9199544997035536
0.0,-8.154528652803,-0.10423061423097016
0.0,-8.072237705509531,-1.4367837881924972
0.0,-8.6779636175309,-2.94386592839879
0.0,-5.196665879242093,-0.3822884028957893
0.0,-8.003612057595934,-0.6712390610595299
0.0,-5.627778672755706,-2.086716362419005
0.0,-6.822843059048641,-0.5305177007222808
0.0,-5.173085967020378,0.156623919006913
0.0,-8.233012694417777,0.8340745332207269
0.0,-5.678388406567697,-0.2660978619026253
0.0,-6.297228083683023,-0.03074452897847029
0.0,-4.79947642355254,-0.8072081582189827
0.0,-7.6904392770723575,-3.5252718100797216
0.0,-6.493987442849053,-1.0252068831233394
0.0,-6.844744846407998,-1.571637297192147
0.0,-5.874100776702227,0.5144175801438985
0.0,-6.154827018191709,-3.0199057717803206
0.0,-7.224299995786978,-2.6552659753680965
0.0,-7.382555119732964,-1.406378192585373
0.0,-7.395054277978399,-0.0370482388387823
0.0,-7.413135652768694,0.22902665965834362
0.0,-5.748141377779605,-0.3533899844849261
0.0,-6.57410913806716,-3.0475612917319084
0.0,-7.794733786181874,-1.3065983122382299
0.0,-7.536172927257428,-0.5574247107159331
0.0,-6.0820222248626505,0.37065709762409643
0.0,-6.768276576477897,-0.18636728097611072
0.0,-8.88599706401582,-0.17672106757761452
0.0,-7.809804443972035,1.2757954888000707
0.0,-10.052548840638176,0.6625099285427796
0.0,-6.769517564466498,-0.15264615372286602
0.0,-5.038833065347627,-0.5435916783903498
0.0,-7.172153450570315,-1.1642681041168497
0.0,-6.507139136395938,0.8285116588083661
0.0,-8.53596607358614,-0.38137867499911327
0.0,-10.0681442227365,-1.0531594559365751
0.0,-6.943054365331215,-0.611781123798642
0.0,-8.072517078019917,-0.03008317748294662
0.0,-7.1503312436306485,-0.02688283767595179
0.0,-5.750928475616822,-1.0387091341935322
0.0,-7.027260003068086,-0.7891155777368295
0.0,-8.9427943183691,-1.4712510848261713
0.0,-7.524807308161192,0.523632390721671
0.0,-8.521888752213139,0.3335371891889768
0.0,-8.74847458053035,-0.8124754072079783
0.0,-5.837808758100709,-1.4694610857857509
0.0,-8.146577806455516,0.231281710676708
0.0,-5.967489785134934,0.920941419765396
0.0,-6.547722494006129,-0.3195472969133967
0.0,-8.0027855776362,-1.246409036119371
0.0,-6.126051030597994,-1.2276563962978322
0.0,-6.649164602774543,-0.5503728836370397
0.0,-6.569543844791113,-0.998206415023692
0.0,-5.7045574671687085,0.44975042465089843
0.0,-9.057562980360782,-0.2731178911089732
0.0,-8.134315052220721,-1.0769946924048461
0.0,-5.954737965062766,-1.439603332899541
0.0,-5.493116548204337,-1.9224718330861954
0.0,-4.497339073436704,-2.446214138702576
0.0,-6.823446474073722,-0.2789121152838891
0.0,-7.065351078332034,-0.4571208337566386
0.0,-8.77070495381789,-2.8072959298499356
0.0,-6.3028760092391005,-1.726626604828272
0.0,-7.557081106446442,-2.0356190426527023
0.0,-8.64697968241777,-0.06180342336635513
0.0,-6.0921241192131665,0.19605645045650344
0.0,-7.400360836336901,0.34211939659611607
0.0,-5.873113368781351,0.14432014306929047
0.0,-5.339882070969003,-1.4987113053637215
0.0,-8.037581787647584,-2.8680916000411836
0.0,-6.774300934183961,-1.7917909233991451
0.0,-7.324148554474171,-0.27226405098603
0.0,-6.841931880865618,0.2507104823082542
0.0,-5.876368139604604,-2.141848462409543
0.0,-6.20509522600727,-1.6530914687602438
0.0,-7.375659269879768,-0.5871063784945889
0.0,-6.161095625478664,-1.7865196577537326
0.0,-8.470636383937054,0.3331039685159685
0.0,-7.7671446508813755,-1.8522679399621007
0.0,-6.670679801898609,-3.1238113256422166
0.0,-7.877783195727359,-2.3064963037763744
0.0,-6.504041200972308,-0.07082159643248506
0.0,-5.233168793700892,-0.4108933085373435
0.0,-7.578570563279495,-0.7842928968883361
0.0,-4.745449452247287,-1.3731836324080242
0.0,-8.704859573443082,0.5097719787974182
0.0,-7.49456963367769,-0.5331758702541944
0.0,-6.541799921213695,-1.8863313553686203
0.0,-6.561775962691654,-1.6516389732068442
0.0,-8.267865151971414,-2.696428678107558
0.0,-7.644696785089775,-1.240370865069492
0.0,-6.532741450324041,-0.7908303265605784
0.0,-5.634702175658558,1.183745431769785
0.0,-8.857672271947202,-2.955860753500248
0.0,-6.823200869686599,1.2020364349736286
0.0,-7.9389294838433395,-0.6857984089800758
0.0,-7.545287428591731,-1.6362033621559788
0.0,-6.614592551264998,-1.0239351248722204
0.0,-5.998668900934931,0.5994278447814466
0.0,-7.1422039844161995,-0.7385506350571536
0.0,-7.961846473126571,0.4475946581854816
0.0,-7.308622391438313,0.6728145037580107
1.0,3.9739226848889433,2.036651062342407
1.0,4.684413308809205,1.4592194311750204
1.0,3.9052734281971984,1.9300254030715285
1.0,4.13186107268018,1.255243170338347
1.0,3.98828481031892,1.8340882643309888
1.0,3.0455180515901303,0.1280512734773383
1.0,4.341803455131195,2.607904636811513
1.0,3.6282816010856074,1.8761151677737788
1.0,3.482477688491498,2.0449503517439918
1.0,2.2824221134362954,3.012207626307153
1.0,3.9275841058044967,1.698112994194152
1.0,4.0502682846924545,1.3679974565269977
1.0,3.9503367270376977,2.0761555462668864
1.0,4.332960541756556,2.104958634696024
1.0,4.374880735065511,1.1374864890165635
1.0,4.892406813063879,1.9545011795204807
1.0,4.40262607100356,1.7096295927502962
1.0,3.0759019036427273,2.19189735095386
1.0,3.1395595679566055,1.6220922770862112
1.0,3.4057654543834306,2.5836605590523307
1.0,4.072652854183057,0.3101941187347854
1.0,4.313745376934555,1.6325208434856813
1.0,3.838006024597924,2.822468462361988
1.0,3.1813942924774254,2.1519797750954686
1.0,3.9025992278287123,1.8439570798582607
1.0,3.6786846552451693,1.0429103771687707
1.0,3.3077562170612747,2.2673139505884206
1.0,4.207824919085878,1.7765296856084116
1.0,3.528610617666553,-0.11893611295440412
1.0,4.779782755308268,0.6984581747659752
1.0,3.2702514192123853,1.9532419850566791
1.0,2.895029289889191,2.4666188152136597
1.0,4.1470401132541275,1.7271565078091622
1.0,3.4607198830821457,1.4347275682098253
1.0,2.6392169591931505,0.9685152278000713
1.0,3.654825883595126,1.1861761841561462
1.0,4.973035484459643,1.5143581659352279
1.0,4.797488241383713,0.9466048096015743
1.0,5.206835797135801,0.8262696497214844
1.0,4.565900129442548,0.4817270561858483
1.0,3.0568255064676824,2.875730072160741
1.0,3.727352895918771,0.914199201358955
1.0,4.2340713357839315,1.5034208258999175
1.0,3.9268083626328516,2.446356322481054
1.0,4.973422290844652,2.7445037356557194
1.0,4.1000782267875815,1.9084025059029466
1.0,2.9912756424123876,2.023435443829066
1.0,4.423887810324677,1.037540347162889
1.0,4.6880399221360385,2.8274084251248515
1.0,3.977616569414299,1.9662578306865885
1.0,3.305383233219096,0.8235236969470876
1.0,4.454496499615091,1.3303901639056666
1.0,4.314634558186141,1.4776191826097487
1.0,3.748566916664427,0.6724320416101266
1.0,2.3290816146494366,-1.3905873108176874
1.0,3.412055612994359,2.0068370092500962
1.0,0.9914550222501498,1.1693092240140444
1.0,2.8848201092503776,1.8416793609151232
1.0,3.8458353506829783,1.931807745939265
1.0,4.221317526018425,-0.07483537776831468
1.0,4.016772901223993,1.733444342467104
1.0,4.696348471622176,2.6395038287611325
1.0,2.9739201976069287,1.1415700071736155
1.0,4.530315434688857,2.3888577161797033
1.0,3.7379754463767054,3.0755558228651423
1.0,2.844736959445846,1.165475136255364
1.0,3.6003615709096644,0.5149556224421438
1.0,3.73304792686147,0.13218771077321673
1.0,2.730422341950304,1.627604912717689
1.0,5.0106965471696325,1.9892018102817846
1.0,3.05959603509368,0.15585448014375888
1.0,2.633025971313116,1.679186583922097
1.0,4.353071238505541,1.965768632386733
1.0,3.58128505926436,0.8641561271076271
1.0,1.3068458264741991,2.2536135755758404
1.0,5.043076886182972,2.1510421611962527
1.0,3.5177065252771746,1.806109364613874
1.0,4.818795915383379,0.9609782288992396
1.0,5.149923099829675,1.9418155916044908
1.0,3.36793670295984,2.8802269386693955
1.0,3.6676572992754233,1.7529043703530378
1.0,6.1398628875145755,2.4894452693086495
1.0,4.206357121535772,1.2680969414927117
1.0,2.9801179964339095,2.5328228694499693
1.0,3.6603416763037813,1.065445591875178
1.0,3.5328612282327145,1.7741201334054721
1.0,4.399993874303378,3.042963160002479
1.0,4.286755139531383,2.926409259116111
1.0,3.1810608099147424,1.5291578657053688
1.0,3.4328214002875335,1.5833712207841633
1.0,4.202950872567908,1.9224598429479445
1.0,4.448100692520075,1.1217468143376972
1.0,4.330370789590785,1.6300757346270707
1.0,3.9483048639754847,0.9918666034853028
1.0,2.3490128070826226,-2.620737721462796
1.0,3.5482347446385893,1.3187963741604778
1.0,2.4527561482651454,0.9868690778731858
1.0,3.194415089747867,1.340843978278688
1.0,3.161359453923814,-0.5105470875727449
1.0,4.674482188881409,2.8438963114698437
1.0,3.73671384296425,2.1244858544558554
1.0,3.979603559950108,0.9878974456778612
1.0,3.88524802359181,0.42900173876287334
1.0,5.57744960681844,3.073261638523637
1.0,3.956643784853164,0.8598891789941188
1.0,4.4209550339727315,0.27186951376213125
1.0,2.3626664090406133,2.1469426187704563
1.0,3.986229237096317,2.6072906889726117
1.0,3.2007596628176755,1.1466027018139486
1.0,2.6762305395983583,1.648777737779136
1.0,4.2893221852434165,1.9315185987059265
1.0,4.8912631928005315,1.3062941190975415
1.0,4.489154353010159,0.868718140245548
1.0,3.912964992686707,3.0443533794956843
1.0,4.216589527876286,1.6385973124437483
1.0,3.5106835421125906,1.5071777368859707
1.0,4.519994466608267,1.216113361384029
1.0,3.6082404884399084,2.050676574423091
1.0,3.7650538209919864,1.1601229187348268
1.0,4.51527578025715,2.7194494300548535
1.0,3.017116291045961,2.043547582431313
1.0,4.429176163607532,2.867032372978295
1.0,3.4964069646426315,1.9292305911225949
1.0,4.893308394541002,1.995416881973322
1.0,3.930353950725608,1.9452088694725291
1.0,3.570863857271333,1.6277069417952343
1.0,4.0227945871631885,1.2038829721762387
1.0,2.7260443663197274,1.1385602908955244
1.0,2.7025012468754688,1.9621467209963321
1.0,4.442417016601757,0.46853442040837534
1.0,3.4694314117426814,0.7018005662130854
1.0,2.611916805817455,0.27307010127678916
1.0,4.560845983359199,1.372510006221372
1.0,3.887803065809699,1.4359552646363893
1.0,4.673068695706327,2.3693497574424613
1.0,4.637574358800826,1.00787835566129
1.0,4.293656324707018,0.8803020062792618
1.0,3.126684968577121,2.736998679121581
1.0,4.651355116109735,2.608348433288852
1.0,4.114542582438719,2.1488437814172365
1.0,3.7232573951136176,1.8242438907545544
1.0,4.150493340465998,2.296846145872148
1.0,3.2866978316988074,2.695277994639727
1.0,4.042921598878275,1.4281509846350724
1.0,5.5074445859973,1.9356369087977259
1.0,3.5738139141640315,1.8231838220690197
1.0,4.027549140852394,2.436375198660454
1.0,4.752297510723222,1.4195768173505685
1.0,5.16511652812073,1.6121368452406255
1.0,4.2842974458810765,2.075831785945979
1.0,3.9938394906650414,1.6035725271019345
1.0,2.0534124228998327,-1.3279637322333262
1.0,3.4824456945661013,1.6448325263607493
1.0,1.4125489527625357,2.1014763040166993
1.0,4.341959379275174,1.7033928418197164
1.0,4.168665921377203,-0.6307510233444964
2.0,-2.0143255944234633,-3.4061046858189474
2.0,-2.46557412048461,-3.6185667475884786
2.0,-0.14406335398065737,-2.767821384287832
2.0,-2.594618781805436,-3.2457562362943837
2.0,-2.3538964421144613,-3.381480620466735
2.0,-2.2777381956117995,-1.4290530563267716
2.0,-2.3987695486595535,-2.179326716881447
2.0,-1.6783934599424797,-2.2413619262677615
2.0,-1.2971108706106667,-2.5511961571987527
2.0,-2.1682744848684385,-5.20506574363242
2.0,-0.705932660604053,-3.5186744150112936
2.0,-0.392748671536738,-2.8000562565022498
2.0,0.22478798230791514,-5.913343579544441
2.0,-0.6265071939730303,-2.7243337176705613
2.0,-1.7946708575588612,-3.612289950049815
2.0,-1.5435337997864158,-4.205403890457004
2.0,-1.9589884956911758,-3.6139691812717514
2.0,-1.9920619547655984,-2.577628750624096
2.0,-2.283009924729822,-3.420108280907589
2.0,-1.1160724700985432,-5.465638401740577
2.0,-1.8001764335270725,-3.05668676634932
2.0,-2.3661965177378588,-5.420865716135083
2.0,-1.9466845820601362,-2.4337648585787393
2.0,-1.6963266805770596,-4.444610504575334
2.0,-1.0937114419934497,-2.2349404013096863
2.0,-1.8313033189792862,-4.0969866983782275
2.0,-3.8865525455222856,-3.883835489361249
2.0,-1.0348819576371504,-3.981874963760132
2.0,-1.116915236151154,-3.2533826569936823
2.0,-1.1782424586034417,-2.5588558608942433
2.0,-0.43914951123054796,-1.7838037538044047
2.0,-1.8156979233195678,-3.03497648353944
2.0,-2.3165846923384046,-3.8520860881695147
2.0,0.45353712309880617,-4.162129029927769
2.0,-0.7114422541215304,-1.6020657387490804
2.0,-1.5802209324121959,-4.0166096361567325
2.0,0.19043693795101588,-3.806845901275487
2.0,-1.422624215637106,-2.352715430660127
2.0,-0.7254682451885452,-1.5705064649803704
2.0,-0.06772683408204296,-2.192688822580337
2.0,-0.6446972080223426,-2.569938310089469
2.0,-1.5695847839306087,-3.8352127125267987
2.0,-0.40408051494362657,-4.165136504128995
2.0,0.2171449846401536,-3.2713723350587576
2.0,-1.959956251362994,-0.5697575100581003
2.0,-2.022122109973824,-1.9732155002408271
2.0,-2.721736207024801,-4.408310872206335
2.0,-1.02409039234007,-2.338760848253116
2.0,-3.5276665065653443,-3.5834909061936964
2.0,-0.8996999889066021,-7.153261915127796
2.0,-3.569996822437422,-4.210389321900636
2.0,-0.5288836905219023,-3.8625139013433905
2.0,-2.2984255131968756,-2.7490076348855443
2.0,-5.151212470755212,-4.489658612811473
2.0,-0.33853395816701676,-3.83526756079095
2.0,-2.3005727405035064,-4.756867733205502
2.0,-2.8778271778248894,-2.0937736092554684
2.0,-3.1548119769243876,-3.796578971559205
2.0,-2.7341483559330655,-3.863056978287672
2.0,-3.845996387343126,-2.0436556409355084
2.0,-3.5108510032061364,-2.241549898558474
2.0,-4.318147430772711,-3.2839007927275605
2.0,-2.615108177273976,-3.4504878584269516
2.0,-2.912705298625833,-4.086869929474989
2.0,0.3441211979760013,-3.4569186297532912
2.0,-1.227329007734037,-3.769210370069788
2.0,-1.8713728830387917,-2.97754466913067
2.0,0.13259862919322113,-2.721529810443163
2.0,-1.0701078516304257,-5.711034016622259
2.0,-2.2463494940824993,-3.159978673332456
2.0,-1.3879008857667747,-3.875603187397323
2.0,-1.5730203058354575,-2.4660792498543636
2.0,-2.137861015764934,-2.5125040638560945
2.0,-0.9174781770694306,-2.3914082763726614
2.0,-2.3790265434049274,-1.8489202848986048
2.0,-2.3948513363265365,-4.646548870278803
2.0,-2.17905366453531,-4.407114509409918
2.0,-1.7153053644863783,-3.170128222631152
2.0,-2.7149540232709475,-3.6024907085917266
2.0,-1.5473854307269421,-3.1797782846945433
2.0,-2.3471561409676607,-4.091882580983813
2.0,-2.683931591877868,-3.2880581217654203
2.0,-1.6981029356098132,-3.340472576540081
2.0,-3.01798095119384,-4.123424141893704
2.0,-1.3195367430145353,-1.0851278298453746
2.0,-2.018674855152452,-1.6558031203952301
2.0,-2.5652385339572072,-4.2463467133592525
2.0,-2.794123297137101,-3.4386152021377443
2.0,-1.0561098824662911,-4.185839429440334
2.0,-2.675027197549018,-3.8552705041269197
2.0,0.5982611769286942,-3.2160724765057327
2.0,-0.27741965392514206,-6.168433957011414
2.0,-0.6800178690855698,-2.6735116261313783
2.0,-3.729102319703455,-2.195345420661215
2.0,-2.688476590409676,-3.499492936195815
2.0,-1.4368356959220838,-3.9009872312230165
2.0,-3.0116563627984165,-3.4663837711110337
2.0,-2.751690613119439,-3.004378399708406
2.0,-3.2268989491273774,-3.151034519544204
2.0,-2.273801627767104,-1.001659321469301
2.0,-1.1027866649500364,-4.078687620002219
2.0,0.14466328106049234,-6.021855287953397
2.0,-2.0724620829179283,-2.227400926602665
2.0,-1.9012809030523747,-2.931036775618626
2.0,-0.622184957949019,-1.6511339944083556
2.0,-1.2149102248800852,-2.422223148153036
2.0,0.012292050042535165,-2.5444371360361977
2.0,-0.5793524118233216,-3.5318681675682826
2.0,-1.0447531819856035,-3.9673541799837464
2.0,-0.17315092088781323,-6.047436156908487
2.0,0.19131487500447056,-4.1101129213891605
2.0,-0.31049481716635813,-3.166776414596337
2.0,-1.6816964817931164,-6.4234786627452305
2.0,-0.5326379142246127,-3.6939054327782395
2.0,-1.566815123721101,-4.085634975515534
2.0,-1.4007170108106968,-3.298591471505334
2.0,-2.0478123548333853,-4.6706638294839555
2.0,-0.9922594871831373,-3.584678390632867
2.0,0.3399086446868259,-4.828059079053236
2.0,-1.6320381275941656,-4.125659014399021
2.0,-0.1395661964556637,-4.368498618159367
2.0,-0.1364994683290892,-4.356459871488927
2.0,-1.1961228751403266,-2.837377699369341
2.0,-0.10895088784014398,-3.2341812688099094
2.0,-1.363080287325388,-2.390351706260478
2.0,-3.8123021175841396,-6.221554382958314
2.0,-3.8886001920203075,-5.42213352666407
2.0,-2.8563498984953974,-3.900207688064206
2.0,-1.463439337208809,-3.8110301858707047
2.0,-3.373205841596105,-3.582738158519332
2.0,-1.7037248474962776,-6.414206918928583
2.0,-1.8218421670309488,-2.130353134571434
2.0,-3.1635114355617464,-4.021991568341831
2.0,-1.6760240435639646,-3.894556127858278
2.0,-1.7087752002113574,-3.1722249589120306
2.0,-2.106503539553749,-3.3621664013775368
2.0,-1.4883765166429157,-3.7403793778149828
2.0,-3.448862206572734,-3.900677239326385
2.0,-3.9273724127129035,-1.3340947356174762
2.0,-2.2312598241005155,-4.499817372996668
2.0,-3.46054752622499,-4.724931932912838
2.0,-3.4034671128806275,-2.0187500332819206
2.0,-2.6155647343091126,-4.365209726058505
2.0,-1.629483811520416,-2.616986711650809
2.0,-0.8586120170282424,-3.2048647969966257
2.0,-0.4841342602345819,-2.4935001515740085
2.0,0.5288381292351503,-2.988345562437648
2.0,-1.3682844699868164,-2.3061735165860107
2.0,-0.5940417170487845,-4.374116369489296
2.0,-1.6478328788338994,-2.5993355463055354
2.0,-3.9353068093130283,-1.4292777714832252
2.0,-0.6788632792802729,-3.08374804120728
2.0,-2.077520426075767,-2.3075959090337794
2.0,-1.0685467111600455,-2.5379849398792724
2.0,-1.1994885932380102,-1.2367811046736175
2.0,-4.251171714942653,-1.093716157636626
3.0,-0.5757442818576244,-2.9494305064232105
3.0,-0.3859285078254004,-3.5475896250390107
3.0,-0.4968891640404232,-2.8464277951716244
3.0,0.07434799118003668,-4.057321653920718
3.0,0.40462517757237865,-5.246339752154825
3.0,-0.25154630156196983,-3.884590858203386
3.0,0.35075116979709936,-3.593865136870552
3.0,-1.676418064114112,-5.578952674969653
3.0,0.13028884768973392,-3.983618023269787
3.0,-3.0911273749477135,-3.9586459576513433
3.0,-1.4637485390536447,-4.1400892962665905
3.0,0.2468686926975143,-4.283565841372671
3.0,-0.6985500052183312,-3.0149371550949913
3.0,0.6788095620084761,-4.409555925672159
3.0,0.0447437924714844,-2.5305078873274
3.0,-0.71755384652825,-5.747781934939962
3.0,-0.27889901215936375,-5.226333289511895
3.0,-0.7703630607243714,-5.087858235728802
3.0,-0.826090503177693,-6.248849813381739
3.0,-0.18581605800641515,-6.128748599061745
3.0,-0.9755489741473656,-4.7137762947386985
3.0,-0.6028426380638583,-4.763058431375709
3.0,-0.5204778213062302,-4.2481835715049705
3.0,-0.064481158689118,-4.408953463292246
3.0,-0.07713984099704471,-2.887765701770038
3.0,-0.5257928759840288,-3.4873714709902757
3.0,-1.199306447883013,-6.531829879443547
3.0,-0.09032040969481894,-3.659469390857559
3.0,-0.4872261695636855,-5.342343076309338
3.0,-0.24934131636548934,-5.000149498159635
3.0,1.4770940159675419,-2.5595766810515856
3.0,1.250693086763251,-3.3373656265358402
3.0,0.9022089248074828,-4.972860041713089
3.0,0.0836190905802276,-4.441178125932797
3.0,-1.6855196053461863,-4.210499514620318
3.0,-1.1860203235785238,-3.351142592953239
3.0,0.23952789096589616,-2.8617426128968457
3.0,0.4154323010630374,-4.316148454269586
3.0,-1.8251969763222895,-2.7416822138713277
3.0,-0.027946014518549597,-2.7535125582946143
3.0,-0.15906026050846042,-2.7884395779039974
3.0,-0.9887374897622293,-2.0428320524730306
3.0,-0.053542372627329575,-3.931275557189495
3.0,-2.0617576571073477,-3.8695451070279065
3.0,-0.7778135919167383,-3.022366395634825
3.0,-0.9423153640374571,-3.414835569860841
3.0,-1.5346442645467258,-4.648497266182935
3.0,0.1218306406936891,-2.437126145150851
3.0,0.6378545010638705,-3.448224420584757
3.0,-0.13199271258986275,-3.0046571584969177
3.0,-2.1081431984733268,-3.434919872734823
3.0,-2.253329911989549,-5.975159587781663
3.0,-2.222999833307123,-4.584367588728075
3.0,-1.9151010245344775,-5.494690464196454
3.0,-1.433830117063435,-3.871515926187675
3.0,-2.4083440252030774,-3.484367603464224
3.0,-1.0174574703300499,-4.623213330272956
3.0,-0.9618588291433983,-5.419602768697926
3.0,-0.7913760596927879,-4.769011832134059
3.0,-1.8095836886444743,-6.463265648642271
3.0,-0.7640942768348373,-5.548180319201903
3.0,-1.2914669438879696,-5.156212062514557
3.0,-3.0713562877224527,-5.07826715908669
3.0,-0.5004058493210507,-5.235868047707008
3.0,-1.7353398166168639,-4.504077096981776
3.0,-0.34628168239259,-4.93116053274028
3.0,-0.5482130355128799,-3.219300445750296
3.0,0.9479444862115063,-3.839743590808811
3.0,-1.2376665260420923,-2.610373871098042
3.0,-0.017746178423350453,-4.078436273590544
3.0,-0.5776818573466787,-3.102845020721308
3.0,0.406037637687234,-4.878083434694458
3.0,-0.8922658412142469,-7.229315885230428
3.0,-0.8094742202901564,-5.444525820055119
3.0,-2.644523240667683,-2.7289320416237626
3.0,-0.2866044283527797,-4.542589666933494
3.0,-0.832917324874297,-4.085446960595978
3.0,-2.8568004230041195,-4.695816092554448
3.0,-1.174799630182042,-4.978870088812487
3.0,-0.22848007119057417,-2.5031276824405535
3.0,-1.9759204598719358,-4.123979019978946
3.0,-1.02667646403026,-2.3515117992808077
3.0,-1.5381449289854952,-3.756931748645155
3.0,-1.9759135555164378,-3.998245165364916
3.0,-1.2275621827962935,-3.8713204116182918
3.0,-2.133468980227045,-5.842617773661358
3.0,-0.9008832949021951,-5.93213382351119
3.0,0.277190569184031,-3.763863767303733
3.0,0.2417971853226868,-3.814573378770979
3.0,-1.8938570685820146,-3.657709705659007
3.0,-1.0357910528625118,-4.424203701184972
3.0,-1.1503144952513686,-2.9630154034018314
3.0,-1.1021978937633021,-2.2072620987896014
3.0,-1.0722761655814754,-4.284119865150585
3.0,0.14635445384001083,-5.151884707155283
3.0,-1.2512651822410787,-6.06841156375317
3.0,-0.4697299830254317,-5.6607177664080135
3.0,0.1302376026622971,-4.136748775490873
3.0,-0.8067234770485644,-4.771230215318077
3.0,0.04168312791620472,-5.660405948284372
3.0,-1.0029454342192516,-6.02805177148712
3.0,-0.29670466846807947,-3.44494472070953
3.0,-0.9501935331989858,-3.9808370295930917
3.0,0.15743863947973502,-5.422583773880225
3.0,0.4154433083113171,-4.037161046605925
3.0,-1.0492618065461081,-3.8132413579910254
3.0,-1.716750842049468,-3.3160776087740653
3.0,0.5626424955170809,-1.8683757667744114
3.0,0.8247460837004575,-4.397671007293642
3.0,-0.09237402187151598,-4.5890693338847806
3.0,-0.04178750113236606,-5.7055545855149665
3.0,0.7215484781539441,-5.973636518123869
3.0,0.051281919150340825,-4.432071630974265
3.0,-0.7163696264907101,-4.4178433667505175
3.0,0.19029778347537685,-4.331546266265465
3.0,-0.3009770263350649,-4.0866108350001795
3.0,-0.07316890858275255,-5.772085022739954
3.0,-0.047608621971931414,-3.6000946488937138
3.0,-0.8665139736764237,-5.667370780633511
3.0,-0.09979893868510821,-2.804768661528054
3.0,-1.522920869203109,-4.498051878697229
3.0,-0.7067151794396581,-4.721231394147156
3.0,-1.4282609482180788,-5.896024432094612
3.0,0.44204818828476256,-7.042023988646807
3.0,-0.1903221247285933,-5.047916811105404
3.0,0.3655197612039739,-4.4577259064609205
3.0,-0.05417561822130626,-4.829436347564106
3.0,0.8913603651493105,-2.6348972134959032
3.0,-0.7325023610947083,-4.829483279517006
3.0,-0.6965537173613526,-3.832251841720664
3.0,-1.0484910238665441,-5.045891571061325
3.0,-1.5544034018142687,-3.781313893176011
3.0,-0.9040674892367911,-4.716643521797081
3.0,-2.0105950618698567,-6.551202328243215
3.0,0.009635344970057287,-3.0972397983799915
3.0,-2.871283313992388,-3.9798601487507943
3.0,-1.6151890766475425,-5.46735498163443
3.0,-1.5697141717791032,-2.513502475514085
3.0,-2.1409458731205295,-3.9446940565582236
3.0,-2.9195068235580943,-5.692314561214843
3.0,-2.550339607122637,-3.6584643634623975
3.0,-2.330368952701388,-5.735974139868382
3.0,-1.2913439292635485,-2.232619820550479
3.0,-0.8062059413111756,-4.356707793013151
3.0,-0.11956899228392323,-4.126803833516198
3.0,-1.4279836306509397,-4.636635002465391
3.0,-1.2090548859154415,-4.154947074926055
3.0,-2.7182897397577057,-2.534893114437882
3.0,-0.3659612751722711,-3.735535894184334
3.0,-1.7445347923797276,-3.4223570148362024
3.0,-1.8012087519171196,-5.01518627243115
3.0,-0.5153798784660154,-2.998277452029797
3.0,-1.06904630529987,-3.788032572024516
3.0,0.24029590312489124,-4.051822367688897
3.0,0.16100934849589935,-3.483833771383663
3.0,-0.5745934136404206,-5.059454706379817
4.0,2.451922619412255,1.5155396839990416
4.0,2.8686200635795296,1.4029615297861227
4.0,3.370737452094516,1.944796553905943
4.0,1.5508265191806065,1.0902144570510466
4.0,2.2042693428116027,0.22711874060045126
4.0,3.4066311858349985,0.5531261117575826
4.0,1.5465983686934408,1.2485490268607067
4.0,3.908636407645065,1.056463812731312
4.0,3.39244409743725,1.1603803064282467
4.0,3.7340805856547274,1.6190098370378205
4.0,3.0699021455265374,1.4231851295407052
4.0,3.5817650145995263,1.191863112336231
4.0,3.0206138269874456,1.6625570006302648
4.0,2.6978093874152296,-0.05156340360288573
4.0,2.1672481049119963,1.5386934549839448
4.0,4.363057801814582,-0.45676705979222837
4.0,2.5884788171169877,1.8502264064896774
4.0,3.9946864358983825,0.8411478777043246
4.0,3.852378054511532,2.9928979989544606
4.0,2.1380908074275355,1.5152762992811584
4.0,2.102977793689078,0.7957312724055602
4.0,4.131985565647215,1.3508182758056264
4.0,2.102257689033748,1.541566702101622
4.0,2.5006181445641453,0.8880748169535122
4.0,2.833303583127819,1.4782623567739415
4.0,1.9530253652421268,1.1679895373541205
4.0,2.4959996926436894,1.6211736120930722
4.0,0.9347037323983631,1.2468621731475042
4.0,2.926021171695669,0.9951817680153424
4.0,1.2818927514960532,0.7321620909251808
4.0,3.263231697315935,1.2498669842964838
4.0,2.3629903568082007,1.0769026181155517
4.0,2.171806239508824,1.7703773583108828
4.0,2.1659496972820755,2.152572970870309
4.0,1.5764343817248738,1.7431106755671246
4.0,3.9307559573822055,0.9702388315340114
4.0,1.8926550760931735,1.289774980950593
4.0,2.8500070758323752,-0.9501279409836313
4.0,2.9794844075548643,1.547006660026155
4.0,1.899188739856016,-0.09280860939032809
4.0,2.1322114374000036,1.9318854648828854
4.0,1.2700506029065548,1.713842420185059
4.0,2.173988877718667,-0.3499737854682481
4.0,2.4114351273328936,1.1342836197300796
4.0,2.439239381470246,1.5999435003674374
4.0,2.4246872669670196,1.8014495094358667
4.0,1.5487261508795485,-0.2103115584454835
4.0,1.8186534277901165,2.629511470176091
4.0,2.2358459299816493,1.584331927026799
4.0,3.467238628103204,-0.9327769862587967
4.0,3.2559539280949297,1.3407872106390952
4.0,3.084846170149213,1.5640874024322875
4.0,3.7147233159113435,1.0303317124381264
4.0,2.8154671382395544,1.8717734861685924
4.0,2.379666767907487,1.7362060661203402
4.0,3.438918009157095,2.470418229235301
4.0,3.663041602572228,1.4078882596636424
4.0,2.3888071288197046,1.2685662928587629
4.0,4.03349499487802,0.47962938263733235
4.0,2.5987217803650435,0.4755422383656053
4.0,2.560459845992935,0.2946528531115103
4.0,3.0636837830409163,1.0738560225884262
4.0,3.4718544059559737,0.39273209850290075
4.0,1.84381875735302,1.7942857157423817
4.0,3.7780836173739907,0.7841848689523122
4.0,3.5197769491188486,1.140193089262217
4.0,3.862377146328124,2.894766888976692
4.0,2.5757044211628193,1.5234554105690983
4.0,2.0909164765687787,0.581891839081052
4.0,2.8892378159946173,0.569485385230817
4.0,2.9470651554931484,1.441887176735764
4.0,2.411140127521792,0.5353052853957592
4.0,3.295165489886132,1.1743388896069815
4.0,2.114155707523907,1.7363522937522298
4.0,3.543604851449879,2.184350133006022
4.0,3.46364770125581,2.3763165304452154
4.0,3.5487552476774877,1.3162639494920676
4.0,2.2875586842078732,0.9910503586583908
4.0,3.260691025737297,0.6337543560089154
4.0,2.5882505842457033,1.1285242806558873
4.0,1.5330238832393865,0.9375137231182362
4.0,1.7453135898119763,0.9385759874472309
4.0,2.240436923669367,0.9523622728914596
4.0,2.1925137221841706,1.1907573597873102
4.0,1.3477376062777704,1.471370380050825
4.0,2.820931490164357,1.2496507510745725
4.0,0.9227722831749261,1.5071109692672184
4.0,4.223100801500421,1.4408468775300018
4.0,3.8068379112474333,-0.4150325072795669
4.0,2.2196441790381902,1.8254887369476616
4.0,2.8455994632834454,1.8007987545546569
4.0,2.916698639777899,2.2293198712358513
4.0,2.0271184509657765,0.11133296773351341
4.0,2.3766021857782205,2.0478324978173528
4.0,2.903102587173672,0.4056392610338839
4.0,3.2573376619131085,2.183535158362072
4.0,1.628076781332393,1.1607291742384842
4.0,3.5364113275929987,1.135154757876776
4.0,1.7161439345954412,1.9265432787467156
4.0,2.768133644130936,1.0291685016291692
4.0,2.4324315433060337,0.9774233846032377
4.0,3.1990333757410148,1.343715093768699
4.0,3.0898096687876735,0.5318296208307879
4.0,2.008457924348513,2.5804582611803655
4.0,2.2071476800972762,1.260647657745564
4.0,3.5279631120952235,1.875355308599875
4.0,1.5810756747601387,1.4690645505576176
4.0,3.138744683849102,0.8198560458139101
4.0,2.2597186720399756,1.1951883326302728
4.0,2.175348818263724,1.2065791886405655
4.0,2.1783248537892383,1.4444099113303448
4.0,2.9334914302339,1.3894553198631665
4.0,2.8924231124989013,1.7180305218175718
4.0,1.739214000804202,2.072012573458632
4.0,3.8747068485949527,1.946255963058033
4.0,3.217364003089465,1.0962075180650523
4.0,0.7725186164329408,0.6980874522131932
4.0,2.330680245197106,0.7688114429327032
4.0,3.67395640193195,0.7217415110329487
4.0,3.172551796558556,0.48639468416570647
4.0,2.4802069621745697,1.3953649861657444
4.0,3.7881161887013324,1.505948195219463
4.0,2.327736275172898,1.3941279651635095
4.0,3.2989306521738846,0.5475073426716967
4.0,1.9016865003814327,1.4890236594251067
4.0,2.621241632519605,1.053285681599577
4.0,2.279151515071866,1.4548547723644407
4.0,3.168346314180622,1.3521415330681945
4.0,2.9948701746378643,2.0922384062296375
4.0,2.9670817094176107,2.1135631998397177
4.0,2.421934471448045,0.2505504368140286
4.0,2.169729668069183,1.87602097834785
4.0,3.0080330741441608,0.7272228580469842
4.0,4.14440578584299,2.517268876465396
4.0,2.4092647772314346,1.4249717353190423
4.0,3.345362721475438,1.6653587648937456
4.0,4.039747782867772,0.47902286845563025
4.0,2.4235271416396924,0.9986748481521123
4.0,2.0237351828173713,1.8466666791005388
4.0,1.7858736520629204,0.19742969305411806
4.0,1.2661867007296495,1.0357845536354036
4.0,3.087890085288165,2.1671408343312626
4.0,3.2443134108090423,1.486296478651936
4.0,2.637774534870258,2.2778120338979213
4.0,2.9003847266341243,0.6211400038583154
4.0,3.0759113920097434,-0.01738781628032623
4.0,4.600681922825004,-0.5138867417562527
4.0,2.9558895124869835,1.0927621534450545
4.0,2.9911076632233966,1.2363118472953716
4.0,3.907079572588695,1.3449006081208492
4.0,2.761276095332836,1.328943896468942
4.0,3.356480538220802,1.4389712458342059
4.0,2.5517116252003236,-0.1313678140269368
4.0,2.8469688117285186,1.8896400590035907
4.0,3.354002786304929,-0.26567872554585104
4.0,1.8569458640796455,2.5792473086163334
5.0,1.9388651013831215,0.053749088385073626
5.0,2.123068382054978,-0.5600259982646668
5.0,2.2581724946267356,-0.6517625864464153
5.0,2.7926316630733856,0.8681657852069863
5.0,2.483879928648206,1.7207344384608017
5.0,3.3515084565902242,-0.8726588932472606
5.0,2.515236721335351,0.8764504929331157
5.0,1.311628686948887,0.9582153904347462
5.0,0.7429393251290021,-0.4516188298518703
5.0,0.8755773014415795,1.388066014843164
5.0,1.975022423273282,1.487890003784587
5.0,2.598471598332343,1.478349304400512
5.0,1.6610018144379222,1.252188306202244
5.0,3.383805119141347,0.3882029841095073
5.0,2.9185363115684577,1.3220163258719222
5.0,2.1197173715460007,-1.4296620750172127
5.0,2.619901859890659,0.003864418932054204
5.0,2.432561649804432,0.5055843194701654
5.0,3.0136805754228235,-0.6406253722672755
5.0,2.8101768114500767,0.4518131685945512
5.0,2.366786712095641,0.4798263052876665
5.0,3.9818792232615516,0.8869794919574294
5.0,3.3371349420820247,1.0199422752516265
5.0,2.1693828366187535,0.8863306426026654
5.0,2.1843136532306433,-0.23555318113257703
5.0,2.1026914313999856,1.5089831502907658
5.0,1.798032797351385,-0.2919784825997516
5.0,2.9731190567319348,-1.2104927349018264
5.0,2.7630971881192257,-0.15438308409005508
5.0,4.086246824311739,1.1088059230689484
5.0,2.41112521152364,0.11105159318624712
5.0,2.207255243846477,-0.10596175810097411
5.0,2.328515575375194,-0.2431192664257188
5.0,3.1049252968044376,1.4312010426260477
5.0,3.63098928730399,1.3828625769467449
5.0,3.452531366441455,0.391259690573328
5.0,3.24209686406653,0.48927092327875055
5.0,2.6514830860547467,1.0385603515191932
5.0,4.199402297849775,-1.7136497333845981
5.0,4.563680513895749,-1.7791968936606843
5.0,3.3104441145914536,-1.0920103706667352
5.0,2.400147904573655,0.3373526823254741
5.0,4.043036301128445,0.39476923542385817
5.0,1.1772189376938285,0.5247808050036915
5.0,3.409976756772757,1.532480841634173
5.0,4.293702648099001,0.5008024199063085
5.0,3.5704230604420566,1.3250137826945823
5.0,3.82381704117603,-0.25315247176531464
5.0,3.2448638908036527,-0.7733648635869157
5.0,3.2400690806698327,0.8405984664505971
5.0,3.687923308518906,-0.7056712426766361
5.0,2.138815017288545,0.7443179060439925
5.0,1.9512745315221525,1.9130809452015922
5.0,4.734559377475595,0.3177436030363126
5.0,2.2547245458875764,1.6351993719906612
5.0,3.1755153163039975,1.062548657845612
5.0,2.6008986777872307,1.5900542565583142
5.0,-0.9188624367411216,-0.43750386022545057
5.0,3.0709042671334075,1.5485793233519813
5.0,2.3212969647814603,0.3430806003592696
5.0,2.856957487628259,1.1503475233107292
5.0,1.7003919696901892,1.7558076811981316
5.0,3.7763015697412725,0.7235988947074415
5.0,1.2247007008714126,2.206352501881455
5.0,1.152751380862618,0.36075091358207845
5.0,0.8545428656115303,-0.41396473550247065
5.0,1.4697019246743062,-1.3529462074050356
5.0,0.6060608274603542,0.5397541361842023
5.0,1.2940149630454203,1.397677215301572
5.0,3.763120087241867,-0.6723678407347093
5.0,-0.01678086354171329,-0.5402687422240944
5.0,2.473722889757165,0.03553605780317285
5.0,2.0538799805284316,0.7414105390810024
5.0,2.809497208679229,0.05741891167495286
5.0,3.123892276927229,0.5697300178090302
5.0,3.407807783166173,1.1981305549555608
5.0,3.1789115108785655,1.2650774305062453
5.0,4.558389771077567,-0.08918370188473114
5.0,3.787450894785534,-0.9672188537132292
5.0,2.2043185555949236,0.28112451328271393
5.0,2.8957211768356683,-0.3822291032381861
5.0,3.0119736810315043,0.21953178405008655
5.0,3.280234495132006,0.45043167957937996
5.0,3.3524803297612054,2.3248571395651556
5.0,4.364086428129621,1.6979013461296295
5.0,4.852359827584792,0.2124551429540413
5.0,4.586459606534914,1.6957660079671861
5.0,3.9095893030594326,1.0223451019674803
5.0,4.794830593283166,2.366905379766971
5.0,5.590441250600374,1.05604597740613
5.0,1.5743052210176014,0.31245187259138113
5.0,2.639571988495589,1.5638601581971594
5.0,3.2103723809540474,0.17481569451292162
5.0,5.388081928028196,1.5121395247382405
5.0,2.7444404871038515,1.3762418196547452
5.0,3.8788598672230004,-0.639145753774845
5.0,3.1312599043579925,-0.3207844127248266
5.0,2.8342572147111285,1.24241133739601
5.0,2.2620626552306353,1.5907093265910657
5.0,3.420320526232567,1.3270757722380009
5.0,1.00506977931057,2.0914953144348054
5.0,2.225319738093483,0.3893739579390956
5.0,3.718760740601791,1.1579809674380894
5.0,2.39093289408294,-0.07115213730509554
5.0,2.308946320583433,1.245762422008481
5.0,2.828568173308952,0.20910706107138138
5.0,1.6721042362998326,0.04840640189276251
5.0,2.881856963263834,-0.03139137437475027
5.0,1.8123359858703072,0.3890646109769438
5.0,2.81412785060633,0.3666604587936314
5.0,2.5779717197460306,1.174588906925948
5.0,3.2948594121234334,-0.6555683836742348
5.0,2.5476762777676125,1.505106547529775
5.0,3.051151389452819,-0.41286515104087046
5.0,2.641284008503138,1.7707991863995745
5.0,2.9673747552689984,0.2981972975699339
5.0,2.9482944946909533,0.49213937627138865
5.0,1.4015672493470424,-0.1620470063690547
5.0,2.6908975856083277,0.3982112620844189
5.0,3.3602101287829904,0.7054279722471104
5.0,1.1434443737517055,1.2435814161057936
5.0,2.9970200588422236,2.79385834066269
5.0,2.8388518456136973,0.7366486658011403
5.0,2.038203391010209,0.3083401544697312
5.0,2.314766863414808,-0.2422055968538649
5.0,2.352834593880584,2.111133116878559
5.0,3.9171250675742906,1.7648934677763848
5.0,3.070268525679938,3.1581009176807067
5.0,2.5342252668512653,2.49923873197362
5.0,1.396756481713442,0.9790447494899721
5.0,2.899189898396599,-0.41291399171992066
5.0,3.6174917544476486,1.588545950537606
5.0,2.4910457988600174,0.3149357319999243
5.0,2.834569723105992,0.8864226271905781
5.0,1.733904950523108,-0.7494856583481193
5.0,3.9563749117939744,-0.26159029031450404
5.0,4.0728983938095125,0.48547449373940116
5.0,3.3105455757480717,0.5118121074641164
5.0,3.2470191617150994,1.05323603292854
5.0,3.0492252372989874,0.7071791955129886
5.0,0.2575801216367504,1.5171545546776064
5.0,2.0531451316587233,-0.14115808621577422
5.0,3.0033248255478364,-1.7090954963130038
5.0,2.930570569979583,-1.4715911762948124
5.0,2.225967933625813,0.8343165521798098
5.0,1.339425094051453,1.3489249956483835
5.0,3.0585421161645243,-0.8513274163840313
5.0,2.5610001728615024,-2.707799968106416
5.0,3.2495259657125697,0.580266174148155
5.0,2.526909970692276,1.9450354147180773
5.0,3.650365979322408,1.2183885521061473
5.0,2.255302885453703,0.807461192388583
5.0,2.9580500523306372,0.25429628286294925
5.0,3.215046854428544,-0.643357092832779
5.0,3.626745755298314,-0.009109793048172263
5.0,3.4240616177622614,-0.5016501590922604
6.0,-4.901960987950657,4.608358229955308
6.0,-6.600461365347681,3.3395491134822453
6.0,-4.582066403471143,5.359497248769591
6.0,-3.411058529773876,6.106862252233802
6.0,-3.974996226613208,4.750805734742795
6.0,-6.4922515800475065,4.940225658113693
6.0,-6.892793131813516,4.175806359421708
6.0,-5.020588940849229,4.2436500135525455
6.0,-6.858535795173077,3.33781617854051
6.0,-6.150311052600827,5.232767519605015
6.0,-5.266932622654879,2.913512676494907
6.0,-4.202744204824095,4.52889034208512
6.0,-6.186288834803737,5.1417394579828555
6.0,-6.164998784237465,5.385853314094773
6.0,-5.711670341991482,4.451490801169897
6.0,-6.108022924483616,3.7872846082991676
6.0,-6.646919000992707,5.2918943876763835
6.0,-4.940781754689876,3.5230537059148874
6.0,-4.159455803611884,2.260931671477519
6.0,-7.270572906845703,6.779652075721398
6.0,-5.886304585927509,3.905098496891328
6.0,-5.884759373140867,5.4055465921208015
6.0,-3.9592998891720024,3.2334591627573315
6.0,-4.89911272531179,3.956276922821085
6.0,-6.797826014508044,6.034776036469399
6.0,-6.57837342594218,4.36628818623981
6.0,-6.977473850895844,4.412339650135487
6.0,-6.726579196315445,4.96434031940414
6.0,-4.8060005451634185,4.336312500266277
6.0,-6.008591960630488,6.0348413372694285
6.0,-5.6830320356053114,5.885224735993246
6.0,-4.564859395102319,5.563043874884102
6.0,-5.5446999859228425,6.256479449489315
6.0,-5.658390416756052,4.747440428838358
6.0,-5.127010345694399,5.338472656928644
6.0,-3.4956208238073327,6.364925732672165
6.0,-6.862254373193846,6.325997394434549
6.0,-5.416102602852395,4.846129932869001
6.0,-4.712532909464295,5.994410589408675
6.0,-4.337083925476326,5.5390127285977835
6.0,-6.224758872030378,5.825700677394602
6.0,-4.580808801736926,5.736560682905662
6.0,-5.882452102067089,5.0691665929452965
6.0,-4.7934034344433085,4.153909918447198
6.0,-5.4303517192155235,4.478498112772049
6.0,-5.048613143490074,6.844036285854347
6.0,-5.1459064000506345,4.366485259791033
6.0,-5.362144743709193,6.020314671643384
6.0,-4.6226756747405995,5.205823170430185
6.0,-4.450408621868119,5.063290720859829
6.0,-5.234610513357048,5.1579178776593775
6.0,-4.90963667326092,5.113367028355297
6.0,-5.012055122500815,4.549129780359904
6.0,-5.2282858934655225,4.588706248319418
6.0,-7.444040966911015,3.91828506209071
6.0,-6.1722985261949725,4.4609297067635545
6.0,-6.690921502586381,1.850520106332687
6.0,-4.048045860999044,4.851359079699709
6.0,-5.493085840546734,3.6409501289647213
6.0,-6.154099389561692,4.749428446983011
6.0,-7.353918875906388,3.536116526415839
6.0,-4.600467230442605,5.506922211434557
6.0,-5.844950480203455,4.077707176044897
6.0,-4.5277793645868325,4.33658866085947
6.0,-5.041658483333411,4.163422944795459
6.0,-4.645704493288486,6.455120930315399
6.0,-6.377823157318617,6.2215294339565395
6.0,-5.188453184998695,5.116596782830033
6.0,-4.218779873165138,5.772905452662292
6.0,-4.349978972077062,5.000666642623377
6.0,-4.768941465452819,5.5799185476819355
6.0,-5.495606376636103,5.92584078464048
6.0,-5.490450732694421,4.97773510530897
6.0,-5.791935316994604,5.14537563528419
6.0,-5.311151499377077,4.3048936087852345
6.0,-5.922729670272655,4.3420595491105
6.0,-7.114771697903312,1.8381995567545464
6.0,-6.070325821350713,3.826384220879118
6.0,-5.5081570417949175,4.859689133358558
6.0,-5.353685605914359,5.191952743256102
6.0,-4.056265247605246,2.954104747268052
6.0,-4.494318423975165,5.030114801855888
6.0,-6.7533866458636,4.4211122441464115
6.0,-6.657738094297785,4.571083474939958
6.0,-6.588842586769919,4.493974864984041
6.0,-5.831591788839718,3.668272676462423
6.0,-6.3032588491645924,5.439970045473154
6.0,-5.158460237553177,3.947704609854589
6.0,-5.757444030788937,4.916599911178261
6.0,-5.754529223208292,4.789040960146246
6.0,-4.4003407256436295,4.698829093425241
6.0,-5.533142045131568,4.0542086310726795
6.0,-4.9719883877006525,3.6196136653288407
6.0,-7.323152735703909,5.224116700121161
6.0,-5.962307389736853,3.557463949391401
6.0,-5.628056282045106,2.9418757584102933
6.0,-5.908128438125969,6.948546035992151
6.0,-6.268774841041258,3.643868859859742
6.0,-6.275104420354059,5.511189981210764
6.0,-6.479006497136639,4.200114720250778
6.0,-4.85986032835269,2.776551670536901
6.0,-6.19703971355599,6.297580288423541
6.0,-5.544370977916806,4.5639362337672065
6.0,-5.659468439650624,4.621967219967926
6.0,-6.279047146800773,6.951190818751327
6.0,-6.8193051877135,6.180140724505167
6.0,-5.333795680627132,6.410105201616075
6.0,-4.792278973872285,5.366006205669561
6.0,-4.288550944652527,5.70558365898977
6.0,-6.579732856454052,6.55049850653883
6.0,-5.513475207741777,4.906839409885101
6.0,-4.746458835450095,4.875265247388646
6.0,-5.1856352517106306,4.665465378412244
6.0,-8.002346938241464,4.147992842091672
6.0,-6.960639135778016,4.6279675793233235
6.0,-5.343213383141845,1.282502859757645
6.0,-4.832030268366029,3.7865860714784563
6.0,-5.751767497051262,5.096501566848898
6.0,-5.447876534757989,3.579385479593978
6.0,-6.728167128783072,5.779102944087526
6.0,-4.561931047409499,3.3309729926972205
6.0,-5.32528550042038,4.54237815341406
6.0,-5.2401091395026285,4.1275286511204445
6.0,-6.749458286924084,5.210770535986321
6.0,-5.891071750866191,3.2669317288974975
6.0,-5.42081163956117,4.383842769646761
6.0,-5.167676283107026,3.622060224637584
6.0,-6.120018716112572,4.1523553490499365
6.0,-5.425467271225458,4.159054723063437
6.0,-5.509440062729507,4.206849409440015
6.0,-5.2530824228253925,3.5639071227067176
6.0,-6.769507762659141,5.202233080149202
6.0,-5.157353212748476,3.3216387913870595
6.0,-6.113114965177408,3.0566011183026576
6.0,-4.6828936521920195,6.033813488866497
6.0,-6.298004189339612,6.662167477012988
6.0,-6.277282126157608,3.272507154456792
6.0,-7.560882618794051,5.1527988086930625
6.0,-3.9411459523006442,2.917422414057416
6.0,-6.077614157382182,3.7513757715158262
6.0,-4.672518312254538,4.490573405848187
6.0,-5.286069865613296,4.654395032764103
6.0,-4.79984258413291,4.800763396015119
6.0,-5.974789947676877,4.258285998818013
6.0,-5.0310882107287505,4.821076387104848
6.0,-5.845449644980682,4.652282557195823
6.0,-4.409368685432791,5.7162603653454935
6.0,-4.64072467707366,5.258127905099573
6.0,-5.0172249123274,5.8355312626186056
6.0,-5.754839890543194,4.6715151991313
6.0,-6.491613582172515,5.417940356125885
6.0,-4.501974064421301,6.281015851995151
6.0,-4.352189890129124,4.428932024801344
6.0,-6.210566617159077,6.052263151996861
6.0,-5.813322934421443,5.732379613679036
6.0,-5.9613350388282775,6.156213379075396
7.0,2.689124407190803,0.19978210901600543
7.0,1.660657397374333,-0.2971779316727402
7.0,3.011656324139521,-2.0556701305381453
7.0,3.7772053100255745,-0.6358617092729387
7.0,3.260518995910291,-0.49375400911810396
7.0,2.6532675182133723,0.047877859349028926
7.0,1.9615343878092326,1.5480438511932682
7.0,4.934410693062771,-0.017276404694389187
7.0,2.0823226798976178,1.2795082851017077
7.0,2.3538932469154465,0.3978789437974326
7.0,3.263201864249401,-0.6551473251752638
7.0,4.857965525081125,1.940986054566267
7.0,3.9828167023110312,0.9369079312137316
7.0,3.134000780989476,0.39922562251384297
7.0,4.079077644056944,0.9800518771485056
7.0,2.932742334172539,-0.06771666382445866
7.0,3.3201934329465814,-0.16800662239777409
7.0,1.6376888030703114,1.995009326184104
7.0,3.761263846608443,-0.6285049035579762
7.0,4.313584363908009,0.7299053860644635
7.0,4.858772853188255,1.0289414387823672
7.0,1.815000586485632,1.0979174498599433
7.0,2.4785312424834145,-1.163961535331671
7.0,2.38352926140516,1.4709865202887704
7.0,3.6256762172232473,0.44110885199665806
7.0,4.556250490474047,0.7538902715180649
7.0,1.2635657127736184,0.257619509309458
7.0,1.8858663763048171,0.2032388555997566
7.0,2.274319805299902,-0.13278139402248196
7.0,0.15300279769310082,0.20152594623663936
7.0,1.944202368006279,-0.12094777535965971
7.0,2.8362609379171295,-0.6606190895999839
7.0,1.0006006833608558,0.780178031805873
7.0,1.530140431464063,-1.7604149860302638
7.0,4.582418024211804,0.8015991660582213
7.0,4.2351709869321885,0.05961887183816437
7.0,3.0584835477405683,-0.8493281594028743
7.0,2.5727149129858202,-0.3688648289009159
7.0,2.9066447443739265,-0.37034067965391887
7.0,2.5078404581646567,0.4632166089494555
7.0,1.7054635054086678,0.805504961263743
7.0,2.9226785746816337,-0.6022204658922993
7.0,3.9700376791469147,-1.1444050099191625
7.0,2.9869411831562096,-0.316575151761099
7.0,2.8820605329195117,0.8390304528453747
7.0,-0.112869211520154,1.3201001027888273
7.0,4.388992094744903,-1.4962313896158812
7.0,3.604239211118644,-0.42691381177549154
7.0,1.9804093806579879,1.7234590500944063
7.0,3.000569127358084,-0.6853767445743362
7.0,1.9417467514641582,-0.6212552668078066
7.0,4.407578726874939,-0.44443924311653826
7.0,2.084101758450479,1.9567329606013695
7.0,1.4540989816618268,1.605421515475267
7.0,3.0685718474858366,0.34438611187174395
7.0,1.578921379015658,-1.8557278793716676
7.0,2.3627652823598986,0.6602281352187915
7.0,2.7676696855475393,-0.08836421044130838
7.0,3.5929439073994978,-1.3315824236106026
7.0,4.069306360187635,-0.5077479527128425
7.0,4.345331023206271,-1.208160331806036
7.0,4.194235040978219,0.7148688259138617
7.0,4.572431050925357,1.3225094327443652
7.0,3.5296155542761642,-1.3405595878561924
7.0,3.5837296557085767,0.7294890150380413
7.0,1.8324460781407332,1.4326180071194714
7.0,2.5649957108035286,0.39833164875480576
7.0,2.58178278276805,1.37627274253352
7.0,2.3667952120470965,-0.6076984862031055
7.0,-0.03270594221778734,-0.28881270406790904
7.0,2.2916042127393492,-0.5940680669378554
7.0,2.3997326271811623,-0.24802358646121692
7.0,0.3908704976096144,1.0408910419624482
7.0,2.3593844457871143,0.07460755283732579
7.0,2.556594129028328,1.0402652290810246
7.0,2.0201453776831095,-1.297564979772724
7.0,1.974556957641051,0.5204864339122192
7.0,4.377044850761234,-0.010579108484551467
7.0,1.45977284092029,-0.07996137103461551
7.0,2.390528279099999,0.18085977492281172
7.0,1.7637989064226027,-0.2751583343316427
7.0,3.049848610934574,0.43167792266821536
7.0,5.227802397537715,1.5129401608911501
7.0,3.3743146354856375,-1.1060632226380305
7.0,3.906882340527194,-0.856415757617134
7.0,2.973355581467715,0.8036906756776288
7.0,5.61021538477979,0.9882830709314546
7.0,2.620536564112618,0.7089041102393915
7.0,3.206734970070588,1.3405987462111844
7.0,3.219813273123441,-0.1923515582321342
7.0,3.208839091966497,-1.1096780972235116
7.0,4.6152743324447165,1.5416885639317093
7.0,3.9054989383418324,0.8745343990481538
7.0,2.841024145166976,0.1188857658255425
7.0,2.880715106374946,0.9473741756453395
7.0,2.6123467522586257,-0.2789248240194374
7.0,2.40856080193707,0.2535325211268523
7.0,3.3200815120702365,0.16603039404370407
7.0,4.928101766326846,0.7193636344340266
7.0,4.38149984693257,-0.6634280843051311
7.0,3.0575871063066997,0.7829127420780496
7.0,2.2884119423057734,1.2332036939958786
7.0,2.953912586561943,0.5724504883439708
7.0,-0.11181753025301247,0.12684331466399923
7.0,2.465213834080359,2.1013772656939427
7.0,0.3186843757498721,0.6538008640584135
7.0,1.852587466833706,1.973739961140693
7.0,1.5263654752925297,-0.1736079920744999
7.0,2.0389028705898284,0.423569459990654
7.0,2.0410847055402708,0.29786610558703347
7.0,2.855575776151376,1.9114556696335157
7.0,3.084158607829402,1.845836535436332
7.0,2.9317702857535575,-1.0010758261520882
7.0,3.601387655404422,1.0972823073313394
7.0,1.4814298664048504,-0.6285811393995984
7.0,2.5688476993004836,0.8962698335157678
7.0,4.001723223175717,0.6595488178700117
7.0,4.089100667006699,1.3560547868666193
7.0,3.455939895659001,0.0569437572943744
7.0,3.111122107400597,-0.09077707338434667
7.0,2.9583964653540042,2.1803520495935445
7.0,3.04655010671715,-1.3282533868085795
7.0,-0.7470016417449863,-0.7678222371564766
7.0,3.2338188495625464,0.27173086603179963
7.0,2.6009208728487456,1.1266611353491693
7.0,3.69446636216871,0.6061381512696623
7.0,0.7273892692919982,-0.8195627637213609
7.0,3.1179723158890305,0.03549252691152763
7.0,4.484384742043432,-0.3909350537377703
7.0,1.7005684466657236,0.8231587778058749
7.0,2.824820549647064,-0.9545380282681647
7.0,4.209937986582811,-0.7760109595816106
7.0,2.5107072340240504,0.9682497584528608
7.0,3.478634755358271,-0.8681437744389797
7.0,2.7496794018004698,-0.5310131338939923
7.0,4.164663266642572,0.22373084897861942
7.0,3.079849422058062,0.39006887434168885
7.0,3.234770353535895,0.8155619840357996
7.0,3.859148193919967,-0.7556934803579183
7.0,5.171827789716362,0.28170062368135906
7.0,5.093744240774629,-0.024252039240479133
7.0,4.522154773610882,-0.3650637892261212
7.0,3.679799769644244,-0.3424529928866432
7.0,4.55522357726948,-0.8629860273512407
7.0,2.5533907733344607,-0.006651370815520708
7.0,2.4796508076630497,0.9527875704755636
7.0,3.828196975801118,0.9294603695618446
7.0,3.01359793063095,-0.775588705789418
7.0,3.9390987502560844,1.0454496521783085
7.0,1.6983882501040275,-1.0598191040043292
7.0,2.388806810006538,0.7394686443463
7.0,1.7924532096007593,-0.6894667594631646
7.0,2.5181168089817323,0.16541765036296002
7.0,1.6856767646744288,-1.7177248584686196
7.0,3.335660386912766,-0.7484360737448021
7.0,1.4015180671281564,-0.7618658793730292
8.0,2.4333318403445525,1.010110967783741
8.0,3.0363124485802238,1.8604041364640787
8.0,2.6508754894603523,1.546834474150957
8.0,4.020708545502166,-0.5789163955491634
8.0,2.5635373943838085,-0.01598043950970061
8.0,2.5593257810781,1.0658687430958966
8.0,2.990952673919622,0.4778090008855082
8.0,2.544902213954073,-0.13799648833711128
8.0,2.0515566824482643,-1.1804599807902119
8.0,2.8927327730241306,0.23501850535547777
8.0,1.1576923457918724,-1.3976095393539338
8.0,1.7536834561418175,-0.277959309372232
8.0,1.2788206529531643,0.9587787731585968
8.0,2.65258333137198,-0.07497248099952819
8.0,1.766217629657982,1.3210002076524021
8.0,3.78631505080681,0.6443467402079127
8.0,2.9361686749231057,-0.8405339177010153
8.0,0.27879106511840274,-1.907446726911114
8.0,1.902169696986218,1.075056115207698
8.0,3.5226331489829676,-0.7727291645883179
8.0,3.892544223473514,0.20668038238715827
8.0,3.959915922973183,0.8450550009749822
8.0,3.588692962651408,1.027799570095256
8.0,1.9211400296331578,0.49024272511489636
8.0,3.978535137612913,-0.12890602303698728
8.0,2.305936336629771,1.4247224501390088
8.0,2.487708354072386,-0.387533223831137
8.0,4.486486954845305,1.078740969710026
8.0,3.183949716853108,1.29430801340085
8.0,2.267757428586202,-0.5263186687438175
8.0,2.9024629947914726,0.7174881145140731
8.0,4.218954968109014,-0.6342117339328665
8.0,2.032067811918023,0.007094545846453577
8.0,4.288404567035546,0.40589690794037536
8.0,3.3258244656107077,-0.23648061092866998
8.0,3.440406002414742,-0.23144546111952233
8.0,3.2894872628290064,0.2523138526151395
8.0,4.204392031939491,-0.6805181980216304
8.0,2.0886367994474524,-0.08519193285958179
8.0,3.8643852931363436,-0.7277564663900361
8.0,3.830466595155756,-1.1444544136894228
8.0,2.5422911580656575,-0.2558619279331317
8.0,2.8118168667174723,-0.2061423702885602
8.0,4.1984563419417755,0.782617492329128
8.0,4.532758147275959,-0.44070891969065007
8.0,1.8813134022850655,-0.9533165107532623
8.0,2.773419259120046,0.24529297578500445
8.0,1.1666408349607174,0.17530742115898149
8.0,3.644811434318281,0.11734563281342633
8.0,2.783805067345931,1.1595569772697123
8.0,4.456678172630857,0.05698281459288415
8.0,1.839950146771158,2.770602695745571
8.0,1.8249208448388174,0.6699411863552701
8.0,2.4613730480611835,1.6939853593326586
8.0,3.186545900958474,0.11603560454030618
8.0,2.876602886318035,-0.4293254002311664
8.0,3.5357924811082,0.4758964717234794
8.0,2.2551571765763447,1.7984149314998152
8.0,2.4185079345613607,0.6792515121650368
8.0,2.391635799152235,0.4340594352477228
8.0,4.101908778842014,-0.158800082751137
8.0,3.390687857484312,0.7450081316547348
8.0,2.4389059680016856,0.9732879905882197
8.0,2.284101527398263,0.4925777990543678
8.0,1.7223032735448336,1.854411825886525
8.0,0.3411472452321455,-0.41039812062241326
8.0,4.264926140246265,-0.40176130452468756
8.0,1.8085761875865212,-1.7978681836482397
8.0,2.370425660543971,1.6699089105393594
8.0,1.6257142635473292,0.56108669009143
8.0,1.4525861633072727,0.7723648759544397
8.0,2.825001056893729,1.2850149296271227
8.0,2.9406346142081086,0.5147532013493388
8.0,3.551506120604959,1.3467464581554676
8.0,2.2344183985026858,-1.3658876653014436
8.0,2.3204337477841057,0.1408667998326778
8.0,3.4607353446721976,-0.7406655336501139
8.0,3.1075422886382498,0.7722400442427587
8.0,3.912742113922385,0.4794844033372666
8.0,2.760859481545848,0.31107223868872885
8.0,3.9956229020497798,-0.9476031783997377
8.0,3.146159706778172,1.147273999971676
8.0,3.306619072195974,0.20058538474591311
8.0,3.650767760016869,0.10001220443426866
8.0,3.831318818817745,-1.0390800726392746
8.0,3.8056902292092523,-1.4646340380734506
8.0,1.7342342268492106,-1.3645672190979201
8.0,3.364982320639583,0.7424743053692412
8.0,3.5617395238975775,0.041723645898105934
8.0,4.331144839184767,-0.10714551518463007
8.0,2.687760639452117,-0.04128123062118673
8.0,1.7999166415307077,1.746332250661955
8.0,2.864447919570943,0.2144806847096067
8.0,2.9961782393967824,0.32696722118871807
8.0,3.478902072220331,-0.4948453267751115
8.0,3.3539584647055425,-1.36961382456603
8.0,3.619190431968694,-0.27132698459534804
8.0,2.449460353858715,0.26862892693832746
8.0,4.164664271256014,-0.1741081712731916
8.0,4.178275196284613,0.70759208004908
8.0,2.500974579783018,-0.35834539081899214
8.0,1.330939747103685,0.4837368738464902
8.0,2.151571946919524,0.7238033010656754
8.0,2.0495889543739225,-1.0780865049051507
8.0,2.0525270199849834,-1.3806956410213898
8.0,2.836582499967775,-0.36805496662759923
8.0,2.4023835602106325,-0.7025911725727774
8.0,2.5499781455375774,1.227533687021176
8.0,2.507376008550652,-0.8190071914736834
8.0,2.005406503530431,1.0476660059998149
8.0,3.5177440257531156,1.2949585774005803
8.0,3.497011886728174,1.0833646972806112
8.0,2.67993418144181,1.1323028795450576
8.0,3.972613944019778,-1.2600196173994997
8.0,2.6064125903732003,0.057966462643435496
8.0,1.1066525300846641,-0.9811992292853586
8.0,4.0365293722377364,-0.05611322913505217
8.0,2.863978512979944,0.49559252268126763
8.0,3.4102539505878817,-0.19223364006061766
8.0,3.3123756200358594,1.0199341085619236
8.0,2.396868759559202,1.6545568297451814
8.0,2.252159093578928,1.1302515553326733
8.0,1.6562421906307216,-0.5667487638500343
8.0,2.5198532444688073,0.7708592052543013
8.0,2.9071930020749175,-1.1218333253997954
8.0,2.6138522561786037,-0.4852154871443318
8.0,1.3540438344288894,-0.24620760166867361
8.0,2.793866101470465,0.9380642504721153
8.0,3.4613958150434723,0.327663477162923
8.0,1.7230328251836033,0.009663238660878745
8.0,4.011731399921969,0.2622553629533252
8.0,3.8061369856727554,-0.24011992238217073
8.0,1.5177833490338442,-0.5266349519008523
8.0,4.707172398179104,0.046322913325636046
8.0,3.134907736564429,-0.6900592335368927
8.0,2.41076940882546,0.46101937428505807
8.0,3.2621537589417327,-0.21165110987001864
8.0,4.658718742743337,-0.05200323171453912
8.0,3.182387218348362,1.1827784578217946
8.0,2.827417547368326,-0.5428998044351291
8.0,3.500319413390889,0.35020631774775657
8.0,3.3250617557565634,-0.7970380233796593
8.0,3.361911098253229,1.4852093077725337
8.0,2.7238797383634945,2.0585475434644964
8.0,3.0773440022156113,-0.476925212923219
8.0,2.171425902716778,-0.2775355518844874
8.0,2.718511641398309,0.29179418042998695
8.0,4.109263013142637,0.37977964480153903
8.0,0.43740325883618414,1.993267320972489
8.0,2.646661245300958,0.9362363171997121
8.0,1.2393780019453513,1.0290065914088413
8.0,2.0513058118439305,-0.5608633270249409
8.0,2.9952784679164917,-0.6753260406465635
8.0,3.7462561124172487,0.7226916327738616
8.0,2.4922297909977007,0.383720614975686
8.0,4.0003241050887075,-0.6098066001091449
0.0,-7.371554142573336,-0.8063595236841099
0.0,-8.139370691059655,-1.6224790834684542
0.0,-6.568977741717055,2.5496757732568294
0.0,-6.643242207976871,-1.3034629988866666
0.0,-6.632593669329082,-0.5960441455397052
0.0,-8.587441529014948,-0.6008437008357026
0.0,-6.358156410229596,1.812265409412354
0.0,-7.300708976020772,-1.9760464437060612
0.0,-7.512728645871651,-2.1257604895306406
0.0,-8.274669621232189,-0.9129094975563239
0.0,-7.09837989786859,1.276557105934715
0.0,-5.2109805816054795,-1.43753438023047
0.0,-7.620160817105204,-0.23640702553485365
0.0,-7.361708738186152,-0.12084670610207301
0.0,-8.31808547780629,-1.1727838340316379
0.0,-7.600001835625079,-0.22700364027001482
0.0,-7.177108130244407,0.4198296592705561
0.0,-8.627885286165178,-1.5352070737524346
0.0,-9.1489609503095,-0.16463708327492016
0.0,-7.932063271227921,2.4373009958023433
0.0,-8.420875405748575,-1.4180953308889601
0.0,-6.593656340023682,-0.6757962945235022
0.0,-8.268980885052303,-1.2072454579945424
0.0,-4.4187674950620455,-0.3620669735856374
0.0,-6.08954372756315,-1.0828051701116332
0.0,-6.731450672071816,0.5676193422230077
0.0,-6.285489427198037,-0.6316479728964786
0.0,-7.762254792691617,-1.314654491154178
0.0,-7.034931144932186,1.507323049386349
0.0,-4.536471610050256,-2.143275176000022
0.0,-7.187401265128388,-0.7843467910692584
0.0,-8.579243869400962,-0.44932725142383545
0.0,-6.867399584900986,0.548550127355071
0.0,-8.626787984831743,-1.3282211921936815
0.0,-6.948075645685165,-1.2519450264190495
0.0,-8.461582067592786,-0.6147306975313634
1.0,4.849582237064572,2.0303142292937824
1.0,4.270612551431179,1.3775991149364195
1.0,4.360372580454065,-5.4619007448297205
1.0,4.462690780070843,2.136426500859161
1.0,4.016887049242797,2.022488209205105
1.0,4.343995452258533,0.9895285183024268
1.0,4.893077699713713,1.777052799059213
1.0,3.314620386198471,2.5325939582063617
1.0,5.043452354637133,1.6296685255683214
1.0,4.225988329855576,0.35222284418286476
1.0,5.540596732168867,-1.213091435986756
1.0,3.598764946612143,2.0419317786160938
1.0,4.526815254330533,1.331251412034389
1.0,4.417389108934397,1.485464810630539
1.0,2.8299055292298902,2.1604487384081326
1.0,4.561143846617649,-5.160752101144991
1.0,3.041108811942712,1.7953715832381756
1.0,3.70769414469339,2.191715523951993
1.0,3.810221417642417,1.150729005869139
1.0,4.663139695213224,0.3187155663985399
1.0,2.274957710473014,2.246539526074753
1.0,4.368881684765164,2.0643747254823426
1.0,3.967700084901377,0.7460909841164557
1.0,1.9915898444889528,1.4596291612048633
1.0,5.95973425014993,-0.28841605407130494
1.0,3.598769201347102,1.2177168356792505
1.0,5.401152683355778,0.8815312959696364
1.0,3.6219678088002185,1.6053801109078345
1.0,4.371944333137063,-4.627090250399785
1.0,4.080767232933202,2.905640958306633
1.0,3.2255887954785973,1.4748549538383215
1.0,3.6008959807602885,0.8176146910083677
1.0,6.107630443715615,-0.4661414052771711
1.0,3.500213520193535,2.773841657996609
1.0,5.402557480271155,1.6324523622718659
1.0,3.528380779152541,1.3069862949486326
2.0,-1.8375727476917518,-2.934460059263732
2.0,-2.6392698203793006,-4.821017708980384
2.0,-1.394841848907988,-2.4439621608840607
2.0,-2.2443253642640553,-5.143861657802389
2.0,0.7027727931379292,-2.9653020677634556
2.0,-2.790984976484667,-3.339060879722198
2.0,-2.4907245885070632,-4.69522761791225
2.0,-3.1307875160911833,-2.1391561589787007
2.0,-1.7118554864248756,-4.566035935797457
2.0,-1.88711361188377,-3.1431370893979067
2.0,-3.9830271256478187,-2.472635537828088
2.0,-1.1299213819067229,-4.6834040023298
2.0,-2.5193590911626775,-3.9469254504817264
2.0,-1.1007853933092346,-3.1247714386348067
2.0,-4.46004260803044,-2.586247149793142
2.0,-0.8814057400524122,-3.6471280646119357
2.0,-0.60413649031877,-3.122122645108415
2.0,-0.609282153342547,-3.5047414162024437
2.0,-0.7784777493421501,-2.794648843111056
2.0,-2.874136806925447,-2.639940037696974
2.0,-2.4704263765214285,-3.7136429250326626
2.0,0.952069704029461,-3.7616968537863094
2.0,-2.871514591137342,-4.165216372033325
2.0,-1.0562986348555399,-1.2956469195997495
2.0,-1.9775724192626514,-3.9047413968419677
2.0,-1.6212712297623362,-2.686733944541674
2.0,-2.452655637283097,-3.389671172206967
2.0,-5.488148855919376,-2.1085799037688706
2.0,-2.5034482280191845,-4.270309785813339
2.0,-0.7731477820329148,-3.5443059368425778
2.0,0.9466119272729502,-4.081277124483458
2.0,-2.5587337655956444,-3.480471218808937
2.0,-3.4409565141366274,-4.424103608986482
2.0,-1.5642213891970822,-3.5051742290147647
2.0,-1.2189072661773874,-3.6403722584485316
2.0,-3.9401376104239243,-0.7669561911239406
3.0,-2.2471392379723687,-4.338805469082892
3.0,-0.009457842864033018,-3.249623105776369
3.0,-1.5074829223215085,-3.9868368049358582
3.0,-0.7691813453305506,-3.2881843573127196
3.0,-0.3293778057263648,-3.80207513842115
3.0,-1.0462833182845237,-4.54473428624381
3.0,0.9306499438169155,-3.4345123001748847
3.0,2.5818073912796398,-2.474771214286148
3.0,0.5642334005107368,-3.6542061214118395
3.0,-0.6640659378412174,-5.905639485105922
3.0,-1.850113828013171,-4.001538535984185
3.0,-2.397438159889369,-4.251491571766207
3.0,-0.07348608566512936,-2.2497849797566385
3.0,-1.233275934959299,-3.9641094315891747
3.0,-1.3550637359496713,-2.3822162077943823
3.0,-1.0617452353838053,-1.573081589765519
3.0,0.08400155638553053,-3.484835771828605
3.0,-1.081322704524725,-4.44024020893184
3.0,-2.214113542891502,-4.609913690271686
3.0,-0.8966375984121817,-3.103612918611969
3.0,0.5668771278164968,-4.2164537118073575
3.0,1.2842509418734869,-2.8734675231624895
3.0,-0.14994870842308405,-4.771903906204409
3.0,0.7107771639689001,-4.349554332375479
3.0,0.3431123200842772,-2.6541051191475473
3.0,-0.09872178818857315,-2.8163268582601493
3.0,-1.2013485775236858,-4.106682959327839
3.0,-0.7013507407608348,-3.450772382668038
3.0,-1.4276838412521589,-3.251414388165053
3.0,-0.19978455185213576,-3.178317987813435
3.0,0.6781683887144884,-4.120761327623828
3.0,-1.2437393925670195,-3.471852292489002
3.0,-0.40024011159343387,-2.772510641232082
3.0,0.32677496913744575,-2.5733598681927474
3.0,0.5705505090829519,-2.9608238947154537
3.0,-1.8122157566443582,-6.1111145808787475
4.0,2.7292747978738885,1.94126899159752
4.0,2.805672552493411,1.9946483700789472
4.0,2.505608098812134,1.1527096627127769
4.0,2.5078764385631356,-0.5735557770580385
4.0,1.5601365777488092,2.5952298074520943
4.0,1.740342088545498,2.726663250905894
4.0,2.3854233844820087,1.4573417532345165
4.0,1.9317414795447532,1.4372665488593348
4.0,3.8495238896532107,0.9561220572382194
4.0,4.78287786361562,1.9331890017313922
4.0,1.590126817742841,1.291150011795923
4.0,2.573490694912009,1.0024495054259475
4.0,1.7219758200700839,0.5392481878638503
4.0,3.198807622243943,2.396624444250618
4.0,2.4105295086500993,1.30519265333251
4.0,1.7659055485972694,1.0192127782768707
4.0,1.7089757116937552,-0.30916541221018623
4.0,2.5928922312002722,1.1700961119044135
4.0,2.177087973768765,2.258555139326286
4.0,1.8169560340786406,0.8471588750806193
4.0,1.4387735836810651,1.8056295976286088
4.0,2.78535084158674,2.3834665729753146
4.0,2.6709259272766888,1.0877729884906946
4.0,1.2961494509220355,0.9127822142283293
4.0,1.420267999895376,2.0385810462384018
4.0,2.0154120132742754,-0.5980770648813022
4.0,3.2302250168589564,2.3944136240612024
4.0,4.085735559765763,2.618716778152821
4.0,2.5042317168480963,0.8819646219882719
4.0,2.7600222891951773,0.9229981093277981
4.0,3.878573994033901,2.127980886118309
4.0,3.1793284310431247,1.8751467855746422
4.0,1.5138718319398992,2.075746692730678
4.0,2.4101819966653544,1.7913242049048013
4.0,2.0006192977381794,1.8787264312251055
4.0,2.9487484772746835,2.0952497503161935
5.0,2.838359545198707,1.2443328285385657
5.0,2.725935301585518,2.7402098702051334
5.0,2.7803676112662608,0.3982586067845242
5.0,3.8160993787244664,1.6862057862436086
5.0,3.3016973612831135,1.9279015231744996
5.0,2.514078110609435,0.5382802208274498
5.0,3.3049419453887503,0.5192995929970078
5.0,4.6571293380802015,0.8911570973155162
5.0,2.2165581806802463,1.806943330830182
5.0,3.1001885416148416,1.404818209627056
5.0,2.7512173222889116,1.518354034325557
5.0,2.054007044240744,1.6520542282149497
5.0,2.3581453485697055,-1.219491188774482
5.0,4.258993305991572,-0.063182833812035
5.0,4.730299003879042,1.616860132643008
5.0,1.9179465345520084,-0.8446949615478555
5.0,1.571780064808777,0.7012908359632879
5.0,3.860527188510671,1.5008943264793486
5.0,2.01450121466041,1.2942410803405506
5.0,1.5769703090707736,-0.11708187583242462
5.0,2.85806379466119,1.3245689263945553
5.0,2.740582512499209,1.2263987785979886
5.0,3.821434267464626,2.696212396502836
5.0,2.726939127149488,0.6052194113259165
5.0,2.207316395280989,-0.41021187309644486
5.0,3.3071719557007873,-0.031733789844028665
5.0,3.1761391469450677,0.9443689151153088
5.0,4.508630173978271,-0.430494913745875
5.0,4.189819097877911,1.7202524147035725
5.0,2.1176806967677404,1.9516670249432304
5.0,3.2081327301358233,1.7506274497323322
5.0,3.2304722371778993,0.9015469571805634
5.0,2.835592842393711,2.014191247764653
5.0,1.7398779412557734,0.9530769639242422
5.0,3.7307565726204173,0.6767017419217412
5.0,4.3881581173399,-0.08179826428819224
6.0,-4.377411512435541,3.760876517371774
6.0,-4.959550059995344,3.6387852142663846
6.0,-5.209806542846984,2.5922344435873317
6.0,-5.383024071882936,5.379070044663045
6.0,-5.521765085824603,5.581645391486241
6.0,-5.580861309459856,6.706596502346673
6.0,-5.430396405477694,4.958325958812679
6.0,-6.0323188149921165,4.92779864600891
6.0,-4.524997821236837,3.7823694061411497
6.0,-4.477111916555767,4.114132823092701
6.0,-6.010908716639311,3.052548293855003
6.0,-5.740995810887957,5.097779663727533
6.0,-5.036273998582351,4.025105477662371
6.0,-6.077063537367297,4.017979533685742
6.0,-6.492587495810841,4.020233550904608
6.0,-5.890882853634785,4.432913571971591
6.0,-4.704960860354077,6.049287305231528
6.0,-5.935398928143986,4.295060726246617
6.0,-6.111791565007448,4.682458874175296
6.0,-7.082077083392558,2.2130094910370337
6.0,-5.458988311419396,5.736877600775
6.0,-5.5862912431417096,3.882000867638501
6.0,-5.813316911153266,4.157080366628163
6.0,-5.398997422211752,5.942583605075967
6.0,-5.459642242680506,4.4756489467986995
6.0,-5.0781266334912685,6.147406722146524
6.0,-4.602136273143037,5.204932737428025
6.0,-4.62545224566574,6.001423635540516
6.0,-4.790468649678745,5.755129386803543
6.0,-5.941160541323496,4.190581292046457
6.0,-6.25831398672222,5.5448504065258
6.0,-6.202991657692422,6.719063703199041
6.0,-7.086107434322467,5.826447903389575
6.0,-5.696253992139471,4.753211965228951
6.0,-5.488100945270971,4.076267407415568
6.0,-5.388019004138693,4.483113958878536
7.0,2.8907031272987918,0.8005112400307243
7.0,1.0139174470665548,0.2568949409789015
7.0,2.2042008070462367,0.278984924049935
7.0,2.695879936650741,0.37503215327559436
7.0,3.7455163465554904,0.29760992915136925
7.0,2.9650392764455704,1.549284436734131
7.0,3.9363769216249973,0.8586784481003422
7.0,2.582878749200602,1.4547103380440112
7.0,1.7430493309630997,0.6492520106832476
7.0,1.6137974639780754,-0.4653343231163637
7.0,5.083384550217137,-0.33242818653311357
7.0,2.7954312355863147,-0.20848841993323858
7.0,3.391694126212877,0.9234515414408001
7.0,3.6744636635189942,0.5795529350270716
7.0,1.2162168977067531,0.26367832776611183
7.0,1.9555963657906905,1.3013320876432155
7.0,2.324339044158742,3.109085312052735
7.0,3.9191273072572095,0.5343688822480734
7.0,1.7856742728767308,1.0113813320006884
7.0,3.3566471719998723,0.285348806476723
7.0,3.0295612293856706,0.09463185617131233
7.0,2.695371229024412,1.468591604291748
7.0,1.3436788394383523,-0.1570820260740929
7.0,2.510567668979337,3.216703282941165
7.0,3.9560107136817346,0.31063337696240706
7.0,2.0282029478671197,3.7780055611553713
7.0,2.548530804755966,-0.47654561167815546
7.0,2.6657005258153186,0.4933291354572906
7.0,3.662699951951222,1.2316001657713134
7.0,2.6448848516928836,0.4826698128368367
7.0,3.1354563671413085,0.34528173978941
7.0,0.9510337835422024,0.7474500525303364
7.0,5.3794629043737,0.6251458837197159
7.0,2.496201423315588,0.7635717939467482
7.0,3.1368698465974916,0.38062189504153554
7.0,3.83010240752163,0.34328344787464665
8.0,2.0541608105872826,0.40940303985623233
8.0,0.3224154604622367,-0.9917336246205883
8.0,3.8260521701219927,0.4019569967257986
8.0,3.701124497373341,0.27370189884891455
8.0,0.76113792262535,0.2656343568367941
8.0,1.4139891784428338,0.32106710653371595
8.0,1.5239126425853704,0.47825088636574237
8.0,2.2886280403713717,-0.03786493428149961
8.0,1.45279175898728,0.26379720480443775
8.0,3.2505157046215825,0.5213609934885579
8.0,3.3788415441177215,-0.11526876289961951
8.0,4.104329277607999,-0.012939718593397737
8.0,2.086137307521945,1.1008896642807648
8.0,2.6650720800988887,0.48064828172263613
8.0,3.9840157976258803,-0.6751317208812099
8.0,4.27947066167912,1.0801274722960408
8.0,3.598166869988246,1.873250792222714
8.0,1.9269259500293936,0.6367999382394491
8.0,1.7302905096655832,-0.8300442415576575
8.0,3.349931292618058,0.8155152045521771
8.0,2.731670334684284,-0.22250291433820424
8.0,0.20958226749142264,0.6474890180713051
8.0,3.416180172142783,0.24224617233224105
8.0,2.5211076591403048,1.556917294740626
8.0,3.029681202995334,0.8858638874704806
8.0,3.879581616133997,1.4997291066336458
8.0,2.742493544190705,-0.2742091129468909
8.0,3.502049998881921,0.7550944483664818
8.0,2.8026123527688185,-0.2582694962605007
8.0,3.379872237149339,0.5452199470523696
8.0,0.2021618674887532,0.424967932502845
8.0,4.712085450746857,1.1339182300282649
8.0,3.2700353707382708,-0.05973706524440358
8.0,3.7688920314539778,-0.00817305424173008
8.0,2.622679083635485,0.17570887100479987
8.0,3.6140197694812106,0.025111773733389478
