0.0,-0.6347573199031625,1.9794470110952693
0.0,-2.082512416287088,-1.9048978001320593
0.0,0.6486924110978803,1.0533397349609699
0.0,-1.4588536746546872,0.7955575027362345
0.0,-2.2302603012244484,1.1797707871264747
0.0,-3.0763968317036325,0.9861760657534995
0.0,-1.7326620995707411,-0.818759453499411
0.0,-1.1390594265801406,0.2797126462233255
0.0,-1.2714761063219793,-1.8067228026710844
0.0,-1.9926484253751269,1.351984380713802
0.0,-0.531826191082839,-0.06793737078250657
0.0,1.4663013067231727,-0.37281787712210435
0.0,-2.0621538119171277,-1.9689570314489284
0.0,-2.6872630430389295,0.7357507942653488
0.0,0.1720863494444794,1.2551427072564882
0.0,-1.2217169508467938,-1.5547614140638417
0.0,-0.6837646386071826,-1.3735691478964742
0.0,-1.6097720211720008,-1.0014848307432858
0.0,-0.44562971270262636,-0.43683576359036225
0.0,-2.4412950135987015,0.4386728730259122
0.0,-2.413917655613969,1.3549858031279207
0.0,-0.7513924552500407,-0.748984500890953
0.0,-0.7790169298477344,0.8018339140561961
0.0,-3.6859836937670027,-1.894152369276893
0.0,-0.9507872142969747,0.5916987219088091
0.0,-2.2723591127627962,0.9356964800571996
0.0,-0.11798926561427456,0.20204918119368184
0.0,0.3963017669068199,0.8649216702201709
0.0,-1.6127031811024155,0.6535558439291945
0.0,-2.1599871321308464,1.010544800478221
0.0,-1.224640146258923,0.15499437500878563
0.0,0.026193427619265675,1.851912342212452
0.0,-0.5675727113150443,0.8493621416167668
0.0,-1.141408824801449,-0.43458038578191693
0.0,-2.089658149826296,1.0786602084844197
0.0,-2.7181271663484856,-1.4873061761606439
0.0,-2.213157944974847,-0.0753356775210047
0.0,-1.8116443583295525,0.03607670459575584
0.0,-1.7390075040840296,0.2945859607799359
0.0,-1.0986101084713784,0.4285258151612752
0.0,-2.138398394807881,-0.4523133457287173
0.0,-2.683327907037651,-1.645665106668144
0.0,-0.7112918758880994,1.095966911835877
0.0,-1.9413394430425477,0.7518120137744382
0.0,-4.618104835519773,-0.5807443936008393
0.0,-2.3506160963376352,1.08949735718489
0.0,-2.8323923318340904,1.0751148737010459
0.0,-2.263920033813398,0.2092230652715207
0.0,-2.4080013865080976,-0.7033146202792965
0.0,-2.185046218573115,-0.7199635007578937
0.0,-2.4300487854404866,-0.8312869663672374
0.0,-2.69619743505817,1.1445650975791914
0.0,-3.790333709656631,-1.909571452623286
0.0,-0.711784787956896,-1.4384738574427967
0.0,-0.09999726100902002,-0.9688103416712978
0.0,-0.05042328336089974,-1.3995955422293855
0.0,-1.2616273079402311,-0.7588167100755943
0.0,-0.18167000464679117,0.47885561894542544
0.0,-0.073222839641997,0.7970174942176742
0.0,-0.9140751007331402,-1.1437211927248419
0.0,0.3248200021071907,0.2538248643484593
0.0,-1.5304173157767087,-0.1735354324166661
0.0,-1.4011300049759676,-1.0149683715898359
0.0,0.27380532368143495,-1.3436343435941827
0.0,-1.5720272380550264,-1.6015058093386914
0.0,-0.7292082756784902,-1.0807392385505912
0.0,-1.5252470314595585,-1.5099614786221678
0.0,0.12920189171154198,-1.2744846936737504
0.0,0.582877981213914,0.16199201227741233
0.0,-1.145492865468012,-0.8361769455600029
0.0,-2.1125864603088846,-0.3762358440841219
0.0,-0.7818205864479242,-1.6295723756611225
0.0,-0.0903942018333561,-1.5999808834256717
0.0,0.5418615940765015,-0.20903797399953955
0.0,-0.5133247365589593,-1.2970307481217078
0.0,-1.4824122075444242,-0.5088537406435509
0.0,-1.8068669255410874,-2.3247183952673707
0.0,-1.6423045016309143,-1.6585625044859273
0.0,-0.9574651007327837,-1.6641158453883258
0.0,0.47323332454935796,-0.9567616919577272
0.0,0.21740627802000614,-0.7073624809371799
0.0,-0.7780405423520673,-1.4841952212874003
0.0,-1.4885776832480306,-1.071919155758333
0.0,-3.7100886417389884,-2.1684887254345653
0.0,0.20804859290236197,-1.0968021421374903
0.0,-0.2737047158625323,-0.4122791504430637
0.0,-0.8329547123521842,-0.21948525400786364
0.0,-1.0286950664291445,-1.327277192092624
0.0,-1.5509138360684707,-1.7696438882309422
0.0,-2.2853586566622535,-1.889002389111813
0.0,-2.4218016561785927,-2.405237821992922
0.0,-1.096369269367887,-1.7343885190245218
0.0,-0.44704117353406636,-0.8527926208897891
0.0,-0.1243821062882312,-0.09522188306008333
0.0,-0.8009871261540625,-1.2967533134643587
0.0,-1.7599408757572144,-2.063770577244461
0.0,-2.185147878858689,-1.7480458496924305
0.0,-0.82980875844906,-1.8076300506810923
0.0,-1.596446266599669,-1.641163100686545
0.0,-0.8732664180406211,-0.9386483385714449
0.0,-0.2984834934822215,-1.1805613978058234
0.0,-2.340920411040996,-1.9465487006003717
0.0,-0.9595551092320659,-1.1084029364477619
0.0,-0.8574575706074914,-1.5735516063146748
0.0,0.8368125256316673,-0.5629314145867216
0.0,-0.7558512652140725,-1.5814394674965995
0.0,-0.5047164689279329,-1.241315705442577
0.0,0.4537996170305334,-1.0422273742608494
0.0,-0.20120501289802586,-0.7608365423518394
0.0,-0.08195512662583654,-1.1720416838498546
0.0,0.9396276806737772,0.23620860424588988
0.0,-0.1733319593618489,0.144550153436371
0.0,0.10272531534677053,-0.15145686889355495
0.0,-0.4779251801298975,-1.4107782222371632
0.0,0.8266042466974509,-0.6742451433521787
0.0,-0.08493170859424452,-1.206327899981247
0.0,-0.48502437120119873,-2.3608799541556436
0.0,0.1068224551090616,-0.3607697237741495
0.0,0.6365453352116546,-0.9887163247653026
0.0,1.3914523892259836,-0.06021335668041217
0.0,0.502013558923148,0.4846882306239341
0.0,0.07618306260559116,-0.7137237743966004
0.0,1.1344831963965105,-0.34296192163485334
0.0,-0.3690031869588766,0.7345069540716851
0.0,0.25537908294870393,-1.4616389914731456
0.0,-0.6782184537305439,-1.2524400947861614
0.0,0.4192411555801913,-0.21143952877388872
0.0,-0.12917195453073937,-1.4215497885152564
0.0,1.689546926415937,0.3126393679867063
0.0,-0.4568011042585343,-0.6592845210740749
0.0,-0.622440449643839,-1.4741173300666854
0.0,0.33495407857036963,-1.0762838067203901
0.0,-0.586812795073574,-1.855269641948774
0.0,-1.5793877420344524,-2.2313306189095523
0.0,-1.1123842006732123,-1.7934549885864601
0.0,-1.0514608017390266,-1.5438098735024728
0.0,0.0920775105427935,-1.0077668989009845
0.0,-0.45372966235952344,-1.0887271192346593
0.0,0.741666315821886,-0.9636672808172856
0.0,-0.1465604308203024,-1.303403210723174
0.0,-0.4666459586978485,-2.0910505643146258
0.0,-1.0538174573167953,-1.2612875800828065
0.0,-0.613633540464498,-1.1641224287890035
0.0,-1.2197802938217925,-1.937268627723201
0.0,-0.5798021936358201,-1.2268044403449523
0.0,0.48963551218150136,-0.4855694737751989
0.0,0.7513825270641852,-0.18080924758082006
0.0,-1.4195517762724312,-2.1632268361959954
0.0,-0.9842772416139999,-1.422029729987735
0.0,-0.305406777323719,-1.6801839309183217
0.0,-1.7047319800791212,-2.253181161441905
0.0,-1.0860295033790093,-1.7220053627423255
0.0,0.12736200236742945,-0.9493459493928376
0.0,-0.1269226675470643,-0.6285813645420036
0.0,-0.30175067895938296,-0.3033709441192114
0.0,-0.9466117794175342,-1.7349495135652184
1.0,0.8160801677232753,0.8036437534357649
1.0,1.7742134057587458,0.9612874974999726
1.0,1.4126999984823645,2.7407702978023485
1.0,1.7018712760378158,0.23527876113593205
1.0,1.553933785407291,0.6858189855112814
1.0,2.2120843753767665,0.4055564126475388
1.0,0.26624852703517005,0.03684366118757071
1.0,1.1473145963523708,0.3105160068473088
1.0,0.1681808042110115,0.11066699545419577
1.0,0.5665739927339618,0.21113378512656253
1.0,2.0457785055544937,1.344636273870338
1.0,-0.0715052554674384,0.7671002692274606
1.0,1.086459974551071,1.2303260189725727
1.0,-0.08596744641246294,-0.49985229464228703
1.0,0.15048897157779978,2.1409707176805806
1.0,-0.017160075834461393,0.5252562344103274
1.0,3.031683860316552,-0.37689046653900804
1.0,1.9133461278147672,0.5330820503277225
1.0,0.47403376848529766,0.7263611340159618
1.0,-0.1470756537252441,1.956131099325397
1.0,1.4964162128468392,0.872067374565142
1.0,1.5555385766599665,1.5176198559309295
1.0,0.6306469415078542,0.6620102576491269
1.0,1.9588757828847676,0.34047477448291846
1.0,0.22689242996710424,1.450160791383273
1.0,2.4594812830477193,0.7120366570761838
1.0,1.678325991553496,0.05793633136804586
1.0,0.26275253261592424,3.387624220559618
1.0,1.695045389256747,1.49000282888035
1.0,1.316905827738682,1.7970785236548894
1.0,0.5891613928096734,0.24549845333213371
1.0,1.19986667666221,0.10057509101945758
1.0,1.2174565911521051,1.7355748982865646
1.0,2.129549525007508,0.9423463325919218
1.0,2.96452369454331,1.156151245834163
1.0,0.7205558877942434,2.277094389399866
1.0,0.5267378252322767,2.374524810145286
1.0,0.524405970102528,0.3035958973485828
1.0,-0.11771216344485391,1.2513219417855972
1.0,2.2939916138194385,0.79670955697752
1.0,2.292080341706593,1.7381425940957658
1.0,0.9334133353544235,2.602170832512924
1.0,1.3825713196813032,0.22271770891585363
1.0,1.4869340871603587,1.465484371072465
1.0,1.7847885698454296,1.1401168675249995
1.0,1.3062782118085676,2.9339658830005195
1.0,0.7056703377099994,2.339320578951981
1.0,1.0696683853576483,1.3327565181099672
1.0,2.1185510065825572,1.0696007823656344
1.0,0.5166756330573019,0.20832073520900612
1.0,1.1889250002531433,0.3464990733080057
1.0,3.4728367810580703,-0.18117419965894163
1.0,0.5027690369204244,0.639446955788338
1.0,0.4968963089475595,0.34747069601979264
1.0,0.8431607631095747,0.14840767394941645
1.0,1.4867192187105238,0.16143525021616337
1.0,0.5305674805489002,-0.46217783321172595
1.0,1.4228552816693962,0.7115396250539191
1.0,0.8055154213525018,-0.42309843454326473
1.0,0.5961795535919792,1.5225144654446379
1.0,1.12255900626391,0.003055101210669908
1.0,0.37547363116656757,-0.4973145678781776
1.0,3.4791451225807486,-0.17655630905353828
1.0,1.15357077551314,0.3677946278678861
1.0,0.705085574572009,-0.4381070019583615
1.0,1.4833667627509817,0.012513602654578602
1.0,0.41669188632253995,1.1689239635774278
1.0,0.9195604000744092,0.6700016514375763
1.0,1.5675306852808113,-0.10897722908097694
1.0,1.8603405148478924,-0.7083111257791204
1.0,0.6051928597494818,0.07731821704902146
1.0,1.1240550041496407,-0.34847455571833463
1.0,0.14205989821063864,1.2890465710609176
1.0,0.9542552594387538,0.9374632569099391
1.0,1.318204139553199,0.6657191694356976
1.0,0.8079849717642542,0.6987018244156344
1.0,-0.06668731184087288,-0.3380140193909545
1.0,1.3284628493289556,0.4898826504751477
1.0,1.4032385404790542,0.9170449966059272
1.0,0.8957280313838425,0.6983711118412446
1.0,1.1142048195952359,0.6264837496943572
1.0,1.381730643721844,-0.1656158589194742
1.0,1.5893134286133814,-0.27932227157640727
1.0,0.10996453670047827,0.4055764981568153
1.0,1.8115058743053598,0.071954030107573
1.0,1.4364630439430914,0.09749995684018964
1.0,-0.364468670147476,1.1256426331465508
1.0,1.1309817233383765,0.3583241363194729
1.0,1.1317155152074938,0.2400437345729864
1.0,1.4448580228570265,-0.5086398593055117
1.0,0.6782021593592249,0.011089856588214018
1.0,1.5654720052624782,0.33079509211873304
1.0,1.0766522025604432,0.08346004496868033
1.0,1.523689182322136,0.4591934875507958
1.0,1.1303551428718668,-0.026025308955741608
1.0,0.760188145807454,0.3032929843084025
1.0,1.4100696521443847,0.1591038443510291
1.0,-1.115941602321021,2.631493167863755
1.0,-10.073592690865862,3.4401033710603945
1.0,1.1972464753472276,-0.44300380541744044
1.0,1.5174280419604038,-0.3193639565093325
1.0,1.0856103877441277,-0.06069135182644254
1.0,0.3089205346094049,1.2310414275558355
1.0,1.1020173032656366,-0.17863905367538965
1.0,0.5188982417868765,0.027076077912078375
1.0,0.7582289636129794,-0.32486809922556875
1.0,1.0339722897615444,-0.347898328703608
1.0,0.26273656647544097,-0.04466985187659276
1.0,0.018914764967008252,0.6265795065718124
1.0,0.5099525504362815,0.13523859038778485
1.0,1.5944506031307348,0.44830722305873694
1.0,0.835455558054129,-0.22382253166910956
1.0,0.34196253606576765,0.08110110321206511
1.0,0.9144868338913951,-0.35403236598488014
1.0,0.6511063600411442,-0.3763124965334655
1.0,0.6830254689942143,-0.4419319723483226
1.0,-0.3360463988494374,-1.0995321940316296
1.0,0.44763522883588147,-0.5085823157123537
1.0,0.8661314795176741,-0.3114364249085449
1.0,0.8240438664964194,-0.134687487568491
1.0,0.8963998668109563,-0.824688661171399
1.0,0.4070977423618572,0.24570014907890383
1.0,0.4713150913610264,-0.11778015883677141
1.0,0.7763545156551149,-0.45469254640201756
1.0,-0.3649347244675758,-0.05342964196504252
1.0,0.4976923013443145,-0.4919470534815451
1.0,0.5807272175731538,-0.7268404770025658
1.0,0.9806337616332002,-0.860759127616179
1.0,0.9604020530164702,-0.6135976944809454
1.0,0.6797015883945275,0.1673373812880234
1.0,0.5231515395085897,-0.5185431889959097
1.0,1.4392745390545274,-0.42601665814821715
1.0,0.4964175289873973,-0.20559976773887614
1.0,0.7758768618521189,0.9970154025440856
1.0,2.2279207132339125,-0.753878103033041
1.0,1.0562803512042809,-0.26104080903277405
1.0,-0.036853287095238156,1.982040463401293
1.0,-0.30930070537376403,-0.25827388522366873
1.0,0.31246985357947,-0.03826560988785582
1.0,0.8555640547234638,-0.0201551430457521
1.0,1.0368392795697887,-0.1440356432712229
1.0,0.2650859101084146,-0.7520797337745885
1.0,0.7065626208967773,-1.009414618243135
1.0,1.2742551203847619,-1.006053313172165
1.0,-0.27749229101613276,-0.355821983704026
1.0,0.8029968804327666,-0.9620168117955277
1.0,0.5892540177165712,0.12489514401179831
1.0,0.7157406511450325,0.0224021676342184
1.0,0.2046635448961572,1.0263615558154642
1.0,0.1926344946050751,0.5812571058795115
1.0,0.6693905056742291,1.7050040204125043
1.0,0.2354239081373074,-1.058224942368082
1.0,0.705101363285865,-0.05524417437581406
1.0,0.43687840066279293,0.10590948724411858
1.0,1.2116217742587145,-0.6172960071820334
1.0,1.9049385871257236,-0.47738866663223184
2.0,-1.5191771434790058,2.341399004060719
2.0,-0.5757066935403761,0.939896848828901
2.0,-1.3357556419275534,2.222879579976701
2.0,-1.4160194666372297,1.0430341318956298
2.0,-0.7341955759510698,2.3953958783503975
2.0,-2.173396586508027,3.5468251881816992
2.0,-1.3996954449791774,2.5975073341699626
2.0,0.7062442265215316,3.136854377270212
2.0,-1.4929844126526473,1.2231160607894807
2.0,-1.3690591287997311,2.4317024512718715
2.0,-0.2804506889888671,3.823634764789911
2.0,-0.8737095720425019,3.209775201682973
2.0,-1.0914074907829532,1.349022391133643
2.0,-1.1516536386841756,3.1857617965827534
2.0,-1.1117773970203322,1.853228219079739
2.0,-2.0482524486183182,3.5062120552231453
2.0,-1.8851456996754161,2.092005041679648
2.0,-2.531883185241131,2.642857060434553
2.0,-2.7078893000328117,2.3182942460726186
2.0,-1.4964627825837873,2.4600496137865693
2.0,-1.5370316328983258,1.8892290162705137
2.0,-0.20054572967732381,2.5191058533837984
2.0,-1.5137169113522142,1.8310015215554152
2.0,-1.9423996547629667,2.269653828323996
2.0,-0.3330951276532046,1.5740708554484755
2.0,-0.9837635911375616,4.012252746453237
2.0,-1.6527765303091508,1.959909686914812
2.0,-3.2097882945791043,-0.9035288979373234
2.0,-3.601628791370306,-0.032967468903356806
2.0,-2.890513615811954,-0.5599907336603805
2.0,-1.9820675632573739,1.8134537427633992
2.0,-4.253615101029196,-0.5664972099125776
2.0,-2.2029378028805753,-1.4629583113727855
2.0,-1.2251052534504832,0.4649608770574496
2.0,-2.0446442032761074,2.192898604072011
2.0,-1.458747886570059,1.1240872189767477
2.0,-1.249212620130215,0.934013926654327
2.0,-0.9006261690834167,0.9680879965944793
2.0,-2.695691969345951,0.24532450459093788
2.0,-1.1575778306393951,1.8078494538899592
2.0,-2.383480992564682,1.007301100593814
2.0,-2.3462561182513006,1.426987741692653
2.0,-2.255714240509706,1.4968431723179911
2.0,-2.5812182143278166,-0.18523106406995343
2.0,-1.4727240334307292,2.6056799032710467
2.0,-3.9543720549275574,1.3581848317988705
2.0,-2.3134029979931965,0.3869866777221237
2.0,-2.246537556672064,-2.299341253484497
2.0,-0.6522964029796356,1.2614581970690653
2.0,-3.418579580166077,-1.4314647810187586
2.0,-2.7240538176365616,0.4459985402552463
2.0,-2.5263276535680785,1.1047837011218598
2.0,-1.6716736590871397,1.1382429067664606
2.0,-1.22699865951567,0.7497234053362151
2.0,-1.5294978216340762,1.110408725735149
2.0,-1.2460116437748125,1.5643302375711265
2.0,-0.3735131681495921,1.7931196717498696
2.0,-1.0009729112549737,1.3722727097916958
2.0,-1.9304382853916868,-0.08224994892474993
2.0,-3.70007794567452,3.9831962719796525
2.0,-2.160460892215253,2.229791826307196
2.0,-1.0265363412344224,0.9208223754929988
2.0,-1.2573030826134235,1.1363278181017706
2.0,-2.2586482647030146,1.1766944240381016
2.0,-1.9023690191219371,0.7796210875308287
2.0,-1.0089910045988706,1.1503240734582023
2.0,-3.1959971004082592,-0.2717259269803122
2.0,-1.8738155640663028,1.2893549061151839
2.0,-1.0624128837938964,1.5868579891017958
2.0,-1.4072451314565118,1.6608251189865204
2.0,-2.5753440090733375,1.621513877536721
2.0,-1.676679972881421,2.3415766448287854
2.0,-2.8995911781507413,2.22133265673035
2.0,-1.3863325298052027,1.3182976079774593
2.0,-2.030528789650987,2.489538151795425
2.0,-0.4454754902457117,1.6757767669129728
2.0,-1.6479018669122536,0.5787025444127735
2.0,-1.1182598901092706,0.873255282772261
2.0,-2.1113348666997473,0.20691638509441365
2.0,-1.355823697737156,0.48116597345806245
2.0,-2.0076711979728925,2.2878949575058214
2.0,-1.165653402533035,1.6021983585112423
2.0,-2.574771747966807,2.0339243734841834
2.0,0.6527432894330257,1.5394782068706043
2.0,-1.5111972492460062,1.5975436735928594
2.0,-0.9257860829272356,2.019278295600462
2.0,-1.3257464521966131,2.172225699407448
2.0,-1.1578158680679687,2.561215028152678
2.0,-0.23262651183623698,0.2668668252520227
2.0,-0.985280310711128,1.590395063995498
2.0,-0.594215168778965,1.7460911558428964
2.0,-0.19051691052395933,1.2666662326801008
2.0,-2.422089473403291,1.9361058619524016
2.0,-0.6725261788462576,0.8637588247280293
2.0,-0.980797396244114,0.6587971882568472
2.0,0.42475691512004743,-0.0031568645526628652
2.0,-0.43777161049863694,2.500797433313226
2.0,-0.9409665448131947,1.9234321804735048
2.0,-1.9860910233822258,2.060985887326124
2.0,-0.75687281635087,0.18713801290267662
2.0,-0.47142131879483995,1.1070617211922378
2.0,0.0032205511757147985,0.37300113403030105
2.0,-1.5419938560999036,0.9965678910071102
2.0,-0.1856492134071535,1.1544440129669085
2.0,0.272636286348783,-0.5233246827388529
2.0,-0.18411266000714446,0.5210202973079991
2.0,0.7433779555111468,0.42438131038874355
2.0,-0.141322297949387,0.932673550730809
2.0,-0.13521702486930862,0.18541068194466528
2.0,-0.17497268586457806,-0.06685720261924538
2.0,0.747318036704384,0.14046076404717567
2.0,-0.10705425313676813,-0.3978553857473292
2.0,-2.3186216452041,4.154095896713515
2.0,0.7170193621809188,-0.13217865243632004
2.0,0.2941136698776296,-0.23965305591181363
2.0,-0.0668353362676175,-0.6251648552387682
2.0,0.3423238033963367,-0.0188925441068859
2.0,0.9166548553122604,-0.49238705935806665
2.0,0.8754563679660774,0.3298457443193155
2.0,0.7570101869056518,-0.22952289191244857
2.0,0.6059857616361963,-0.3067905331443867
2.0,0.72807486131129,-0.026474116410405264
2.0,0.1599985616500769,-0.22495819716775942
2.0,0.22087236556213075,-0.30014601488932774
2.0,0.19534375717012564,-0.11778331310633203
2.0,0.09721031941498942,-1.1070871556335993
2.0,0.05112546164988154,-0.14411441068450448
2.0,0.8109098451214278,-0.22313364085938306
2.0,0.7708912432773506,-0.23275466110282989
2.0,0.6097892007006697,-0.17216255672360656
2.0,0.427605520761312,-0.5578108100014357
2.0,0.3147357945103952,-1.1360999960043645
2.0,0.511720839095856,-0.48536857445658954
2.0,0.7700169421314264,0.4925767202978824
2.0,0.5723350354098025,-0.0991001520438564
2.0,0.0630714840905434,-0.1393766291213296
2.0,0.37212991369003884,-0.3938958462733591
2.0,-0.42634680523299334,-0.5545079755860832
2.0,-0.5505238698301927,0.010304421095972894
2.0,0.1994286345624122,-0.6954277208725672
2.0,-0.029828655099747154,-0.3223940769839696
2.0,0.6228809161309247,0.07615556202684463
2.0,-0.1177085804771726,-0.21063383280100298
2.0,0.7682158243307002,-0.3543153870384723
2.0,-0.3571606173589655,-0.6567631658814836
2.0,-0.11997123228992115,0.6612545586860722
2.0,0.8619946937199328,-0.05590156216748548
2.0,0.7320870700711332,-0.19860369482527054
2.0,0.0676682842224802,0.024841928642811397
2.0,0.4893391197984634,-0.33086055555257293
2.0,1.098560215220294,-0.09800119910753338
2.0,0.23816269056524775,0.2557504502328166
2.0,0.38824907293054656,0.21861571162200785
2.0,0.6016234440962815,0.8914315138867714
2.0,0.8408162201593321,-0.0778742858111437
2.0,0.9024417942745302,-0.21991563469178302
3.0,-2.347167196170213,-0.018133162798996245
3.0,-1.8552239183562869,2.0988688946127736
3.0,-1.1945342549779263,1.165058285608855
3.0,0.010148982139182411,-1.518076458718873
3.0,-2.7179680612499797,-2.266578192378765
3.0,0.20344496537145612,1.0883967128388732
3.0,-0.3968037060421091,1.3067751309888898
3.0,-1.0042300842982688,0.7588125639674741
3.0,-0.20736771670652776,0.9216522012232159
3.0,1.0572612804578403,-0.9469569639739107
3.0,-0.10880288487656907,2.949216876665022
3.0,0.03885911260461551,0.8190426036398684
3.0,0.5843766854111998,-0.09572453366213711
3.0,-0.5426935289855945,-0.09649765780512186
3.0,-0.7742444052814295,-2.1991523905927193
3.0,-1.1634832993865263,-0.24546331364488985
3.0,-1.2206937369070054,-2.1948254709421793
3.0,-1.706470454184024,2.099743933843339
3.0,-1.028330950359812,1.176297814651994
3.0,-0.33984073812129634,-0.22146776152970948
3.0,-0.027413620095005073,1.3824136693428604
3.0,-0.9766564568246455,-0.25476737045135256
3.0,-0.8890474988688667,-0.85168378584362
3.0,-0.8916659053133782,0.39969496064467835
3.0,-0.42335020368980414,0.08725066635902454
3.0,-2.2242785769238216,1.9575183434607615
3.0,-2.0130603224086694,1.587882658942491
3.0,-2.789005468458826,1.55021380248617
3.0,-1.7446994451020328,-0.11109577362038646
3.0,0.2842424863531341,1.7727141961492587
3.0,0.2502226494772457,2.6262067478072075
3.0,-2.093904197998656,1.162260135105716
3.0,-2.2696873578900525,0.3600963568197069
3.0,-1.0758995302369994,4.1314571998238
3.0,-3.362504021336906,0.6683163065844071
3.0,-2.7619095068315365,2.69528487616071
3.0,-0.06928230220589357,2.3237499467029807
3.0,-1.2193451316320034,3.2471176579288064
3.0,-1.2110407059783335,2.2849426904633243
3.0,-1.0340020111863486,3.633880254118297
3.0,-1.4085551378311167,-0.025888762235268026
3.0,-1.8716008601101104,1.2860348509443198
3.0,-1.3563138396189152,2.679084967465496
3.0,-1.7440294177459326,0.7306338196253375
3.0,0.31188813589712727,3.153699802194851
3.0,-0.6337332149629064,3.43982990704091
3.0,-2.0474140863170867,2.817214031659069
3.0,-2.0239507311332203,2.1928074345349353
3.0,-1.4221811227240913,2.452092413256489
3.0,-0.9878878369821364,2.0458759326752776
3.0,-1.3148050825830437,0.8360750744713665
3.0,-0.11901900014088876,1.8325869678738342
3.0,-3.5969704428320113,0.1985999112462762
3.0,-1.9522825431671027,1.545174428084414
3.0,-0.24444053370401747,0.3496506452845312
3.0,-1.1913362691050626,-0.34457851962288216
3.0,0.3546829869324102,0.10238321078531458
3.0,-1.864361308978826,-0.5012365193906098
3.0,-2.2569084925292553,-0.290289432941176
3.0,-2.7241350166992078,0.470425925330394
3.0,-1.5516440506259204,1.3663795586061027
3.0,-2.079370819082709,-0.021042122994262228
3.0,-1.6046117295059783,1.2541497218788495
3.0,-3.2208354794986374,-0.28809983796082417
3.0,-2.1215015796235304,-0.5508880606225863
3.0,-1.556103062741467,0.20332857567686774
3.0,-1.0465922957784144,0.17423389480786877
3.0,-2.077522362712267,0.8645151483765198
3.0,-2.4783738368260653,1.0539088653722908
3.0,1.018602348424406,-0.35025288089078727
3.0,0.6932765384582351,-0.057074941346491256
3.0,-0.16512024058065874,0.6070600628765792
3.0,-2.0906685962886575,0.24379049761857224
3.0,-0.39185975703502735,-1.66715070755628
3.0,-0.4889322855986075,-0.27368038740185074
3.0,-1.2742957429131712,1.996683864494344
3.0,-0.7301013894879738,-0.5128489459863681
3.0,-1.2206215590649585,-0.20855037008985833
3.0,-2.8523785419329144,-0.8731949823477121
3.0,0.13609330645044984,1.1142606617890443
3.0,0.4619498254210764,1.5325472835117246
3.0,-0.6587629088847026,1.0410399754475148
3.0,-2.3623862455625897,-0.18870828310161705
3.0,-3.0724837549167217,1.178686073309203
3.0,-1.3946435735946048,1.2455157856287593
3.0,-0.747489601592882,0.5794736048513676
3.0,-0.7865869465152706,1.739889926828974
3.0,-2.7763862477112524,0.5788382427302409
3.0,-2.3251352295128287,1.036320702243179
3.0,-1.4472914664078937,1.5973869561477225
3.0,-1.53138220604125,1.0512768487868431
3.0,-1.4846319162001935,0.6842831352966418
3.0,-1.2355597700805485,1.3235974299855615
3.0,0.0054417492843334145,0.5162361379375927
3.0,-0.3933319851101379,0.7702361381246376
3.0,-2.6708973737142427,0.7998672237821585
3.0,-1.976617932098481,1.2135869329339344
3.0,-0.8226075197016596,1.6711070682998612
3.0,-1.3223956980118619,1.3084453774863471
3.0,0.1006736316666715,1.8080945085886524
3.0,-2.711987209948759,3.0172591851089194
3.0,-4.6409079747937385,1.7567361430308148
3.0,-1.7242806196083247,1.4705038321458115
3.0,-0.5489677507199046,0.7844394404538005
3.0,0.8145483507538801,1.0161937787584256
3.0,0.42503762309215476,0.6219692354356144
3.0,0.36953370596257884,1.0074987173303398
3.0,-0.040127760300931445,0.1538237638104113
3.0,-0.34908404709495267,2.8497184870057786
3.0,0.02620474083612378,0.7501525479036797
3.0,-0.9738778385370753,3.17526010229111
3.0,0.12138204234896359,2.6983847076757006
3.0,0.3949689335331772,1.4110985581668223
3.0,-0.33359276551979994,1.2338286916869912
3.0,-0.010862806248858404,1.37757034404973
3.0,0.22477768766081463,0.9077324554553121
3.0,0.08123384875519335,1.8660185125384716
3.0,0.09280572796394257,2.1618855818046296
3.0,0.3593863916568701,0.5924192518698508
3.0,-0.09976721503677156,1.2523007613183734
3.0,-0.5084381499348172,1.6299352139593384
3.0,-0.8181016583028587,0.9046788102765546
3.0,-0.04246804392646437,1.7446882209761567
3.0,0.32712034391710343,0.8525527592551545
3.0,-0.5655631391982643,0.8795522268430995
3.0,-1.4113443850761456,0.35527259033530356
3.0,0.1512917751936805,1.931561437403669
3.0,-0.7536847447605695,1.9053999970010689
3.0,-0.022787715504714916,-0.04811109300316338
3.0,0.1737555182946179,0.2772569476544023
3.0,0.31297151309541515,0.9753665377287287
3.0,-0.7110239111343608,0.9478698937183214
3.0,0.16087311751210065,1.0633823751370965
3.0,0.026384659625774416,2.963785594710983
3.0,-0.2589408907856169,1.0768844665287782
3.0,0.3264709164935277,1.9435615709595597
3.0,-0.3724939529074857,0.5215524713086899
3.0,0.191099420835899,1.2693111486132722
3.0,0.08140221808770565,2.4967393722716267
3.0,1.2748165928289592,3.840837457145508
3.0,0.0680331673364649,1.1741232453885009
3.0,-0.3350222017527405,1.5388990405910468
3.0,-0.7872077823710094,1.2404498116994551
3.0,-0.09527772487822084,0.82797381476205
3.0,-0.3423521178663192,0.9652377555024068
3.0,0.22020186084611643,1.7826166005182849
3.0,-0.4782939227643198,2.0858901022265512
3.0,-0.23092006416867447,0.5493806716582348
3.0,-0.06133489364903991,2.455449878902058
3.0,-0.7249451500643391,0.9073876454796341
3.0,-2.2012991082462414,0.3089544902495528
3.0,-0.34019368185868076,1.1125437197688104
3.0,0.7351438408377391,1.6374951732042085
3.0,-0.0487108277724337,2.0606834724054623
3.0,0.9472199705893777,3.0915572193303538
3.0,0.45685118780421646,2.513007594283222
4.0,1.18083666816815,1.3221868676505508
4.0,-0.15191971504377014,-0.4852888505155495
4.0,0.1498478930052777,-0.5414301988934265
4.0,0.805967023109424,0.03872443952479313
4.0,0.5082207905311183,0.2630603178650021
4.0,1.3721903439425418,-0.3696174804796814
4.0,1.4421777928510253,0.40300143198711913
4.0,2.2422898748022115,0.13394964233721543
4.0,-0.09758943085524889,1.4449863529285598
4.0,0.4581801585216059,1.4548267692590269
4.0,1.1323614610205228,-1.5659524683640214
4.0,1.06735852831879,-1.2632669156932008
4.0,-0.05148797866234528,0.13765876392133672
4.0,0.8130699681903987,1.4737484321379208
4.0,0.13363061335889745,1.1854912522537187
4.0,2.0368734931589625,0.9380654201667388
4.0,0.873069097910856,-0.1270378215584765
4.0,3.628116996260569,0.4118439599828357
4.0,0.32839683979406,-0.44827412634522773
4.0,1.928972939266087,-0.4073094447930848
4.0,0.5106930160966467,-0.15528870385400992
4.0,1.2955394076405553,-0.42358648932904025
4.0,0.8748786099963928,-1.9715482966367541
4.0,1.027310608651172,-0.2628412848187076
4.0,2.1085338247228638,1.0334319013502056
4.0,-1.0544576220563553,1.4048826367447764
4.0,-0.5870522993844601,2.0279422291667846
4.0,1.2861180214386077,-0.7321286086061204
4.0,1.4771422454130763,1.4688424443239063
4.0,0.24592824528038623,0.03490564795350272
4.0,1.1971001387086335,-0.3900252957290679
4.0,1.1917728281815831,1.5248242887182129
4.0,2.401196663595378,-1.1397877930894138
4.0,0.6087193865906507,0.42096327773175074
4.0,1.332510427838272,-1.382640538374877
4.0,2.1971637409143376,1.2580951733215813
4.0,1.1697394862025634,0.3326975431018078
4.0,1.4610249178895713,0.49443871732392525
4.0,1.0495554575076078,0.5147592503508619
4.0,2.5174308865276185,0.8020427211399767
4.0,1.322704709310946,-0.22043775384502767
4.0,0.5651361910497559,0.4606704791834602
4.0,3.423709948758082,2.7846843377599964
4.0,0.7282084902737418,-0.43588367919198323
4.0,0.9289865114183478,-0.7973711192602102
4.0,1.7516655628037616,-1.0474914676948548
4.0,0.29806915664141315,1.007441926387233
4.0,-0.31531459126149847,-0.6269642750627894
4.0,2.1024027908286818,-0.12256573134004944
4.0,1.2250526525593541,-0.37230155986054925
4.0,-0.04871966850483434,-0.11563686905497964
4.0,0.5239147129877321,-0.6551107857440077
4.0,2.1856282121148056,-0.1404384011449274
4.0,1.4369224461205783,-1.0393121166615038
4.0,0.5967189263894206,-1.486297486971733
4.0,0.8148743765553748,0.17080262487152004
4.0,0.9603738594536527,-0.9230770181772502
4.0,0.18699774560281845,-0.7007028789155785
4.0,3.397252118964877,0.3277513877440537
4.0,1.2012084887842138,-0.1614404175810855
4.0,0.07678839967199425,-1.5433144335629678
4.0,0.3392074162848214,-1.2407210536733755
4.0,1.2737163551482067,-0.7744608624177772
4.0,0.5784499018964367,-0.9990458584733539
4.0,1.5447300960404022,-0.9569707081083018
4.0,1.2974845827069534,-1.304461661495805
4.0,0.462158818927973,-0.9165271890485016
4.0,1.1593047339112834,-0.5351787712798425
4.0,1.0462357411262706,-1.2241644236460554
4.0,0.8501778280414289,-0.5013061136171844
4.0,0.9383831142529422,-0.3791469794688259
4.0,0.7128215190073698,-0.6913286880126658
4.0,1.5370541916519773,-0.9801146742379004
4.0,0.9888833331749981,0.010601658861875729
4.0,0.972267675226768,-0.8687458170538177
4.0,0.348653007014046,-1.1743308386256417
4.0,1.5928596745720653,-0.7339706455089313
4.0,0.32444669532572146,-1.2024820695205036
4.0,1.8846211326825821,-0.40736106046719023
4.0,1.4464004553360477,0.3649894402402474
4.0,1.146613551038829,-0.06613007960647446
4.0,1.0870599623302823,-0.6017125962208321
4.0,0.34805927521862756,-0.6304730220041436
4.0,0.9289455842154782,-0.1945780170609796
4.0,1.7616007006645016,-0.010681963381721211
4.0,1.2230790659350714,-0.061514663230853896
4.0,1.1424834217459852,-0.681502574138278
4.0,1.689725802215329,-0.5097808350401762
4.0,1.4831499670387112,-0.20137922698188812
4.0,-0.1542509750630246,1.2920145883481735
4.0,0.6225398199246571,0.15713949028645913
4.0,1.4135917835654963,-0.9518300168488935
4.0,1.1100578843824493,-0.4319128228042438
4.0,0.910839359817377,-0.21392271598064116
4.0,0.5087896081361153,-0.22865359879684624
4.0,0.6026083948150113,-0.5089044665209833
4.0,1.251830152827839,-1.0854834760056207
4.0,-0.33199582145943135,-1.801516349980046
4.0,1.0933002973780686,-0.8891150933789669
4.0,1.0419592496428227,-0.7645696654157726
4.0,0.5327058741183923,0.20194577089678045
4.0,-0.005968565262400706,-0.11659850987439654
4.0,1.548349427093762,-0.769392906886191
4.0,2.5869588013646454,0.41713460353179255
4.0,0.43118899841451475,-0.7717691490024893
4.0,0.9665621192359128,0.08561055157757841
4.0,0.9901015907347067,-0.21643853914698208
4.0,0.7279488296181046,-0.17864060366969794
4.0,1.827698155479373,-0.7743673071325824
4.0,0.4419279976980954,0.1039402972211185
4.0,0.27768429131299366,-0.538742027377991
4.0,1.573930919250151,-0.5107288759757386
4.0,1.1709786424231452,-0.46490438304823795
4.0,1.2876673103376237,-0.16837598391869962
4.0,0.770315978001136,0.5760834176523469
4.0,0.6403056273640706,-0.20840073721010255
4.0,1.0032754169657112,-0.7236118759455109
4.0,0.7537481415742067,0.10433464510138342
4.0,0.38893059676967745,-0.3721928353428532
4.0,1.0426767359315143,-0.22359239657009047
4.0,0.40848105368972026,-0.6434845071033509
4.0,0.22435222347123576,-0.21704197674295847
4.0,1.1225468368412181,0.3438286091333593
4.0,-0.12544154701225177,-0.795836554101429
4.0,0.6065381997228355,-0.21647534420255535
4.0,0.3747206977550804,-0.48905118432793393
4.0,0.7431140464459025,-0.2429454791585353
4.0,0.8721526923681895,0.47420082531272073
4.0,0.32046196254250725,-0.2511241281907024
4.0,0.9666543089311546,-0.43934745623734617
4.0,0.4118172265081731,-0.8175596064387312
4.0,0.9991358439253198,-1.2598164189158385
4.0,1.1607741947832746,-0.38941205124558853
4.0,0.845293417508265,-0.5193218787536462
4.0,0.9496821867537591,0.023776127411962184
4.0,1.1302161403805662,-0.34332277871768413
4.0,0.49519716628227206,0.002629981672468171
4.0,0.3113295871488483,0.054507846829446496
4.0,-1.3234756665715193,-0.47271563804365163
4.0,0.607197828159565,0.08500702847236169
4.0,0.48183242956551325,-0.1729416653958962
4.0,0.19343056297740932,0.6437061998626213
4.0,0.35334504445940196,-1.6674354590298548
4.0,0.8826111988023971,-1.0975035275024851
4.0,1.1158790325440096,-0.279162256976709
4.0,0.8872265391013375,-1.1554723205370145
4.0,0.03625891204898734,0.4214661683031654
4.0,0.8962142296275444,-0.12724232667527843
4.0,0.6367728063140119,-1.458424849347785
4.0,0.9972160171451163,-0.9292104116611648
4.0,0.5566485117676749,0.45569921097346616
4.0,1.039597728115375,-0.6201575202522794
4.0,-0.9301783100518932,0.2226592239799985
4.0,1.4333354239171712,-0.5908809057171647
4.0,0.1255298444768618,-0.5047454076508777
4.0,0.4712277602081874,-0.8674011669827479
5.0,0.4277479525093678,-1.1694108592380172
5.0,1.271564790819096,0.23306371193711956
5.0,2.3207809105863535,-0.8916541089518247
5.0,2.4232842539937045,-1.0465314238888686
5.0,2.2988797855550542,2.1555406987498804
5.0,1.7477635934112494,0.6708070007153706
5.0,0.6618402875791951,-1.0898796580734404
5.0,2.988439064407892,-0.7194219992221733
5.0,1.7675422935005451,-3.5819266036714716
5.0,0.003782653047485863,-3.0150636736177745
5.0,3.893030843014456,-2.328907248516957
5.0,0.9861669213097943,1.09283844693105
5.0,1.6677897180101653,-1.5030800152380408
5.0,2.3987641765733,0.3844997417363773
5.0,1.468539149198476,1.3024244681795212
5.0,0.8582061972134633,-1.1983906910533955
5.0,0.003141911606694381,-1.9286473772880701
5.0,0.7239038173528806,-2.2830295180349256
5.0,-0.26004927606797246,-1.5057087558152407
5.0,2.4952866943417353,-1.1749828699230722
5.0,0.8681066088308385,-0.6007043111608356
5.0,1.6479565591367642,-1.72135841123479
5.0,0.520414603552765,-1.626819537691984
5.0,1.7312466491706004,-0.4662011251491569
5.0,3.9928823527117543,0.7517127637497879
5.0,0.9662769906812422,0.5484521083781451
5.0,2.4013240184149174,-0.3711421206874298
5.0,1.3206782878433483,2.0183230686244955
5.0,0.4664498354019698,1.9806049684578249
5.0,1.4443573142579815,0.4716759044278887
5.0,2.1213268211291636,-0.15269408599589646
5.0,1.1860560905744046,0.3713125137819353
5.0,0.27504578466910334,0.2826197609397204
5.0,1.9621315959332881,-0.753057856059491
5.0,1.9270061471882551,1.020413039061164
5.0,1.9331018892746124,0.035708188336612615
5.0,1.8544449227145003,-1.289845530903625
5.0,2.081824054898559,-0.09657935895333782
5.0,1.1966799559927492,0.41694313443938497
5.0,1.5911082784140727,-0.46644175174331104
5.0,1.207244305654998,0.809581405623807
5.0,0.23723233368057084,0.6964237886716055
5.0,2.65180569066568,-0.14561260653782448
5.0,1.4795854594787923,0.22196715371426762
5.0,1.1647632768165102,1.5863434755306707
5.0,1.1759857711508874,0.5728755891007115
5.0,0.8050902822927084,-0.06010485842448199
5.0,0.9245156122982551,1.6623133307936535
5.0,2.9626032667578532,-0.07509418830585655
5.0,1.5515323180035332,1.287275235694469
5.0,0.634056218537318,1.8205722101003734
5.0,-0.38656996499371904,1.223871094470699
5.0,0.05221500611655866,-0.8330782139163095
5.0,0.19663872791467366,-1.1352518272192702
5.0,0.9208504636731811,-0.35289953952681724
5.0,0.053475639739489635,-2.34585567627506
5.0,0.9304076627699843,-0.23623494061339967
5.0,0.3889394417463514,-0.16901190117744366
5.0,0.6505823596114553,-0.5878465008392234
5.0,0.6857156872862605,-0.669412913715689
5.0,-0.3838962929592061,0.5991683308255331
5.0,0.3229330349662858,-0.5872839550862379
5.0,0.35893952920037675,0.7282374983581918
5.0,-0.3167234583760832,1.1303015763325435
5.0,1.4721094110943649,-0.06794806345114643
5.0,0.07896529822031965,-0.6922592277173725
5.0,0.5492847223339375,-1.0036889350260711
5.0,-0.678413574400471,-0.5640816383984101
5.0,-1.0423120773098966,-1.8905152876898375
5.0,-0.6541013940810655,-1.900558411217014
5.0,1.3813575993944898,0.12230136777077456
5.0,1.2027225668956205,1.2970234847862918
5.0,0.3880800120105447,-0.7847300652255139
5.0,0.24865979512303182,-0.5857202550162112
5.0,0.24872853879447288,-0.4615969731443283
5.0,1.1554851367083474,-0.5724994976581083
5.0,0.7771490358791128,-1.3282095804213379
5.0,0.8125288117470276,-0.6309243022021368
5.0,-0.25006710754334277,-2.054695962591222
5.0,-0.36464303585142954,-1.1918444416931169
5.0,0.591579273194872,-1.5789772077296105
5.0,0.8825499874147918,1.1826243720309522
5.0,0.9122095438812502,0.8509193315012687
5.0,1.5620785724097281,0.09030466010766253
5.0,1.8439925826126726,-1.0428141928873718
5.0,0.4312699404779556,-0.3828477002150925
5.0,0.871045595612479,-1.7912026791976055
5.0,0.240115384790582,-1.5018850679051454
5.0,3.2786244575806207,0.5611638694828608
5.0,0.9648750121698858,0.45320080092498344
5.0,0.9896833081465654,0.692663669350645
5.0,1.9190621966435284,-0.6273404328260567
5.0,0.5417158264420421,1.508752794930158
5.0,0.778383388211595,-1.6071808394668623
5.0,1.199050715080281,-1.2911725117688333
5.0,2.389987587778536,-0.4038276873940269
5.0,0.8244733043091225,-0.18465023174338652
5.0,1.111388416144144,-0.9146450204029922
5.0,0.7945803173811554,-0.24509752278074642
5.0,0.3771349779803789,1.0362608125556823
5.0,0.8001957642497027,-1.0848465308801971
5.0,2.866394503661339,0.46207847545400804
5.0,3.563625162717773,0.5423894167761412
5.0,0.9360857846811738,-1.540307410736771
5.0,0.9520293187390768,-0.5889689771641619
5.0,0.4487507287690974,-0.5385124198245689
5.0,0.8108600651498721,0.07854016052536329
5.0,1.1165098293666142,-0.777603349617763
5.0,0.42354568035647333,-0.7820263606908492
5.0,1.215646610847052,-0.5690476330767692
5.0,0.8689823204725541,-0.7639265351685309
5.0,0.419653458036607,-0.5463144341155395
5.0,0.21826556651755688,0.4270942370455725
5.0,1.2585699972011963,-0.2658961845502778
5.0,1.0057667203740102,-0.9119012391249193
5.0,1.3240668044522164,-0.3769474353846946
5.0,0.2962194107759911,-1.3516790231345837
5.0,0.626566833559546,-0.6768515312969564
5.0,0.6746810443909467,-0.33052380569883655
5.0,0.5049031902708964,-0.5278677727107446
5.0,0.9092823359815732,0.08610830835668658
5.0,0.7325483526245243,-0.2889275813100569
5.0,0.8987096326906294,-0.10708681020050961
5.0,0.9186827877147888,0.1487495092314745
5.0,0.4683269902486094,-0.4082074941188254
5.0,0.08908617420627671,0.147371691385489
5.0,-0.00801620783095076,-1.1446673797050109
5.0,0.30062741105418184,0.10912984857604402
5.0,0.6380167824431766,-0.11831616302856174
5.0,0.0630123692324119,1.4172783784628877
5.0,0.7769565785036874,-0.015206299946769312
5.0,0.7942871862624188,-0.26958768048769066
5.0,1.1852454659208478,-0.3114167511340507
5.0,0.8903339545365374,0.3824150415573199
5.0,0.7654907510413265,-0.2409794036492538
5.0,-0.3893512722411877,0.15453508564486948
5.0,0.7552045863754433,0.46189653944156067
5.0,0.7003461157420245,-0.2192448380178551
5.0,0.7965702369370655,0.06889629100882187
5.0,0.4969630206177478,-0.5703273425410732
5.0,0.6610222773115811,-0.05159317050126472
5.0,1.293289951656018,0.06852420140626991
5.0,0.47271928960629667,-0.5671499531899594
5.0,0.34252350359494615,-0.07893356948359248
5.0,1.2563895644158491,0.07204616299219033
5.0,1.0031637698341067,-0.7154222969249646
5.0,0.9691926053459884,-0.3818824558843405
5.0,-0.0690346651528359,-0.4670867175575113
5.0,0.2698064906898939,0.5308689335975055
5.0,0.5402674947926991,-0.33989948670488157
5.0,0.7163422303123311,-0.6108254494221508
5.0,1.3103059873701337,-0.21974490892527987
5.0,0.6506530276456033,-0.5276938761871445
5.0,1.4635084837658097,-0.7331280442380721
5.0,1.1030860959681812,-0.06049916411077442
5.0,1.034250900733811,0.06832876013095561
6.0,-0.7434394598286812,-1.0515523935395754
6.0,-1.838437096911404,-0.33688032520876615
6.0,-0.6044144210532181,-1.7955518373978396
6.0,-2.1054213353047233,-3.212846313272802
6.0,-1.0402444551750627,0.47142064679739043
6.0,-1.512422619363711,-2.808819374208204
6.0,-1.9537176603007833,-1.168000454922251
6.0,-2.107705782518656,-1.4311198477948663
6.0,-2.2313757534929213,-0.4978899041641915
6.0,-1.9160417032818193,-2.432035637342599
6.0,-0.22805776372006503,-2.2975736283683417
6.0,-0.5228058621982401,-4.339266605609438
6.0,-0.6622301622736315,-1.073020139102776
6.0,-0.5771808727092002,-1.911275466935896
6.0,-1.4539641267291645,-1.5682690479565045
6.0,-1.4186254650985506,-2.70306806418842
6.0,-1.0940120824709134,-2.9862978801633817
6.0,-1.3711294203645796,-0.6921577077767493
6.0,-0.5208930613542583,-1.4545611511149008
6.0,-0.9806238453319733,-1.4530261930305268
6.0,-1.325816692165949,-3.9007887407667465
6.0,-0.9302577048466139,-1.7362317029008958
6.0,-1.088419573916507,-1.872470656564875
6.0,-1.118504460252773,-3.07808938268123
6.0,-1.019841349552482,-0.14287606291755509
6.0,-1.1902945913032332,-0.4498709811038997
6.0,-2.0694600136463053,-1.7577015279959203
6.0,-2.7499150698582713,-0.9390560667611954
6.0,-3.066727031576267,-1.9262162561361242
6.0,-2.531099675636604,0.5671627069088778
6.0,-1.4584279244822687,-1.1391487368439714
6.0,-1.5521798584966886,0.22483597338517694
6.0,-1.8088295004347776,-4.5038496496353915
6.0,-1.5959904961555735,-0.1323207123075959
6.0,-1.4415127281250681,-0.4165483363363156
6.0,-1.1824955569060152,0.22236260618728435
6.0,-1.9013637964012027,-2.0649902575673473
6.0,-1.8431398066502747,-0.1566586013121441
6.0,-1.765369512064366,-4.172233031966694
6.0,-0.7113078943197874,-1.6151393391581845
6.0,-2.524062551487439,0.7569550491831956
6.0,-1.2390423976114529,0.131212823715637
6.0,-2.152574627537258,-0.2963455031130842
6.0,-1.9369478575670709,-2.587424292221128
6.0,-1.7388873482135605,0.09833077533750224
6.0,-2.649640477665629,-0.5295613917685988
6.0,-1.8356287220962724,-0.6702880080835518
6.0,-2.681758525816229,-6.692097605930111
6.0,-1.9435755194385342,-0.9491401377641262
6.0,-2.0278675972066376,-3.085515790903072
6.0,-2.5104360617156756,-2.132353755622025
6.0,-0.9737967098686384,-0.18824003101088582
6.0,-0.7208590758317764,-1.7245665611101517
6.0,-3.7238839266205015,-1.5725646094756869
6.0,-0.7900832294547011,-1.6283817860819627
6.0,-0.7162551198800897,-1.3388391432060167
6.0,-0.5735073524080769,-1.281770003822845
6.0,-2.4346626299171246,-2.529549371835551
6.0,-0.8853524195983006,-1.7755155076877538
6.0,-1.1310441600322731,-1.813217857649011
6.0,-1.6251624815377037,-1.607846312276115
6.0,-1.581143852039459,-1.1812476767296252
6.0,-0.9149157849260394,-1.2620375390064076
6.0,-0.8572175330832676,-1.6179057277455964
6.0,-0.5950133152774096,-1.6417956867206125
6.0,-1.273055668457516,-1.9585467404949923
6.0,-0.40813312848105465,-1.353202078356175
6.0,-0.46912262139250793,-1.2689260683683268
6.0,-0.3696734416825465,-1.4310281354179866
6.0,-0.9065557008007097,-1.3365504408923488
6.0,-0.8808579252416511,-1.086879752943302
6.0,-0.5132388966023873,-1.6173055357396315
6.0,-1.1933147342073989,-1.7095991883560089
6.0,-1.0659515843131997,-1.4003568762834055
6.0,-1.497679359384211,-2.298353091054429
6.0,-0.8745507021095213,-1.3451578981410235
6.0,-1.3048522175552215,-1.7770494343311696
6.0,-1.2557922199208522,-1.4551198372835017
6.0,-1.1395390327568786,-1.5205367671260874
6.0,-0.8827588139435084,-1.3643629786287352
6.0,-0.8327778902841997,-1.8392355519005186
6.0,-1.7671979641764812,-1.8053327145826135
6.0,-1.1219638656848099,-1.507749440511107
6.0,-0.6549784907807743,-1.6020373990167327
6.0,-0.657401083942256,-1.540395142199764
6.0,-1.252357306262663,-1.8882431932702681
6.0,-1.1558211850128648,-1.576944660318256
6.0,-1.3041823080457626,-1.8919525690060754
6.0,-0.923725727971364,-1.3579582783715294
6.0,-1.1242015476007303,-1.8827730166554542
6.0,-0.8970304077701351,-1.6726859409066748
6.0,-0.5697866981936818,-1.4180297580655878
6.0,-1.3851773894192816,-1.9317009502949378
6.0,-0.6545005434472172,-1.6652941758309683
6.0,-0.5189128563083008,-1.2383994916065053
6.0,0.008078512099540719,-1.6328324521616215
6.0,-1.1759116184417848,-1.4872105950587808
6.0,-1.5841724458073378,-1.820081685025448
6.0,-0.6517470916433462,-1.5512997007651717
6.0,-1.3583192630106977,-1.4904942757145776
6.0,-1.2297394136982511,-1.9577257726941926
6.0,-0.8336712705198903,-1.6405050638392196
6.0,0.2802829532902352,-1.6720822487411953
6.0,-1.0722732326171056,-1.4803260229478779
6.0,0.7680544827075275,-0.8115301415969648
6.0,0.9700356997674152,0.3463050167367968
6.0,0.8268211643923576,-0.7427442193992119
6.0,-0.22058792931126486,-0.9547041528453316
6.0,0.23729877930868665,-0.6403064491548404
6.0,0.1816083309520365,-0.6031990408532388
6.0,0.2784143607208385,-0.8517930183897363
6.0,0.7089717274934842,-1.337485130840852
6.0,0.39031066417351157,-0.8349293415176045
6.0,0.49538555038605914,-1.4921568677825936
6.0,-0.5950823110083582,-2.1101344343052197
6.0,-0.16348302717771845,-1.4150746062436343
6.0,-0.8205643386032938,-2.260203319977485
6.0,0.24218101107369244,-0.7450550146386898
6.0,0.16933905174932093,-1.383841160522584
6.0,0.6626739229385841,-0.8458891055087662
6.0,0.30603615312991495,-0.6625197157037935
6.0,-0.17887367676961585,-1.6076284051994538
6.0,-0.5751791294417802,-1.6073558729479338
6.0,-0.3638086174953179,0.14625198382652738
6.0,0.2670340310575851,-0.6745662602234971
6.0,-0.4112425028291216,-1.7389065268541881
6.0,0.19860032998201302,-1.486321452871567
6.0,0.21566908061041165,0.2011054079571008
6.0,0.341090867287386,-1.5454856468989426
6.0,-0.19536118216076523,-1.904164953863103
6.0,0.8379722904422318,-0.15830275187384552
6.0,-0.068137253862283,-1.468026911783077
6.0,-0.9962364288316121,-1.6130991885588124
6.0,-1.3438411555099687,-2.511049247871274
6.0,0.32309466000293136,-1.5476885305472496
6.0,-0.4454976865755424,-2.1744736319057987
6.0,0.5303875143768192,-1.3697776330730778
6.0,0.17739271979792887,-1.7983102123436971
6.0,-0.1474798790006227,-1.7478682527306455
6.0,0.5252932071330864,-1.9054705728208492
6.0,0.10920080476622415,-1.6761230274734864
6.0,-0.5673945337265145,-2.0192788412243217
6.0,0.7009890322916505,-1.008419534061566
6.0,-1.3303109290869102,-2.557970788867104
6.0,0.7301844088317027,-0.3445466427887097
6.0,0.47587541112204274,-1.0740006098587644
6.0,-0.05358098257916619,-1.890453090069059
6.0,0.5498210961553641,-1.0061425031311202
6.0,-0.12789712854252366,-1.3555596670797663
6.0,0.13826782939356455,-1.5433207500405544
6.0,-1.0423181635658003,-2.319379168420889
6.0,-0.5048564453953571,-1.5370118830923858
6.0,0.07522387246611308,-1.2728382988583506
6.0,0.9625457993808613,-0.16215720973359288
6.0,0.042062739837119126,-1.9185060450024451
6.0,-0.19653101598991438,-1.5648146946035886
7.0,0.1861111648760726,0.6486469659527365
7.0,1.0518225991090637,-0.1991198895168988
7.0,0.15515673561288926,-1.8080612261715654
7.0,-1.0133629084352749,0.0053556562303321556
7.0,-0.5077528795802003,0.23431730363147688
7.0,1.3395410151171119,0.03880618906745892
7.0,-0.22276188445288858,0.03969717968495991
7.0,-1.594103089089837,-2.0873247964186645
7.0,-1.427055860584923,-0.5391256952660706
7.0,-0.3653691908427608,1.20477143755809
7.0,0.15840331830800705,-0.8265858260767688
7.0,-0.6816814968904779,1.0346173017115872
7.0,-0.0503555685374362,-1.3533920712269398
7.0,0.6760953598830403,-0.17553689954894316
7.0,-0.7972349532013873,0.020773706684690738
7.0,0.4000763604904474,1.9347998301694629
7.0,1.9385436966811143,-0.036809336715923825
7.0,0.9769304210674901,-1.5972397093791884
7.0,-0.7186960709492668,-1.8503238539033058
7.0,-1.7335705764723048,-0.836543952764564
7.0,-1.0011949074160846,-1.326228758504148
7.0,-1.0916026812414286,-1.300433462816002
7.0,-0.6143312969164165,0.03554703901824037
7.0,-0.6235107255747915,-3.218489171263777
7.0,-1.480840001978349,-2.749551324373545
7.0,-0.5169169768887503,0.07078614861976279
7.0,-0.3534394941143836,-2.9199848422972465
7.0,-0.9407694427699609,-2.506812783356397
7.0,0.5195107174244826,1.4646907084217224
7.0,1.5343688523810335,0.010806638693824942
7.0,1.9491103614173244,0.013418353611267798
7.0,3.1750741389664245,1.1684387544831845
7.0,2.1322638826507916,0.8724949171982647
7.0,2.4198205056743975,1.160354446176859
7.0,0.7782701192058428,0.7707574181360816
7.0,1.5679311621124936,1.252551068318831
7.0,2.1540500580834485,1.1507300380212127
7.0,1.246013906675676,1.0779013804584274
7.0,1.768322508616934,0.2518801627090771
7.0,0.728341841191716,2.6143519469954386
7.0,0.6119860169111485,1.6583864554399288
7.0,-1.3779964163301377,1.336486677899185
7.0,-0.26773940481180986,2.0212485512861833
7.0,-0.7638076844897608,0.016596650935164763
7.0,2.503207998613181,1.414604581942028
7.0,1.0523131297741406,0.9242674575779222
7.0,1.3289537724008698,0.5368687998316319
7.0,1.6633906210253375,0.2577517272167149
7.0,1.3197161596038791,1.6500708089600062
7.0,2.4159181896428703,-0.07823097236555668
7.0,2.906237653860197,0.7649587191999049
7.0,0.35498514214183285,0.4299341473562531
7.0,1.151744554857449,0.48402760618425394
7.0,0.4905042664443067,0.8838692488308576
7.0,-0.23271793949919328,0.46825015963759836
7.0,-1.1845238869369117,1.550341945591937
7.0,-0.4966390678152314,0.5877235018571099
7.0,0.841634692255114,0.46500775035223607
7.0,0.4542614096346926,0.863589007015619
7.0,0.9750400207622926,0.7929105005983601
7.0,0.5448920250983778,1.256623361475979
7.0,-0.17396528782699017,0.9250840170352497
7.0,0.19482979208381132,1.427067876716309
7.0,0.9437455841920835,0.515809670806655
7.0,0.66356983127876,1.4544457464364209
7.0,0.8894754888730263,0.37127010283044226
7.0,0.352028314497613,0.30836032091124344
7.0,0.6130771487263623,-1.4066687038555503
7.0,0.3206439639199587,0.40684678557643805
7.0,-0.2490297878672445,0.8480370923545808
7.0,0.20832684190458686,-0.18660463572209804
7.0,0.1607687340657139,0.41192628414759047
7.0,1.1070621053423992,0.39433261745426423
7.0,-0.43134201251584503,-1.1593066983643585
7.0,-0.8101374676309453,1.9338279616395169
7.0,0.7680988284633923,0.4838738765508902
7.0,-1.1619870828717977,1.9843760742975722
7.0,1.629791893472514,-0.34697744473658515
7.0,-0.588109461049486,-1.0500657457393487
7.0,-0.7664291808767515,0.11388619278032963
7.0,-0.0657554936236967,-0.6269481667238221
7.0,-0.057585598114875416,-0.21430108546213408
7.0,-0.6501204828600977,-0.9626176436268713
7.0,-0.22410285531674512,0.028847630368699733
7.0,-0.8197578412922398,-0.5852795300298527
7.0,2.375985495217865,-0.12114552065645369
7.0,0.20781031133334604,-1.2029435736584178
7.0,-0.22117543489540822,-0.8385597670924156
7.0,-0.5730949042082678,0.5412265800147696
7.0,-1.045353825532266,-1.0086546996970316
7.0,-0.3254515656108573,-0.8481976892197737
7.0,-0.607518536328081,-0.6658244433237287
7.0,-0.18900754202142872,-0.10495124687390127
7.0,-0.36779381171150644,-0.5558492275311302
7.0,1.8593525314709105,-1.3670265789578047
7.0,-0.8937957857945088,-0.06271507776740154
7.0,-0.7041426922057559,0.16381890688987216
7.0,-0.7329109488427046,-0.3413649919173701
7.0,-0.6020549309970462,-0.5467449051365315
7.0,-0.04358807951057219,0.128456979311904
7.0,-0.22919186071104283,-1.1064513586218652
7.0,-0.313816990813925,-0.7909929654483138
7.0,-0.3224115985349322,-0.2118227015404561
7.0,-0.4492354326412924,-1.248666845856631
7.0,0.7053894056590864,-0.30975737089433236
7.0,0.043826452988360375,-0.12210375308528722
7.0,0.2517148946235974,-0.06268149031855713
7.0,1.1937029100474363,0.14963608017668467
7.0,1.254420989476975,0.43800944600070596
7.0,-0.01761798258213429,0.07420896784156951
7.0,1.273985138792141,-0.1747174923242992
7.0,1.1816086550211344,-0.3577915666676818
7.0,0.9380220061751732,-0.0013553961285075848
7.0,0.9707020150371942,-0.11227315083249373
7.0,0.6347057317587074,-0.45314128919995306
7.0,0.966415996459014,-0.6050269638873053
7.0,0.8354611312573318,-0.5693138517381591
7.0,0.8522894876577228,0.12450598572464837
7.0,1.009453720035016,-0.7541316620568942
7.0,0.7348164136562765,0.5969546395161969
7.0,-0.8081871675038149,0.44986505722580516
7.0,-0.09334815194540297,0.04007201929055008
7.0,0.16138004326207528,-0.12536631200262655
7.0,0.9606194116768919,0.5298230499869501
7.0,-0.25383672982205,0.5346977674492305
7.0,0.33937400613624064,-0.08334050074430556
7.0,0.21676638214902616,-0.22638127231632296
7.0,0.5756291147977766,0.31307894653253815
7.0,0.8225017252624754,0.2828602878139613
7.0,4.0953655766646175,-1.011853032253693
7.0,2.826461215126872,-1.050408860491989
7.0,0.9053600081954281,-0.24383716842525782
7.0,0.8595443823438381,-0.447219328153941
7.0,0.3135325106861856,-0.5866831592175916
7.0,1.1011691465140097,-0.2200434431287951
7.0,-0.2614573235375912,-0.023158054584237784
7.0,0.8497166008297379,-0.10415462561851575
7.0,1.592550900999814,-0.15571851998655878
7.0,1.0310478577297433,0.11482976786807048
7.0,1.0738240178495893,0.053116238621603834
7.0,0.9967599354603399,-1.0204440239063348
7.0,0.5647810452045695,-0.966144698984657
7.0,1.240122423763851,-0.8376047141659059
7.0,1.0981893264950158,-0.396497980658148
7.0,4.391417295957835,-0.577252907634459
7.0,0.8234226980312923,-0.5712115437163837
7.0,0.663547287272306,-0.5569817032013051
7.0,0.5331246249244813,-0.7642000128288648
7.0,1.4473149772150957,-0.10427875600020318
7.0,0.9978918388945697,-0.5544526112820858
7.0,0.2994420330362851,-0.9029191902039353
7.0,0.09488114263869805,0.3269558719343858
7.0,0.08040724972418191,-1.3649643648838392
7.0,0.7342400308612308,-1.246432614873681
7.0,0.9767631435099764,-0.8772354270865045
7.0,1.2625336924863093,-0.4212671157672555
8.0,0.8197703225961411,0.6119657516725658
8.0,-0.12932122686575617,0.34022784894374436
8.0,-0.6457761586533364,-0.385185466261602
8.0,0.23721285191604957,-1.1463898732979991
8.0,0.14508072373767403,0.1275718250104171
8.0,-0.510487534877029,0.6965924344475816
8.0,-1.3647059994321196,0.22038957409308027
8.0,-0.5352163257130915,-0.3896313768537176
8.0,-0.3299971428528642,2.5964587386958744
8.0,1.0896275350934483,-0.0480423052151388
8.0,-1.147711869535615,-0.8107504744970152
8.0,0.9763984286523019,2.97851146922689
8.0,1.6387806622395913,1.2589647783395908
8.0,0.49536323425989015,1.9699556952383979
8.0,-0.47729926368222214,0.43316316847446984
8.0,0.33035367155419515,0.44163385163398095
8.0,1.1458973003082418,1.3954384142052727
8.0,-0.05956173905139602,0.3408214753638885
8.0,-2.266016655708266,2.862803407285917
8.0,-1.4072122030496435,1.682998367088314
8.0,0.40035567700780916,-0.7522350833590186
8.0,0.7493285199361853,-0.36941675819606745
8.0,-0.49820052433234574,-0.045128940518870383
8.0,0.8178288006319401,1.1074613585686586
8.0,0.5437661719593274,-0.14479497122498522
8.0,-0.5900461266249146,0.3820200121603527
8.0,0.5529794614444743,-1.0373031437565987
8.0,0.0012325582939621267,-1.4547712504163361
8.0,0.4050083636596733,0.7190530825863748
8.0,-0.8943425087201589,0.801125307667508
8.0,0.9400733753076091,1.4676433657752783
8.0,-0.5984262941841706,0.3733509622756148
8.0,-0.6255769876316675,0.9974256338436279
8.0,0.3948767582616014,0.669627230182233
8.0,-0.10873497115944375,0.8702909969770537
8.0,-0.3061510804182875,0.9206103002915865
8.0,1.0823226064566813,1.5681388463625074
8.0,1.3939584792604256,2.165596880526885
8.0,0.4122380232371584,2.215458436457466
8.0,-1.2359221960687943,1.1062862110697471
8.0,-0.2702275164652331,1.7143344058656118
8.0,-0.3245804053868297,-0.45044784617542427
8.0,0.6095206502021777,0.9589515121858958
8.0,0.16344273999141418,0.526403437656883
8.0,1.0422298302970843,0.7697961852762017
8.0,1.373220267906887,1.0643864127605218
8.0,-1.0754024632704133,-0.32953489687023985
8.0,0.7204360748331031,0.9193203284075163
8.0,-0.46882323871961495,0.2823709101902639
8.0,2.5058715928829636,1.2139779443718264
8.0,0.33707409840315145,0.4865900750905095
8.0,-1.154969623166932,1.5090287531652269
8.0,0.6707651794765369,1.7047908193564967
8.0,-0.3278922477069529,0.06344426251675091
8.0,-0.249094088186856,-0.31953665847005286
8.0,0.4192125727479282,1.0290477216767973
8.0,0.2359208759400975,0.10266049340946896
8.0,0.6140581906657508,1.3261967741507081
8.0,-0.5113999869237957,1.0904606079574788
8.0,0.9638916428020534,-0.3608838584733335
8.0,1.40018458019726,2.0675595143354375
8.0,-1.9020758698653268,1.513693080817637
8.0,0.5582208788994896,-0.20252889950364347
8.0,0.035167136893058136,-0.11383406792862075
8.0,0.7714841056816489,1.2836005650348035
8.0,1.1866141770779588,0.2874146774640982
8.0,0.11016208938393182,0.8477282070151799
8.0,1.0282447988966308,0.47489011592005137
8.0,-0.08939088531801477,0.39781068035032036
8.0,0.013060220897752517,-0.21417565385886414
8.0,-0.345067428424699,0.3447574170988748
8.0,0.4126074363259967,1.2173203362494687
8.0,0.5967233868138577,0.5129882556097514
8.0,-0.2664187705625594,0.5555313402448283
8.0,0.5658714451115222,0.8483707214788985
8.0,0.4488738118587228,0.12430991367242233
8.0,-0.020146903206286395,1.1438583061269199
8.0,0.6062506282796969,1.618311628548494
8.0,0.11007404505653677,0.8685396037731974
8.0,1.4479882478135833,0.5458673856094822
8.0,0.7406504485774196,1.3183085705255932
8.0,1.1777671153938896,0.25591329759344544
8.0,0.4346518705948648,2.2439496672839914
8.0,0.1578931287376066,1.6851074805436024
8.0,0.6429800911997208,1.6592975691662377
8.0,0.4241136735429466,0.6090333855863916
8.0,0.8815789180356901,0.9844589735872183
8.0,-0.5605230055522332,1.7072373442117044
8.0,1.3871046916536065,0.5378496363629924
8.0,0.6906402575626289,0.15123996408917717
8.0,0.48714251589022955,0.6330599594786609
8.0,-0.1423370298124399,1.3269452510187982
8.0,1.1033267905219033,0.28913133705957994
8.0,0.6069896978787476,1.4011142396805714
8.0,0.764469475228059,0.23294511648680893
8.0,0.8165454196993817,-0.2616417218880225
8.0,0.2657488660663355,0.24937890972634186
8.0,0.7643701652516561,0.5942695694758118
8.0,0.6690311440684643,-0.008018301175772548
8.0,0.5259677711255839,0.5437392499670991
8.0,0.6000558431709702,1.408672228384816
8.0,1.5007031075040604,0.8592434539923667
8.0,0.38849854671029027,-0.13190846756120522
8.0,0.6726275434874085,0.6502324192091472
8.0,0.5411221459195159,-0.7157797773764255
8.0,0.3168449478191185,-0.48040304606998485
8.0,0.5304323678725846,-0.66287192298823
8.0,0.8737225970900747,-0.591389470157365
8.0,0.20537907533855534,-0.7243517887008447
8.0,0.7872183355544216,-0.16316186702904262
8.0,0.5034283619840855,-0.33378859522237647
8.0,-0.4290709472838718,-0.06774274797683495
8.0,0.035519176495642575,-0.3241675025634369
8.0,1.2001997880603257,-0.12050367086892794
8.0,0.5054276188379875,-0.7575484448265495
8.0,0.5748651767389316,-0.8493036237992176
8.0,-0.19219932373840506,-1.0014765308432292
8.0,-0.02079490142410887,-0.30602572276863294
8.0,0.5439936792925072,-0.25650827891835115
8.0,-0.20173187277500176,-0.7386235538368318
8.0,0.6662209411569097,-0.5702355254426946
8.0,0.6596955720609531,0.02226306347185826
8.0,0.04652765978116572,-0.21229211729222439
8.0,-0.5571342657108126,-1.0996588034030768
8.0,0.8132731401737285,1.3092074928874435
8.0,1.175484287625159,-0.6098537785043429
8.0,0.5016360467682546,-1.1873465246476678
8.0,0.8466437078125106,-1.2378033283958756
8.0,0.2213451817403162,-0.12277962799227086
8.0,0.4010262216771105,-0.7788885208750991
8.0,1.1214939987020676,-0.10102865976189063
8.0,0.6787907494396579,-0.2085405277395066
8.0,-0.28633904439709085,0.13896527731623115
8.0,0.5829610227672656,-0.0900637385045533
8.0,0.6639826243831248,-0.9087594920162327
8.0,0.4771669453886306,-0.35416525666775844
8.0,0.3016493745146095,-0.6431337279853792
8.0,0.09192640305609222,-0.5717877832223092
8.0,-0.21283898603410942,1.489386346484908
8.0,0.9568979895496668,-0.663031450251545
8.0,0.34042190085699686,-0.1837133714290228
8.0,-0.045170088670488495,-0.1894732459963723
8.0,0.3418763427978684,-0.40311918308126526
8.0,0.001996647163362245,-0.055837683828939826
8.0,1.0124415437893872,-0.3748599323597974
8.0,1.1315762411502062,-0.06292272825840883
8.0,0.6377391504036193,-0.5247623133216617
8.0,1.045996915642722,-0.03142736331482921
8.0,0.3934038051131959,-0.03126056228458341
8.0,0.5271710165897732,-0.5556476267164018
8.0,0.9916226215136253,0.10245894943623106
8.0,0.8327413953809308,-0.6696373354053066
8.0,0.4230069715744404,-0.8276974362320939
8.0,0.759386294793902,-0.6400778917514983
8.0,-0.8319121631271873,-0.5647751039234722
8.0,0.006885294491471841,0.40688649582394704
0.0,-2.768580134339575,0.10935017622201003
0.0,-2.449833325593792,1.0959736879691018
0.0,-0.8579248136882122,-0.0853166534361015
0.0,-0.10588010482510303,0.17708327572055188
0.0,-1.2656064813380872,1.423994626784647
0.0,-1.7288740224695538,-2.139656690211775
0.0,-2.9851938741170287,0.7645294303537504
0.0,-1.9780756683239873,0.49406644055200977
0.0,-1.2871144901181006,-0.5050730305291578
0.0,0.8296199636069299,0.6926204586133243
0.0,-2.0155596536259326,-1.1608591323593813
0.0,-1.5335461179085834,-1.9544299948797264
0.0,-0.11280539577067701,1.7580382639725909
0.0,-0.9289427550411825,-1.7512303505209343
0.0,-1.4767005144913528,-1.6548238077640118
0.0,-1.2261667308354012,-1.7627146748858151
0.0,-0.8614854856393805,-1.2897417390878827
0.0,-0.1291866488109216,-0.34468373826532306
0.0,-0.6491375488258206,-1.6178127933483168
0.0,0.40370525287105985,-0.10819196691963015
0.0,-0.3507666221087174,-1.8445620469665795
0.0,-1.1548833027493843,-2.206571979315805
0.0,-5.595789587704364,-1.3105684972886615
0.0,-0.6472536844054599,-0.9136627929364818
0.0,-1.7397097454455337,-2.4380570350315325
0.0,0.8246979031374037,0.009757025711614815
0.0,0.40880505149923013,-0.8618139062308584
0.0,-0.2694716808667852,-0.9702344299756448
0.0,-1.0545199586491216,-1.9346436847550696
0.0,1.1002374642307151,0.15341703425314854
0.0,-0.7168254698109789,-1.8777402134093542
0.0,-1.2523584948449829,-1.6191760330915603
0.0,-0.23613494914459485,-0.3934161212045672
0.0,-0.7621723220652475,-1.5357024245418744
0.0,-1.1397871327384383,-1.3865554281492891
0.0,-0.8519165832873562,-1.7402738017085926
1.0,1.2977913639415426,0.6917601793000169
1.0,1.9588581021274825,0.9214005837002739
1.0,1.449366881826393,0.32048374902281185
1.0,0.6274612778836216,1.9798523488801423
1.0,2.746294217953962,1.9665080642681352
1.0,0.1549757907441405,1.4991120082624227
1.0,-0.1343237040226519,0.20474064423590155
1.0,2.259383106805957,-0.21376720130812435
1.0,0.6309016505155476,0.3746553237596911
1.0,1.7895002823501425,0.7547079875700656
1.0,0.9352579265936207,0.9484298978511913
1.0,0.07290664255157693,-0.20706432963326185
1.0,1.0511949582024918,0.5567078176838641
1.0,0.9077378132179809,0.23899288241726502
1.0,0.8368898459885485,-0.35474751596629667
1.0,0.919150172876894,0.6736051604581983
1.0,1.3527339341679374,0.11249083128677342
1.0,1.2399639382347178,1.0953875766374797
1.0,0.9237596580579199,0.7556963842962287
1.0,1.3511780845733155,-0.42469183885021344
1.0,0.44420999544398815,0.3016330106839105
1.0,1.3295948874589496,0.09641994272208616
1.0,-12.285186339373537,1.2264687411089392
1.0,0.3957183167676505,-0.41251161715440965
1.0,0.9117768457533378,-0.4838833383841514
1.0,0.5612298919231533,0.2821115194702218
1.0,0.5753535317156638,-0.3003254407237357
1.0,0.5106400613372993,-0.27209875160913943
1.0,-0.3423735491111694,-0.34752069793734147
1.0,1.4510557873056698,-0.2772200802415961
1.0,1.4699078427484644,-0.4176946228067883
1.0,0.818803507701543,-0.4017419102566404
1.0,0.2730596492767496,-0.730484394743935
1.0,0.586481814763152,-0.1008287555115449
1.0,0.9202692316259903,-0.8184121927188902
1.0,-1.361290396596462,-0.3697174971669363
2.0,-0.7957874288384815,3.5305024634806803
2.0,-1.3246046940621878,2.520764876611819
2.0,0.21868740442789508,3.148405528932242
2.0,-2.1235166791772446,1.9600284486551562
2.0,0.5049989319252887,2.8361161245788176
2.0,-2.035784863436597,2.007323501689572
2.0,-2.1013352438651602,1.780561434505533
2.0,-1.6716774301804604,0.9595390153824825
2.0,-1.7259870334710923,1.0985289965706428
2.0,-2.5153567120370344,0.6121762646449279
2.0,-3.063365499458649,0.595660810203918
2.0,-3.137072279236308,1.3365807692294687
2.0,-2.1473441551192716,0.5593497264605687
2.0,-1.9566625485147378,0.17047424088833824
2.0,-2.08349984980287,1.8081839029118936
2.0,-1.0621158385863838,1.980424480841738
2.0,-1.527156646400066,1.3908511509651176
2.0,0.2960282990420232,0.787074039180771
2.0,-2.194793027749944,2.241192607348237
2.0,-1.6952556208660665,1.8480352737383943
2.0,-1.8379567034753748,3.0587527333645843
2.0,-1.4197805781035073,2.8350549761371653
2.0,-2.0036339001295174,1.2057211931289875
2.0,-0.567584396891452,1.0231099673054787
2.0,1.2437558922265015,0.4515826526871643
2.0,0.19300664221899058,0.3394260522994896
2.0,0.4648874367675019,-0.13024463654583116
2.0,-0.19982606430512354,-0.9201057596765079
2.0,-0.3887002534142523,-0.9613420550611758
2.0,0.2460021432276122,-0.008041770965291725
2.0,0.3465648729123736,-0.47365090148278777
2.0,0.99141339674407,-0.6676373935173581
2.0,0.3776280633992803,0.7111251448916431
2.0,0.6698009426146702,0.14018464587528834
2.0,0.5244939926494976,-0.10018548457686992
2.0,0.6868637100414127,0.653355988205864
3.0,-0.6041836435458522,0.511314188349235
3.0,-1.554345323023447,-0.026489663344974212
3.0,-0.46327455470765355,-0.4077588343790704
3.0,-0.7730977567524498,3.0172660678678835
3.0,0.38778953334782135,0.5478128068260266
3.0,-0.2870012268859553,0.347980241186468
3.0,-1.6888717630896297,-0.5794645874468687
3.0,-0.8679518200016371,3.22844979884379
3.0,-1.1836615667428916,4.23727863322826
3.0,-2.0351507632627075,2.1762273881539933
3.0,-0.7561153705474631,1.8734451267155856
3.0,-3.281648081700395,1.496907410222024
3.0,-1.0953463669046068,0.7350567961498833
3.0,-0.3786430117838668,0.5649280273904179
3.0,-0.7622272485232693,1.409785732790524
3.0,-2.355086249824695,-0.5262939101670511
3.0,-1.290793002884913,-1.2352180112903177
3.0,-0.18581591930363148,0.8057330480267961
3.0,-0.4016394096299705,1.355992085572486
3.0,0.11751894200471194,1.0860285542853723
3.0,-0.018095827045098357,0.19802987276539927
3.0,-1.7245099427427224,0.7415482858365217
3.0,-1.8145418218337195,0.8977250520578053
3.0,-0.6134521872233281,1.0657618882005335
3.0,0.35701772746290905,0.49289121602800207
3.0,-0.3799853808000091,0.03587911283590888
3.0,0.33821125686481474,0.8882922515200867
3.0,-0.2794935942611128,2.3413550974789947
3.0,-0.782991796134634,1.8660988585943719
3.0,0.5039477196978613,2.0182542192704966
3.0,0.4269004545706894,1.3101706104651178
3.0,0.9998475770678494,1.5121239831105562
3.0,-0.378765109413833,4.374825594297954
3.0,-0.5205641627897997,1.2225020115124325
3.0,0.5087249705979418,1.4626378908840079
3.0,-2.0660894632911324,0.2045356754217312
4.0,1.4024182485968726,0.6032543024394713
4.0,0.05518186440522064,2.2634560566416
4.0,1.8541334131096976,-0.19318185831723847
4.0,0.7061206259543558,1.5494528216853642
4.0,0.1289348226177403,-0.5262108112163356
4.0,1.0868635725893458,-0.2633908401567807
4.0,0.8190426407798184,-0.25770182802597535
4.0,2.3155010949815185,0.6243174385015197
4.0,1.4388535585995572,-0.010335447541780875
4.0,1.928222157118465,0.15340416602766188
4.0,2.3870605099034705,-0.802632448248917
4.0,0.1785650852459604,0.552896140701395
4.0,0.744812318984744,-0.7535483279881682
4.0,1.7730248825286206,-0.4881333906851522
4.0,1.5715261847320323,-0.5676083106218157
4.0,1.707400677178669,-0.8158447844581537
4.0,0.29567995512803635,-1.330340330167164
4.0,1.3338899577199725,0.17842403094739065
4.0,0.7403749939484053,-0.5896159005323877
4.0,-0.42934545223572695,-0.9525976997271549
4.0,0.8748116583260257,-0.4732335761046479
4.0,0.6065987160897777,-0.14654432373852871
4.0,1.6120458849129635,-0.0005398327260379539
4.0,0.8993657391647767,-0.6213047262677346
4.0,1.1434378693499796,-0.2592773094639518
4.0,0.4934126520473591,0.12473850203814386
4.0,1.0125133274492084,-0.3724371554146439
4.0,0.4887563573295034,-0.13758052493433712
4.0,0.5569066069018813,-0.3131346500539376
4.0,0.09812853817862675,-1.1512987996251818
4.0,1.081268009224676,-0.2101489295631689
4.0,-0.2818462510640249,-0.34496546800727174
4.0,0.8212772899082241,-0.5737817648347614
4.0,0.1216491859438505,-1.3926657348691638
4.0,0.44925007634352737,-0.8337975185996346
4.0,1.0669095186795647,-0.5941349549347942
5.0,1.7892272755376004,-0.8786205975729436
5.0,-0.6104799862227461,-1.67083598314553
5.0,1.9957201013742807,-0.38167096982627546
5.0,0.2077507674067604,-2.3449894734895365
5.0,-1.2498568832037729,-1.3113534622296346
5.0,2.224110246558725,0.3083237755520966
5.0,-1.3026199496782862,1.0273720693166744
5.0,0.4685275700753136,-0.9995190341401758
5.0,1.5820481768485286,-0.4600503068701438
5.0,1.3844725540888692,-0.4210419951254141
5.0,0.035560213081557324,1.3395747456697031
5.0,0.690417161239361,0.002641358971933789
5.0,0.39365552015046884,-0.4960712929128186
5.0,0.6915371501632104,-1.3759098502633313
5.0,1.5420106633925932,-0.04084968241600153
5.0,0.934314058272067,-1.3019104625642726
5.0,0.17174475926642763,0.8591653754805204
5.0,1.0641693812787199,-0.09665369264085422
5.0,1.3494773126286774,0.045486297499759624
5.0,1.1421478306359691,-0.6210268716203331
5.0,1.1936482718270953,-0.9914750262080048
5.0,0.9668947621525787,-1.125921612914066
5.0,1.0382821705743657,-1.3571491960793918
5.0,0.777229441638197,0.7269706141413185
5.0,0.7982748343065802,-1.076534038261868
5.0,1.0232956958152923,-0.8212221448947141
5.0,0.7173509465712391,-0.21060737597016962
5.0,-0.4591543787761502,-0.787304462226473
5.0,0.27361049487758987,0.28090551008649506
5.0,0.2556259335692411,-0.2939463200954805
5.0,0.8130713706524155,0.35661139609327924
5.0,0.34597446032087975,-0.29649625933287377
5.0,0.6924309739521349,-0.3360396438624439
5.0,-0.358732696995556,0.3006809693060709
5.0,1.0941424131247304,-0.30107603483927525
5.0,0.7457031159834452,-0.2739084914290866
6.0,-2.278979808847064,-1.3173552256218863
6.0,-2.6053150846220006,-3.5651163705307187
6.0,-1.1872254038765728,-3.005463628610487
6.0,-1.1269907066785032,-4.7875257250037
6.0,-0.7427433543963713,-2.5198637560342076
6.0,-1.618789307113491,-1.4023960656467365
6.0,-2.247658689835732,-1.838710858113943
6.0,-2.0407201499268783,0.2405126488162394
6.0,-2.612808440863278,-0.04762986236085858
6.0,-1.9114052271043587,0.6950496866904453
6.0,-2.9614656800364774,-1.5616119298706552
6.0,-2.07568490896296,-2.7093131786470748
6.0,-0.06827188877383716,-1.49472749628906
6.0,-1.3957698023119258,-1.5766332453522374
6.0,0.6129139470443629,-0.6058583172358444
6.0,-1.7441374426447176,-1.870453564690871
6.0,-1.2481435908504468,-1.8810454290601992
6.0,-0.8751617766353663,-1.6779607579120681
6.0,0.5025023102445703,-1.0303121553723906
6.0,-1.014704455213187,-1.7058491477176134
6.0,-1.2486777475935424,-1.384521901040213
6.0,-1.1631122339068865,-1.5368018118542615
6.0,-0.906165583455345,-1.565703677214629
6.0,-1.0570599459217433,-1.6665570867310509
6.0,0.39281668671277875,-0.6417356328232562
6.0,-0.3163628479401921,-0.58555780085732
6.0,-0.5416174088564482,-1.2126285571772648
6.0,-0.4877330991725951,-1.390467376563751
6.0,0.7309129912132125,-0.9065537042368953
6.0,0.3763448900370042,-0.9098421375720812
6.0,1.0641613782090156,-0.19952144086056084
6.0,-0.1278521889695411,-1.1527132564806648
6.0,-0.5631924431225759,-1.9050035589834378
6.0,0.15767092215628345,-1.7002156922473228
6.0,0.4378846979902312,-0.9825562494231239
6.0,0.11413527938205693,-1.7348813664877225
7.0,-0.9244065627481013,-1.4088109205775505
7.0,-1.5157979266410921,-1.0113408275098321
7.0,-0.44685533870875394,-0.6600666257113231
7.0,-1.7417148745649058,-0.5751619781232199
7.0,1.8728473360315065,1.8604329722359112
7.0,0.7575290960505964,1.0196006283041996
7.0,0.2646313447317479,0.23004827163448896
7.0,1.159989346822635,1.2894846091795307
7.0,2.3267646021849617,1.3514147538294408
7.0,2.6262501056074665,0.6834941210269726
7.0,0.5339729101802572,1.3351569781729682
7.0,0.5730688126251572,1.499286927421479
7.0,-0.3706796173743354,0.5641187452839685
7.0,-1.407516066869798,0.8064650790134013
7.0,0.09397470753801854,-0.2625905230246552
7.0,-2.7748467520672637,0.7394154784362792
7.0,-3.1688698059846847,1.4631628547614743
7.0,-1.3912279789854378,1.037659751376479
7.0,-0.17900478859450694,0.036056209453792586
7.0,-1.0146067241065264,-0.5329479957544806
7.0,-0.33564637867029645,-0.5159596185508327
7.0,-0.7625037599813769,-0.8147006832102617
7.0,-0.4463157885253182,0.8084241007469206
7.0,-0.6448659552560169,-0.9745011254754726
7.0,0.9804705247367861,0.22478159195930303
7.0,1.277300145761167,-0.283607084213163
7.0,0.6308639816007775,-0.5463103501993092
7.0,1.6372746411897696,-0.7227024320741515
7.0,1.1281191235424866,-0.5241526078499639
7.0,0.31568418449042496,-0.5639403971273527
7.0,-1.1579714729937707,0.13199449511728994
7.0,2.021479294853178,-0.7828540580053018
7.0,1.4662553260115831,-0.5632678624938889
7.0,1.281770405384374,-0.2012537049991261
7.0,0.7813135786318081,-0.6933466819947803
7.0,1.316374670865098,-0.462908592651519
8.0,0.7589329553196329,0.8549323207809668
8.0,2.727373909318494,-0.09402069768950172
8.0,1.1457078210427012,1.2436834007764526
8.0,0.8257772301551021,1.3599061921101914
8.0,-0.935159637388248,0.8873069356721582
8.0,0.47748846947862306,1.0692135160518452
8.0,-0.22159409171270003,1.3416284112816474
8.0,0.9119889158249352,1.1585811723115376
8.0,0.39668485237351275,1.0857753141090378
8.0,0.6300275296609016,0.9007975710453097
8.0,-1.5170509107367502,0.4589106958664699
8.0,-0.7475455316472966,1.442137785412304
8.0,1.6756016995675436,0.2556270112940201
8.0,-0.6068705767147345,1.0155980198602148
8.0,0.8982298487430677,-0.13815407116601347
8.0,-0.02998402190297561,0.3917413984686066
8.0,0.7070425317364599,0.004336110965252998
8.0,0.9733944995187022,0.5998548764311066
8.0,0.04211565573431672,-0.5773143714540124
8.0,0.11718849884481751,0.05324489735864188
8.0,0.3974634247982012,0.19857113165235835
8.0,1.145236080354849,0.6594160053841814
8.0,0.27608887307098173,0.5055325609300138
8.0,0.9679782788910912,0.540390300170858
8.0,-0.46004073954890334,0.33556382273481966
8.0,0.27451582117742995,-0.5220532556432773
8.0,0.42551355181891565,-0.8229346191040925
8.0,-0.22856749325795964,-0.7760435373234221
8.0,0.41840605600927017,0.2628112044957012
8.0,0.8577378945832471,-0.6414760830101098
8.0,0.9818965566080885,-0.2802399732330596
8.0,0.5259283727390578,-0.32395467169766506
8.0,0.9110555874568633,0.06967202042909396
8.0,-0.20802433805964857,-0.45156876057224365
8.0,-0.12028251572979037,-0.8319704457100864
8.0,-1.1516837552176054,1.6217670391019299
