0.0,-3.202914908592744,-1.490040183774807
0.0,-3.781348876007646,0.2259941578413837
0.0,-1.416366506081991,-0.9233432780350996
0.0,-3.097756265432391,1.0904171200980672
0.0,-1.3116777799561505,-0.591010139329114
0.0,-3.705003296804622,1.1572642789552212
0.0,-2.478779507439538,0.4253694241238607
0.0,-2.6088349538360576,-0.8149394896868466
0.0,-2.9606377043626604,-1.4404827679633385
0.0,-2.5151652477981976,-1.3826425532925906
0.0,-0.24694258900003377,-1.6136425574545008
0.0,-1.4827756290114902,-1.189284271457056
0.0,-2.213752407952038,1.8165070508958954
0.0,-4.250976253564702,2.2548952557901325
0.0,-2.835628464862253,1.0578414173359447
0.0,-3.841348485025024,0.050518665326857747
0.0,-2.0288429406373663,-0.8604020072715877
0.0,-2.827914621214456,0.3778769059276938
0.0,-2.9442569697633956,0.47114059422841525
0.0,-3.11632471026849,-1.5641700215395216
0.0,-4.514034175087144,-0.3313441246797123
0.0,-3.129553789674562,-0.33923337583069146
0.0,-2.4913587786384745,-0.4774401344420377
0.0,-3.366181485715128,-0.07371828768293102
0.0,-3.8050782191561447,-0.3500909448272002
0.0,-3.04381462614712,1.2413895440962472
0.0,-1.1299522545267582,-0.6891639488020127
0.0,-3.271181825784069,-0.9450885398564831
0.0,-1.507192963815731,-2.427292372882001
0.0,-0.330971412507128,-0.871342201948532
0.0,-2.5116130273876367,-1.3779783999041637
0.0,-1.153774620828875,-0.807161657870147
0.0,-1.3070571800723398,-0.9062458543215495
0.0,-1.7848338248800923,-1.9721580492974853
0.0,-2.770430069796116,-0.24239841448558133
0.0,-2.8949205871944046,-1.9344380282643885
0.0,-1.0471839732364407,-0.5279810203614638
0.0,-1.4179866427704106,1.8281460101893525
0.0,-2.975016492631014,1.7919339398104475
0.0,-2.8123778592179423,0.6649402742585954
0.0,-0.5138729131548879,-1.0032303560232545
0.0,-0.27811349192106505,-0.7320320949073726
0.0,-2.1655260446162163,-1.0206282888530136
0.0,-0.9649477268335513,-2.7691038405852946
0.0,-0.4459027188600092,0.8172029087595746
0.0,-0.37737466783498824,-0.06666775275564497
0.0,-0.483018334925723,-0.7039647340587177
0.0,-2.559715876160907,-0.8800833285182734
0.0,-2.1567321463887983,0.24375165623613543
0.0,-1.407064720345036,-1.0896717265533116
0.0,-1.469671657085994,-0.7678168480853975
0.0,-1.187335863402596,1.4880373606563533
0.0,-2.824220106535514,0.9533256304137184
0.0,-0.8450879865399921,0.35218180656973297
0.0,-2.3967218829153016,-0.6056013534160407
0.0,-1.6314677993215092,0.5688864593839728
0.0,-1.7913222590344424,0.5589034927550525
0.0,-2.3778121348523533,2.0298216673386014
0.0,-2.2619438274010095,-0.34993822182071943
0.0,-1.9601251362529468,0.4204385964012884
0.0,-1.460585422806378,0.8736062641231855
0.0,-1.4461116640378484,0.10419670487508759
0.0,-0.7395277011884609,-1.0573792739538943
0.0,-0.6115681490039384,-1.3419822280106266
0.0,-1.4472705045848209,-0.8965887777075633
0.0,-2.08015495880433,0.3967706813399814
0.0,-1.599757044730706,-0.9367375215292283
0.0,-1.764021282619646,-0.4752742136685382
0.0,-1.815460896405287,-0.5103018124066324
0.0,-1.7259775395573538,-0.04723811605268846
0.0,-1.628628705103988,-0.8142746750833959
0.0,-1.3866238024892743,0.2844844571138472
0.0,-1.5656823305602627,-0.05326084707135699
0.0,-1.305276624628218,1.0695201847650133
0.0,-1.6371181521308027,0.18440690401701573
0.0,-1.7401317152506106,-0.9771065265857795
0.0,-1.2524207908343834,-0.7705464228032354
0.0,-1.340876307609639,-0.32885181224223387
0.0,0.18719472649932611,0.4567956119848222
0.0,-0.02063333778940209,0.717231470872219
0.0,-0.009386768540437547,0.1071239650711742
0.0,-0.33418089054604483,0.8870608846742997
0.0,-0.8369143893282611,1.7073005404916792
0.0,-0.274367790041861,-1.5281761744720237
0.0,-0.15931301842316872,-1.1048818958228364
0.0,-0.7214246493351314,-0.3890936903188783
0.0,0.655538759618487,0.7803495548843433
0.0,0.9365099497525979,0.16669576120027735
0.0,0.28671676703232596,1.3880187799821146
0.0,-0.001339270139745218,1.5065032698508423
0.0,2.556805162644354,-0.8462063184121287
0.0,-0.700673046107196,1.2996922003027198
0.0,0.17799939077036883,-0.3112775241714968
0.0,0.2225342548393239,0.7379374044512148
0.0,0.48353914128162595,0.07625235668308612
0.0,0.28408881429408106,0.3318644845571875
0.0,0.26606494023086324,1.2535502801139913
0.0,0.9769462754393063,-0.032562175448409794
0.0,0.03736970971447469,-0.4433800791826308
0.0,0.9084108621654058,0.17587864992415034
0.0,-1.635956508395755,-0.7111327723346995
0.0,-0.3880946850207091,0.8043975827109571
0.0,-0.3855768682150211,-0.8286689722953283
0.0,-0.2287662556942822,0.916526746935021
0.0,0.2681500034094764,0.5415831219640448
0.0,-1.448530352863507,0.6382701762528521
0.0,-0.032915595300794076,1.0543760912028137
0.0,-0.014045057555867595,0.6358861889091444
0.0,-0.3826839725162194,0.4718043973936204
0.0,-0.4262924052687602,-0.0913204834121808
0.0,0.14920796270116482,0.665415073812568
0.0,-0.42371159614009374,0.14240818804079028
0.0,1.1736730792382737,0.5650890843244475
0.0,-0.16812976396439655,0.6459596633728159
0.0,-1.247243336225784,0.5025115601005713
0.0,-0.6756704342829257,0.11590302056538236
0.0,0.09772297453383941,-0.42747036941399524
0.0,1.9328983439252605,0.21223008668263085
0.0,0.6813416250045221,0.6463966065841705
0.0,0.08912573662415899,0.6891297213444253
0.0,-0.9080761388081134,0.7743848996521299
0.0,-1.3882163795435367,0.5781737739071463
0.0,-0.16122000909738554,0.3036411817241393
0.0,0.502898371083754,0.2931583555187242
0.0,-0.22206656755072118,-0.30268136475542706
0.0,0.3948664546564043,0.5184498378362771
0.0,0.303601965924133,1.026172153608169
0.0,0.5998263514708432,-0.2941665461760129
0.0,1.0461721352637359,-0.5202637982618091
0.0,1.739562924042778,-0.834848897939184
0.0,-0.7690868028129711,0.7167363039326928
0.0,-0.9124324801027125,1.3255167130795762
0.0,-0.0018211759254030415,0.30624492194120295
0.0,-0.3827479196577765,1.116752458134983
0.0,-0.01717006296075284,0.7546478989149363
0.0,0.017572270648666594,0.8658438802795446
0.0,-0.17798291312883874,0.8102780464709198
0.0,-0.32449248300779554,1.3006989593832927
0.0,-0.36280914377574003,0.9795766401489863
0.0,-0.661322469748599,0.5642531274654822
0.0,-0.3075582312980101,1.4544505888016215
0.0,-0.10147451150390153,0.8209702372785437
0.0,-0.5959485359925899,-0.39888794380623915
0.0,0.15827626382334603,0.43680069525314213
0.0,-0.6695668813381184,0.5559276445264927
0.0,0.6284379455435642,0.7184787553320037
0.0,0.28019110867981445,0.64194291598539
0.0,-0.46863374640957145,0.8044238034010134
0.0,0.29919299446586084,0.9308227605824337
0.0,-0.37186272914692287,0.39986881553792153
0.0,-0.9600243903269923,1.128333559609201
0.0,-0.43925153205549333,1.9332935327586103
0.0,-0.06309595201611103,1.053167938961446
0.0,-0.7230354425843831,0.3039157486087431
0.0,-0.9875909682210601,0.6671202267497165
0.0,-0.21957804656367197,0.79499670733855
1.0,0.7529835643164898,-0.1792366659976864
1.0,-0.2888274200418041,-0.19678720921644827
1.0,0.6234712723191954,-1.3015986252084508
1.0,1.1001007719302023,0.7488919959260654
1.0,1.025170684089261,0.13589046255166737
1.0,1.5084265532744556,-0.3315557567930594
1.0,1.800000203383084,-0.49801627244171753
1.0,-0.2715265524001693,-1.701239491947664
1.0,0.39374332072685614,0.23054984165278516
1.0,-0.4031259819999107,-0.296825405542872
1.0,0.42275361614527757,-1.4403119047823274
1.0,0.878127051713647,-0.08557094875929643
1.0,-0.22132670224311685,0.5725804796157131
1.0,0.6507967769749896,-0.5140011638294026
1.0,0.8485048927634257,0.5845737759221551
1.0,0.6808435844303783,-0.41847263998679957
1.0,1.399081293365507,-0.3251688704154871
1.0,1.735384051340316,-0.2300580749536276
1.0,0.44634998855836316,-0.2108311188759213
1.0,1.0143077916319991,-0.36995105166875036
1.0,0.458778091561993,0.1366438107215673
1.0,0.2189784086294167,1.085995675989401
1.0,0.8064929440038431,-0.22680469577259743
1.0,1.134003771065814,0.6194819215402906
1.0,-0.24695851841737776,-0.1254220911163787
1.0,1.6649247793224482,-2.1090088480874227
1.0,-0.4479834973883254,1.1996028154823892
1.0,2.850498598393343,-0.663670062868408
1.0,1.5244168881871323,-0.6348876859251374
1.0,2.5956679165652004,-1.1128135048223715
1.0,0.16521351458864278,0.08678528609193197
1.0,1.336106081852305,0.3832606346578993
1.0,0.2223731102011641,-0.14402597187748498
1.0,1.3437499249980565,-0.6614632309222176
1.0,0.6557313597873289,-0.9863901480321597
1.0,2.410488310147188,-1.2708639578256105
1.0,1.1619745439673996,0.9549846697308628
1.0,0.4329659729760536,-0.5144259629328927
1.0,1.364666804816607,-1.2163590309724448
1.0,3.257623441420255,0.05575804340028242
1.0,-0.029998434745368476,-0.06044959144142565
1.0,1.8674676729777904,-0.3226693678648579
1.0,1.5154363855340929,-1.0859343123196938
1.0,0.7178367671760837,1.1290151921478802
1.0,0.6385200052158503,0.0879736514074063
1.0,-0.30612338833154024,-0.4349162213453961
1.0,1.232125056569095,0.7897308232128267
1.0,2.5210611973312655,-1.6690040281983942
1.0,1.1623398524245767,-0.8539490663879858
1.0,2.9529940685726324,-0.14388527068055437
1.0,0.9665705001903013,1.5495939070657054
1.0,2.5298423378505284,0.2530034201073544
1.0,-0.2150377510678863,-1.2656770564277529
1.0,0.912381998801544,0.18428833087270885
1.0,-0.13412676562418005,-0.4271434606720998
1.0,0.05056361035467619,-0.9316064427346102
1.0,-0.3913469816832846,0.7102638298933952
1.0,0.15989082353161999,0.27562266865391577
1.0,0.20560783680885694,-0.03626566300306361
1.0,0.599218655080919,0.3431569766383614
1.0,0.2659524752840226,-0.6066760741804458
1.0,1.1824364994394119,-1.4060099455245842
1.0,0.9063211103757005,0.43195784710622337
1.0,1.1737473105459726,0.2554462556260785
1.0,0.9752074021206454,0.44939172046796877
1.0,-0.5757417764845955,-0.36645575669719826
1.0,0.9467748136853372,-0.25693686041193164
1.0,0.9443225858312249,-0.4364636853434322
1.0,1.7532005185155033,0.23790674335473244
1.0,0.44594558385548877,0.28748648192224296
1.0,0.5020529418452453,-0.19495164559073738
1.0,0.09278594648004516,-0.6111112926978663
1.0,0.5064651676283966,1.3138801515002931
1.0,0.38968170917209904,0.8151017375950702
1.0,1.1816109931747143,-0.18973489032440974
1.0,1.3155951599907232,0.5190284499431189
1.0,1.065147505020927,0.09698618093097704
1.0,1.0764747321795933,0.7339277731257209
1.0,0.46584597529354715,0.19485616695552344
1.0,0.8204110748367957,-2.388206827724926
1.0,0.9047351321285103,-0.3757015894351301
1.0,-0.4161878821308808,-0.627924102463796
1.0,1.390057110572625,-0.25180721625472086
1.0,0.8647395254320026,-0.7787668073535038
1.0,2.423943436806825,0.39382913053710256
1.0,2.2282686418601467,-1.4995728307915237
1.0,1.0520529511953352,-0.9105909793033689
1.0,0.5025202600461998,-0.20756276498223028
1.0,0.8284850930080092,-0.4351612819753826
1.0,0.2948459176176846,-0.12390184225213326
1.0,0.09255067892891693,-0.3264109209573397
1.0,0.019394635763920313,-0.25749269320991647
1.0,1.2633900915519838,1.0081398070865277
1.0,1.8603993753664194,0.3384183898702379
1.0,1.3785236919867023,-1.2500544562187381
1.0,1.5658800531666897,0.9757785654655415
1.0,1.368731905504692,0.6688567633236621
1.0,0.970393780591914,-0.0847764315805051
1.0,0.06228633824206139,-0.5825866976224258
1.0,1.372534422686581,0.5564757688854646
1.0,2.2001611765707776,0.8280674271160643
1.0,1.9218509111203899,-0.04310283613112562
1.0,2.1381893382644033,-0.03808387470579358
1.0,0.7494829289837484,0.5731692263465799
1.0,0.9294874922073739,1.1196585650234232
1.0,0.38935041034649126,1.1351553443843652
1.0,1.3293940085803277,0.6114808663481945
1.0,0.5209685883053171,0.9355614784650377
1.0,1.029838473519219,0.8181419032345115
1.0,1.147686212810041,0.9765606915419788
1.0,1.3603218349217934,0.632965915759832
1.0,0.5184416351167498,1.1210348415815914
1.0,1.1461987079551703,0.2569221101811345
1.0,1.522056792388149,0.5728490686718616
1.0,0.7616972013337565,0.7938775023385686
1.0,0.19888416934819705,0.9043871497450947
1.0,1.9708378295285738,-0.09740130418680853
1.0,0.7546699928429651,0.9404822839349626
1.0,0.8338052847479582,0.8889138090927929
1.0,0.857778186079152,0.5051394653871277
1.0,1.3429753063326348,-0.0027327008761365
1.0,0.7549833935130811,-0.3214899672956421
1.0,1.0196109931819646,0.5570204936776936
1.0,1.1489409412668934,0.3482076131682419
1.0,-0.17713663490586162,1.1404342727059138
1.0,0.9544943284927567,0.6803803388229178
1.0,0.42335709878733097,0.4648722070333944
1.0,1.3141811768368583,1.0202633287572185
1.0,1.245016573626482,0.7437149978671357
1.0,0.5973997356732984,1.2595051924408769
1.0,1.2031764925174278,1.003216990001691
1.0,0.9977335606081054,0.6282516477758332
1.0,1.0821697149754015,0.9889593444464446
1.0,0.8095157448979794,0.7898980258110054
1.0,0.548729831276475,0.6994451907826947
1.0,0.4719607547089884,0.2837788463411881
1.0,1.469551750305311,0.8742238606704499
1.0,1.3325649269603703,0.25307650718136354
1.0,0.6514994641110684,0.4699886019232674
1.0,0.3118883044097683,0.6227264677723887
1.0,0.6574835263888947,0.0750407333207278
1.0,0.5074738868932568,0.30208232151456915
1.0,0.4112645096727081,1.6465922006008205
1.0,0.64826743767791,0.7661958187066018
1.0,0.686272265280187,0.16719703840054526
1.0,0.6902624262511092,0.9310134820495723
1.0,0.3843680834263462,1.2167868633454704
1.0,0.3803868022595276,0.858721461133063
1.0,0.27234039127639953,1.1234009448960016
1.0,0.4098313063292242,0.8667004836168162
1.0,1.1997853278675055,1.0511396401119233
1.0,0.4975056827959218,1.2379614860293409
1.0,1.3202992968660776,1.1635518174912376
1.0,1.006098906079873,0.746703399156649
1.0,0.9098764035383942,0.7198199657516323
1.0,1.0924874434860254,1.0123714960642483
2.0,-2.0728429927761454,-1.6805330826926381
2.0,-0.9660904053199355,-1.4512448629647459
2.0,-1.5458074658896892,-1.469957041373583
2.0,-0.16683764690661682,-1.5987220974560432
2.0,-2.280596496179476,-1.4242072177905927
2.0,-2.0934055411837775,-1.4832818592217614
2.0,-4.090565469728691,1.8980111651949807
2.0,-1.807139804862901,0.8469199407514978
2.0,-0.5390624051778425,-3.2433201844268984
2.0,-2.066285186924859,-0.13879486285660397
2.0,-2.111211472658386,0.1700535375104026
2.0,-1.7594597338676996,0.08828755386753831
2.0,-1.190557637244095,-1.6324208059642829
2.0,-0.9630410994343717,-0.5702011159536524
2.0,-0.8314759699538153,-1.040088418314922
2.0,-1.895994272085052,-2.1392522935474925
2.0,-0.11659848673357626,-1.5888708993141913
2.0,-2.6232687795866427,-0.4068401838980899
2.0,-2.639115734042155,-1.2895493768277928
2.0,-1.0461766669176105,-2.425363276275171
2.0,-2.350725353905802,-0.7743240396997264
2.0,-2.3643844505086142,-0.6999691821488919
2.0,-2.433932489856581,-0.7426727675263941
2.0,-0.9573749182802792,-1.0295813402978737
2.0,-4.129300776636128,-0.2928499069782939
2.0,-0.36689402657889125,-1.5150890439755622
2.0,-3.4718497206691845,-2.157169096763952
2.0,-2.2695365093215574,-1.1118741309684617
2.0,-5.585077727041795,-2.281306279987144
2.0,-3.573889750707271,0.3256425460153845
2.0,-3.896648560699739,0.017979917596963296
2.0,-1.8235718856884175,-1.349750773863722
2.0,-2.8832597004992015,-0.3543566965100225
2.0,-2.3695760699548427,0.9174093572637876
2.0,-2.389114407082029,-3.1553591038332627
2.0,-2.511791587295205,-2.61565747145634
2.0,-2.9514787734927923,0.163565165278272
2.0,-4.531729781114113,2.521092345989683
2.0,0.16233431290227854,-2.2658280424805657
2.0,-1.957039957451636,-1.5145705797313023
2.0,-1.1318824535646879,-1.7361306721998668
2.0,-2.2848740894583366,-0.9941227744394521
2.0,-1.4641441159266304,-0.9716520628686067
2.0,-1.7558803369513,-0.6777732342653694
2.0,-2.64587069975381,-1.8556528687360334
2.0,-2.6247902960200555,0.7599536842720674
2.0,-3.204171420705473,-2.228725123276477
2.0,-1.8904936658755482,-2.1429315981037274
2.0,-2.1480309361573795,-0.02083645727062872
2.0,-3.090016230172702,0.2989761020531244
2.0,-1.4893105283048225,-1.4267078674728264
2.0,-1.4824499108205753,0.16007440154169592
2.0,-0.978243768521945,-0.6816331962376214
2.0,-0.9198298112603722,-0.8998675604608304
2.0,-2.749974232670338,2.1296389603828847
2.0,-0.761176817537496,-0.19978167512069683
2.0,-1.5565230143050421,-0.15637610944714928
2.0,-0.6617153633388996,-0.25149391268046767
2.0,-1.9858325950124671,0.27362090468674366
2.0,-1.3714609090983596,-0.9760894568848819
2.0,-1.9531578824859883,1.2601014281489862
2.0,-1.15349355950071,-0.14314870978725622
2.0,-2.2931762929029667,0.18451476876147985
2.0,-0.0405634751245401,-1.24168901691241
2.0,-1.9918108769418652,0.6099231902024379
2.0,-0.31689114229891213,-0.26525796222805637
2.0,-0.5504595324644571,-0.3971243597162097
2.0,-1.6038042714136238,-0.8123418450045591
2.0,-1.5709768035792984,-0.07538916958503122
2.0,-0.6472749563365422,-0.9462740411228843
2.0,-0.5640371641614775,-0.8461303843954455
2.0,-1.0248785645476077,-1.0114443276642386
2.0,-1.1687255372986023,-1.2166943330109408
2.0,-2.0654371095563673,-0.9610410536591848
2.0,-1.8050469502813764,0.5748117327648727
2.0,-1.165096011311002,-1.4433804262694527
2.0,-1.4121632496930807,-0.2183395713156783
2.0,-1.4075856230259627,-0.8503090913557511
2.0,-1.537060380951522,-1.2126701721788025
2.0,-0.6519602925312291,0.20733959890379586
2.0,-1.3197590620287116,-2.0985726098985724
2.0,-0.5938417515182026,-1.0156729582594142
2.0,-2.7144858491909063,-0.6824840575487787
2.0,-1.6236574937828185,0.4933881600266857
2.0,-0.6612787664372655,-0.6728420080472005
2.0,-0.6808164122654006,-0.06650435668552578
2.0,-0.46804470765910455,0.44470510134281244
2.0,-0.9918316948658131,0.11974343611175985
2.0,-0.35473017833982445,-1.5530654209235184
2.0,-0.50728463927646,0.2240079481387815
2.0,-0.745293278108711,-0.831053945033576
2.0,0.0030329237105597012,0.5295190019464809
2.0,-0.8566264588981282,-0.4032706446263482
2.0,-0.4026588531822469,-2.444978294415663
2.0,-0.05756294534120805,-1.8136905365026095
2.0,-0.2382957928995971,-1.6128589399498212
2.0,-1.519386284181139,-1.7432067641095297
2.0,-0.5760984853005926,-1.480799798992358
2.0,-0.7566958122916589,-1.4598297152460784
2.0,-0.4044958942571724,-0.6360655199910106
2.0,-1.107784694126952,-0.7623517499976074
2.0,-1.4449131410396139,-0.6010131920732039
2.0,-1.1044016423917218,-0.6172172340710963
2.0,-0.8980799179224476,0.12286577118081228
2.0,-0.4388657451443502,0.32774139402796526
2.0,-0.20403144793648417,0.5143323043928998
2.0,-1.004497814083235,1.1725468719066834
2.0,0.11053920649084382,0.8227351687521515
2.0,-0.39912707158526467,0.8222464269688401
2.0,0.08805413020463247,-0.12442144104290409
2.0,-0.6241606640547325,1.591918666618043
2.0,0.6197300043891664,0.449437679865006
2.0,-0.6147848116799447,1.2357193570956655
2.0,-0.6194079114907458,1.3557701254647383
2.0,-0.23878247550173723,0.10151059267260025
2.0,-0.03139088968893612,0.621676923651109
2.0,-0.11448227868138278,1.252131156173178
2.0,-0.172928730471351,0.5873526771010057
2.0,-0.38262031808767905,0.5495048648672879
2.0,-0.6157780694285105,-0.8130813670329883
2.0,-0.8496334108039219,0.722818285581636
2.0,-0.5682247777538981,0.27110862545834236
2.0,-0.5717176407695547,0.20899187188676138
2.0,-0.44843010514591275,0.6528843511509718
2.0,-0.23331890273511455,0.9987066572149653
2.0,-0.825796151465193,0.4768789032333448
2.0,-0.6498131180375113,0.6328714829417
2.0,-0.7462472323963902,0.06080124401389399
2.0,0.3382035976779272,0.5559586515292717
2.0,1.1156169568905334,0.08819639645194992
2.0,0.22924833279190543,1.064766000551941
2.0,0.4890656977664274,0.0016256048081051983
2.0,0.5373598729529246,0.8987106339404812
2.0,0.327542239867015,0.3312812800510465
2.0,0.46683566629798257,0.562105771555048
2.0,-0.47207546743267315,0.7180838585824514
2.0,1.2927474650250725,0.2639684648489324
2.0,0.16705621570635315,0.0773155663000763
2.0,0.4187414208852828,1.087958272283244
2.0,0.12182213071573197,1.266405368759746
2.0,0.5504521719734434,0.25240733535515886
2.0,-0.2194074888448522,0.680568238099911
2.0,0.3502579156783079,0.6218095539411944
2.0,-0.20319535739736214,0.8802747809758178
2.0,0.4316234601410159,0.7660105757441372
2.0,0.17353679093121005,0.8506401317749746
2.0,0.41156939706974033,-0.27871998269084175
2.0,-0.13647079506174722,0.7551205554499562
2.0,-0.5894086888713731,1.153222878406149
2.0,0.15881047212084815,0.6691981240430765
2.0,-0.6762775976609037,1.3695043895090788
2.0,-0.03169393524996297,0.8642565190170914
2.0,-0.021870909640887955,-0.5288188565369509
2.0,0.32504879848327994,0.42574192095182933
2.0,-0.5419961345117263,0.5111813504269005
2.0,1.6917037267346509,-0.31133383182107605
3.0,-1.1075561126643536,-1.0446052635305427
3.0,-0.3061251521706552,-2.8077096150462633
3.0,-0.9356409652595775,0.7871483821359558
3.0,-1.2297227275003382,-1.6440654924050357
3.0,-0.17495067796629693,-0.509368517626106
3.0,-3.489019369958889,-0.07136614822610057
3.0,-4.266341039787415,-2.837801522745448
3.0,-1.198119670666541,-1.747744001892398
3.0,0.05780427809844519,0.28890568999486615
3.0,-0.02192340779427334,-0.8503818804874549
3.0,-0.36223375408811304,-1.7091509396074658
3.0,-0.6624094631900235,-1.0462028537822536
3.0,-1.4594618429859896,-1.8180765113764674
3.0,-1.347439564210293,-2.5316986874901057
3.0,-0.2782512049328524,-2.0802680536910017
3.0,-3.590259547057714,2.071236180553611
3.0,-1.0721287340172028,-1.0318876715473926
3.0,-1.1199561691046986,-1.9458888975278936
3.0,-2.1886988150393845,-1.6062640148913165
3.0,-2.62201675105762,-0.9179665591788595
3.0,-1.4823369465609844,-3.271550849634022
3.0,-2.7914045028820937,-2.6109585455278737
3.0,-0.057612656864368984,-0.6474014958479668
3.0,-4.567453739454852,2.191987652825136
3.0,-2.321950158154321,0.1567757439698584
3.0,-3.5595450640544097,0.42596053181831944
3.0,-0.5309224239583661,-1.866923312115979
3.0,-2.571095716745302,-0.9387421873857384
3.0,-1.989145964559348,-1.5358229327808988
3.0,-1.9025924202809665,-1.3908662561952874
3.0,-1.673582432334729,-2.3525566765809476
3.0,-1.0610885318760264,-2.3814789950666637
3.0,-2.9479164192639433,-1.173342828635047
3.0,0.3498955172932789,-1.7036004124983994
3.0,-1.5240431614072671,-1.206684006969715
3.0,-2.3851768209832023,0.15191309562207142
3.0,-1.1820755698719332,-1.0356027647793653
3.0,-2.562786164041379,-1.8642169569957616
3.0,-1.5204198139166252,-2.128429101957271
3.0,-2.1452836605602528,-1.6877035413394574
3.0,-1.4445246614148506,-3.5030790327961854
3.0,-2.3806880641080217,-1.7108240749092043
3.0,-2.7824716116335755,-1.4195389548133557
3.0,-0.6785251771718823,-0.05355275190732297
3.0,-1.0099830801265095,-1.250912560346552
3.0,-0.8214651848163271,-0.9107512064639292
3.0,-1.9646674641445265,-4.1356474005739035
3.0,-2.7335739043528764,-1.0569021070704792
3.0,-0.5091846829838382,-0.6803871077924707
3.0,-2.5677024722086754,-0.2259696550191009
3.0,-1.4608792294877568,-1.5123992328297653
3.0,-2.9027185558184847,-1.1164086949997682
3.0,-1.2048781219625166,-0.2819309080059031
3.0,-1.33434585036478,-1.0039678537081798
3.0,-2.179970744833998,1.0133908749189187
3.0,-0.48778659142399644,-1.4333556268733743
3.0,-0.11455587930134732,-1.7511657680714467
3.0,-2.2282589777583968,-0.7826137338391237
3.0,-2.3549722541147813,-1.4032327051863258
3.0,0.2909756878841885,-0.7237239470225966
3.0,-0.48172790460764064,-0.7290871696742464
3.0,-0.8125609633664855,1.4047823865943818
3.0,-1.6505199933500463,-0.03213750282698088
3.0,-1.0452715748136194,-0.48097585894824096
3.0,-1.5670859218215958,0.9379485733621196
3.0,0.4715733820709065,0.42570195077305806
3.0,-1.5651092651350937,-1.4487146375972009
3.0,-0.8816534556298682,-0.5316812635638495
3.0,-1.189054810838181,-0.044044702706103916
3.0,-1.2168166210358042,-0.02818354569356403
3.0,-0.6351156197019047,0.21004537293914574
3.0,-2.30132204667793,-0.80178271743039
3.0,-1.09653453390513,-0.16345557243270162
3.0,-2.2833513601172424,0.445371110652272
3.0,-1.6597902459590912,-0.9453860994480385
3.0,-1.9111590184859266,-0.03574439567541891
3.0,-1.386937248025027,-0.020960832297765044
3.0,-0.58023893521826,0.8861552635338159
3.0,-0.5185011957048418,-0.7642818774187417
3.0,0.639076707232007,1.1811940727051424
3.0,-0.9659611021796298,-1.4408775063874157
3.0,-0.5459662982039339,1.1335973762366138
3.0,-0.9313677224065011,0.3581215341925984
3.0,0.20734533354723417,-1.4905109137736618
3.0,-0.23929997599778616,0.4112230852664953
3.0,-0.8221974280845655,-1.7315130506953684
3.0,-0.991225334469398,0.4353257071978619
3.0,-2.041339166633503,-1.687128652332213
3.0,1.003479166423838,0.02289841866892655
3.0,-0.3625273003956024,-0.7496513350257769
3.0,0.21665821906002317,0.6512009787544385
3.0,1.4196647386024899,-0.7117155725183638
3.0,-1.6930065227350088,-1.0195865561350046
3.0,0.46411879257489613,0.6524128065735989
3.0,0.4586077541874734,0.009446211461871312
3.0,-0.04459961232411913,0.09303974116763994
3.0,0.415074020377158,0.27112632579338836
3.0,-0.35747239844369194,-0.28647800896285247
3.0,-1.1477827210208869,-1.1087218554210632
3.0,-0.9412066695396181,-1.6647139964829114
3.0,-0.8125227302267721,-2.5582478390080996
3.0,-0.17423646309208737,-1.5608251858843367
3.0,0.4273281896622442,0.24131505996373084
3.0,0.26024933181728266,0.2607415363684798
3.0,0.15445031195505382,-0.10569980305156794
3.0,-0.5348036367118884,1.1361058290642125
3.0,-0.2960680944021921,0.504251090011088
3.0,-0.3821353836883503,-0.25885038150685874
3.0,-0.771048570867967,0.8876827109397226
3.0,-0.18946872314252902,0.7580237934879034
3.0,0.11852909499897044,0.8079949518818192
3.0,0.6029482887549151,0.16841378151766695
3.0,-0.4008692007543417,0.6887201494504216
3.0,-1.0886426538409641,-1.1188374757149326
3.0,0.6738428294958745,0.3565654833831415
3.0,1.897808995143993,0.407695022789497
3.0,-0.07376592556658751,-0.2953769782336884
3.0,0.11738434090395372,0.17464428592071138
3.0,-0.30632851608395145,0.5589487576518436
3.0,0.41391578671260637,-0.254477775707975
3.0,1.222859043107934,0.28956185052866923
3.0,-0.11998568648127401,0.02759331667359517
3.0,-1.3760467560467116,-1.2528211704925036
3.0,-0.3236388388737422,0.2345229882423255
3.0,-0.05009371732223592,1.0654045239460888
3.0,0.028305715962751825,0.38826702862306584
3.0,0.3630290909155141,-0.2869906584066551
3.0,-0.4091399682262609,0.5194327418606409
3.0,-0.4885955633965279,1.0688018859987727
3.0,0.2706845194572768,0.05739469881441145
3.0,-0.44064624438135647,0.6484267611553008
3.0,0.7746890348102043,0.9376185723558892
3.0,-0.17874820645055228,0.1457213356904593
3.0,-0.039141437832013695,0.9278023002687042
3.0,0.24464028275816,0.40162510610746727
3.0,0.11818528159116214,1.450674552007395
3.0,0.6583842387328698,0.9473501690548657
3.0,-0.14123603821871542,0.6060424596846852
3.0,-0.2445777570741136,0.6801450779638849
3.0,0.23157073561899175,0.14576281034876146
3.0,-0.22855657714240746,0.03611314293505709
3.0,0.2966873413909931,-1.5424198035645864
3.0,0.2369659754158499,-0.30329522290664235
3.0,0.22682699257735936,1.2435169557709083
3.0,0.5456088449167129,0.711034901138766
3.0,0.12078470122753097,0.5524146308473975
3.0,-0.48562292717257277,0.22370121976807808
3.0,0.3427014127147755,0.5825862985063068
3.0,0.5011451183672854,1.314279956178935
3.0,-0.1695972501701978,-0.4385946209305218
3.0,-0.07336987353749667,0.15295094546642765
3.0,0.43021869942065144,1.3701329616303595
3.0,0.5973913768513688,1.1609268793173948
3.0,0.4468143230710282,0.23759303719736904
3.0,-0.3170743251646048,1.118051595952847
3.0,-0.6043638307828673,-0.19514169538629894
4.0,1.3500983431517175,-0.5960974772571377
4.0,1.0083105376585328,-2.4899299206525143
4.0,0.5180678579302855,-1.6438256862728973
4.0,1.2476759038254266,-0.05861033201993484
4.0,2.18953006028494,-1.9506901742079046
4.0,-0.7391194727444446,0.2837656205439316
4.0,2.517996634245769,-1.69522796613651
4.0,2.0195178218244814,-0.4647572382425013
4.0,0.5352042195437021,0.5933728939293778
4.0,-0.835040369728858,-1.0851485988529774
4.0,-0.06249552338142561,-2.3275235449154525
4.0,1.6724435842334524,-2.6739690558470555
4.0,3.004457603449728,-1.1671974633816145
4.0,0.899385754391013,-2.3338558459513288
4.0,-1.5168477155735731,-1.568782449095079
4.0,1.6567789638024888,-0.9410719707467885
4.0,0.17367629661949002,-0.12498191195678426
4.0,0.6635393443517948,-0.6910975845658388
4.0,1.9712004957568527,-0.765951021216359
4.0,0.2393370073377813,-0.39465214871792603
4.0,-0.0981306787362964,-0.44667590197946905
4.0,1.1620875942377367,-1.7520323490896608
4.0,2.180812659049631,-1.3243702176548466
4.0,0.8779153588903384,-0.1392453651415672
4.0,2.2288174184382408,-1.0221287889763477
4.0,2.0094790469896124,0.17615052093547168
4.0,-0.4919370162642116,-0.6317623824081963
4.0,1.5901271495901088,-0.8520189864936969
4.0,2.388291756221586,-0.4762572140792514
4.0,-0.13928417940064344,-0.5504672433667303
4.0,0.1483605032551516,-0.0678500691327166
4.0,1.765568514035895,-0.10771169886546325
4.0,3.2086986979474155,-0.1804290652029045
4.0,0.18808471032518367,-0.4573871637826157
4.0,-0.6414512419959193,-0.17947786490968204
4.0,1.4796486770031585,-2.603135201264246
4.0,0.5954827281134338,-0.38239851721908147
4.0,-0.043824704255242694,-1.361485006344138
4.0,0.19412757003487224,0.20056673004081207
4.0,-0.5775093667249599,-1.1766725426167772
4.0,1.5505717810510178,-1.021506158944915
4.0,1.8852469688577458,-0.07560801575718734
4.0,1.0614633076725408,-0.44717820089551485
4.0,0.1185978011643972,-0.5532461987329269
4.0,2.0971456302103686,0.0419275800836641
4.0,-0.35705730252543094,-0.5818855703724316
4.0,0.2964830765950396,0.8732174899349081
4.0,0.4987426961875535,0.22275248088610375
4.0,-0.5272271850804585,-0.41302619756141196
4.0,-0.8221287939667493,-1.4490135978532304
4.0,0.2716252857885894,-1.3581896792208745
4.0,1.3361377092132114,-0.5009722920777886
4.0,1.8031610824260134,0.5065937137477764
4.0,1.5501513778854719,0.2820462844496101
4.0,1.356716991402976,0.5801938212034796
4.0,1.4843436624267685,0.03367159965886454
4.0,-0.21794218714093488,1.7832818021067474
4.0,0.8148507654493782,-1.0784911844148675
4.0,0.4138013836067677,-0.46548700704302576
4.0,-0.11119339950336324,0.10179123573488863
4.0,0.2087778723058491,0.7572361819288409
4.0,0.97428181286391,-0.4644225812988111
4.0,0.40922184760858527,0.05683440320102788
4.0,-1.6751353951648917,1.9082843698778273
4.0,-0.14748295459908783,1.7984848621140956
4.0,0.7206885213098942,-0.8927753439122578
4.0,0.5255096137059627,-0.7744540306105981
4.0,-0.9180039793737302,1.6739377085304137
4.0,0.08309611864745454,-1.8186512663618513
4.0,0.08764856375079247,1.1475431291733407
4.0,0.5479281086676058,-0.7569076889470636
4.0,1.5609367385958437,0.48204082783778446
4.0,2.520143368367152,0.40512931497998095
4.0,0.15598017084981164,1.936717891541486
4.0,2.073285552055615,-1.0314611643959821
4.0,1.4433816646409572,-0.03145930878623802
4.0,1.251555694121807,0.6629955340742683
4.0,1.890721495839183,0.07384136087383404
4.0,0.9531305470239911,0.6730969155744747
4.0,1.7539995456831894,0.06652578123832072
4.0,1.2892421911477245,0.13246903776675062
4.0,-0.06227139422798787,-2.2949779455797383
4.0,0.4829518164644689,-0.3768415590945069
4.0,0.9559604963323894,-0.31636498431566107
4.0,-0.5812435167897089,-0.41575787399146236
4.0,-0.08936339954034737,-1.8359953029100413
4.0,1.0635057868089108,-0.12321401769419325
4.0,0.443451269897913,0.48622652071853334
4.0,0.89382081325795,0.39993970618113794
4.0,1.1226952062525593,-0.050116552673396736
4.0,0.6772081873383294,0.2895669937360617
4.0,0.0769887669401081,-0.4638336579134356
4.0,-0.07656371085057212,-0.28456174100081444
4.0,1.0535198403390957,-1.1655948038902129
4.0,0.42687443374450407,-0.9876770520539138
4.0,0.0767290182670098,-1.1005066806992798
4.0,0.8178937666968705,0.21680258773362604
4.0,0.21678334682545009,-0.35460248637556613
4.0,1.3609861466726856,-0.608091507174593
4.0,1.4612932979577475,-0.9062434134393571
4.0,1.1954948531495593,0.28636515662932754
4.0,0.20160060686475006,-0.2188078012844461
4.0,1.0221031139470784,0.06022951019985683
4.0,1.9869795254216833,0.2635347742689098
4.0,1.3931709068387712,0.2161213811848806
4.0,1.3619178666119036,0.4583135605797266
4.0,0.7221289977702103,0.9474619892023958
4.0,0.9803912702845712,0.7457978160619341
4.0,1.3130455257288196,0.4058878107865396
4.0,1.3037879377781068,0.3460143575674677
4.0,1.2516690922255174,0.37244480109367795
4.0,1.2843289633222317,0.6564330213146015
4.0,1.011280548828441,0.23094540229194668
4.0,0.7651760849571819,1.0335116546631644
4.0,0.10926034344262037,0.5555076519174933
4.0,1.1002543996932888,0.987043733276971
4.0,0.7460456958967369,0.8088779339441272
4.0,0.7239953377222714,1.029730187779745
4.0,1.1987508247261234,0.4553523789667722
4.0,0.9072564394798143,0.7304464853110754
4.0,1.4178012961025928,0.7023934957697675
4.0,0.8990932524412223,1.0425571881022102
4.0,1.5469542034961181,0.34279478094557514
4.0,0.6233228006510199,1.2979318662089363
4.0,1.3823016656612948,0.8592734346950408
4.0,0.35575411509811755,1.27959663501808
4.0,1.13086163781681,0.49193279718473587
4.0,0.767081789626245,0.9606881704425114
4.0,1.0525252238039176,0.8666309585709028
4.0,1.7300462024276586,0.01050367629280394
4.0,1.3139799869292046,0.9248533054899295
4.0,1.228276819483912,0.8668304456604312
4.0,0.7570314973358669,-0.140276184687362
4.0,1.3327293714704016,0.20688253560353054
4.0,0.9272839576951452,0.044924890099185155
4.0,0.5770488352997142,0.7101088420055586
4.0,0.07855219885892527,0.8733197577783741
4.0,0.5135255271807915,0.8880200183051996
4.0,0.7139760059495507,1.3923028177878003
4.0,0.2011851074640278,0.6565463885328613
4.0,0.5680505678504025,1.5284932551092203
4.0,0.8658984136093295,1.2231271256990752
4.0,0.3722740202207056,0.4051865906886734
4.0,1.208460967624211,0.12706391451197982
4.0,-0.2246874847836643,1.876274139446403
4.0,0.8552322633368451,0.41169266795533815
4.0,0.9076957554679091,0.393671582875155
4.0,0.17939517601566285,1.1640869688161488
4.0,0.6392161076783583,0.15574796393509974
4.0,1.0815467637136982,1.4433009220460846
4.0,0.38717244799579337,1.3543237928547323
4.0,0.7604669886288975,0.7400818052068882
4.0,1.0430245544447725,0.5424389602285857
4.0,0.4440738170783509,0.12315546877062832
4.0,0.9325278515880056,-0.28531044839941716
4.0,0.9005266957143501,1.26127596505324
5.0,0.320699279147903,0.9683545718396771
5.0,2.4595962281644472,-1.9043109497067612
5.0,0.743361163921946,-1.7091221495304254
5.0,0.9195139236540282,-0.148858452406051
5.0,1.3991069866292711,-0.3859826589353481
5.0,1.2560848506157993,0.3251192326604101
5.0,1.6354587991253005,-0.48727366891600177
5.0,2.554776197724511,-1.141486912886336
5.0,1.8317413757831862,0.030806909920130146
5.0,0.08807750392341802,0.5250864617110077
5.0,2.0626230646686134,-0.2964433836987493
5.0,0.5811854146663343,-1.3836537497571249
5.0,0.8649010825666527,-0.809465933363145
5.0,1.1757981800027544,-0.8024773818205093
5.0,0.5058340983005983,-1.471333217400683
5.0,4.355219339997024,-0.7427337076073186
5.0,0.8743253400575018,-0.6176648985806436
5.0,1.9495498904952286,-1.199469007679296
5.0,1.8765292341744353,-0.1195846606839235
5.0,-0.5652335053545099,0.8773348463954077
5.0,1.7480191849187487,0.8837635728525725
5.0,-0.5635475524926589,-0.6102134570047832
5.0,-0.9730024745584317,0.7933379738434373
5.0,-0.1625060070235862,0.152067276027917
5.0,0.1925953269831763,-0.1895523484310965
5.0,1.8760340207853259,-0.8054159878563321
5.0,1.5391155189553887,-0.9949945418491516
5.0,0.00912237458977541,-0.48946492847483997
5.0,-0.3660693075005637,0.49079210079873625
5.0,2.0535158486646368,-1.4970680908023555
5.0,0.949548544292292,-0.7564042324384674
5.0,1.2253857265340689,-0.9322477722415524
5.0,0.7747659883796668,-0.4790426792047276
5.0,0.8146771574019286,-1.7502841099345037
5.0,-0.1867663545056525,-0.23343679907880058
5.0,0.7022585159307021,-0.5482537541221219
5.0,1.0555311404630123,-0.5459289567097023
5.0,0.18732797095759882,-2.3080969743819586
5.0,1.1218310670889782,-1.369539025917866
5.0,1.8679299408481758,-0.3581197801870731
5.0,1.061702400721929,-1.529166413105647
5.0,0.026317754425387127,-1.4123619407131722
5.0,0.08131402134228811,-2.733666600229373
5.0,1.7114925269501269,-1.1782276668113318
5.0,1.201146666383204,-2.9426716022439154
5.0,-1.0276138123738983,0.25963688399928125
5.0,-0.8023215465106189,0.3299139180846542
5.0,0.060194541094333774,-1.383080801470015
5.0,1.7300452384848923,-1.3789152651092977
5.0,0.3738451297967017,0.5753146997248257
5.0,2.3348676631143794,-0.625501678265469
5.0,0.24435672306575096,0.5816007310975219
5.0,-0.24995349457258537,-0.09092476281933883
5.0,0.2841215162608255,-0.6968303794798657
5.0,0.6724299937285863,-0.5713627223121219
5.0,1.51203213284331,0.9949156741229839
5.0,0.9781828922344464,0.6481749445880159
5.0,-0.8015907811262384,0.39146596213342466
5.0,1.2210703396509586,0.22824618909283229
5.0,1.0268877426482945,-0.7602226581274314
5.0,0.9575487384139468,0.9856171518721055
5.0,0.8683377116909881,1.0260264168040634
5.0,0.4005333905371278,1.5983976676430869
5.0,1.4339334348585713,0.16559013127513963
5.0,0.10741550381948402,1.50246363588996
5.0,1.1283796790697709,0.14234230611485782
5.0,0.14797484744805992,1.0815553651160137
5.0,-0.6010529302968124,-0.3934428811135513
5.0,1.773538726108283,0.6245978740460298
5.0,0.33212637414476365,0.8283410481560364
5.0,0.2148726662517044,0.7850267030878273
5.0,0.23233880657941738,0.8375463178139214
5.0,-1.1584439816083727,0.9400955279776101
5.0,1.621612198852535,0.1390802811181674
5.0,2.554792695017562,-0.5250553847940934
5.0,0.9380049563296208,0.8778238794780838
5.0,1.4933057626459507,0.5654803665284731
5.0,0.17765400133349105,1.5027974794426728
5.0,0.8275741498490841,-0.0910785246225554
5.0,-0.698426783627196,-0.9589871913160787
5.0,1.5348114734113114,-1.0366845900146306
5.0,-0.030747653545891238,-0.9053146898247375
5.0,1.0974769859298978,-0.8734086075373542
5.0,0.578752245131075,-1.9548151575198274
5.0,1.0065359682247734,-0.3968521039902928
5.0,0.23253948095034788,-0.46030978889411306
5.0,0.6428705937714898,-0.4961004478688916
5.0,-1.6128411701750995,-0.5635597353887398
5.0,-0.14878031522937943,-1.0193980118787433
5.0,1.7115581091919947,-0.5774825046595179
5.0,0.28264706414374113,-0.6065349622688501
5.0,1.183423921807859,0.91146390891999
5.0,1.6111870701355002,-0.0336620789941303
5.0,1.197174093548497,0.8216634294885695
5.0,0.22814623062975317,0.009213509712212655
5.0,0.9923075819552464,-0.01723575322881515
5.0,-0.4484307852750604,0.13665220763672886
5.0,-0.027226879366669756,0.1472274355044548
5.0,0.09286742849723839,-0.17523347360630906
5.0,0.9477232835840658,0.8582712147917362
5.0,1.1400535635092643,-0.21446876305887183
5.0,0.7515563778387178,1.765152319837991
5.0,1.1703370988481596,0.6728791195385803
5.0,0.8192536980961627,-0.23695635343465457
5.0,0.9265896497165776,0.43201316952192254
5.0,0.41478589640944125,0.4505147551157968
5.0,1.0322706143220044,0.025817641146784302
5.0,0.44521593478799537,-0.1899829620158729
5.0,1.1865658951061628,0.5781904456979473
5.0,1.4213697228348403,-0.5166406798034653
5.0,0.6764806300237489,0.23536117058261696
5.0,0.7987195810570131,0.8641475432804407
5.0,1.0363904617275461,0.6039589370203371
5.0,-0.047688941846086456,0.7787130195753762
5.0,-1.35972360366058,1.625313077172845
5.0,-0.505245530119652,1.6387521137658783
5.0,0.1761637623810594,1.4501970670586872
5.0,0.8753951225217382,0.3521292614786838
5.0,0.10130648353269728,1.0727382709294488
5.0,0.4175809329654584,0.858965586848387
5.0,-2.73200238134821,-1.8289369666156174
5.0,1.3880217112013482,0.31689439226606264
5.0,0.38944043994240274,1.5751753322806716
5.0,0.18605649699957,1.5675607374193459
5.0,0.7189418163921466,0.18809785700550744
5.0,0.3529205586828674,1.220952242208051
5.0,1.409511588207788,0.7515280319456604
5.0,0.7416571058201012,0.7884621428031496
5.0,1.1373637697074142,1.125438386832321
5.0,0.8846614437254555,1.3374608860607804
5.0,0.4524316892462642,0.9957476835968179
5.0,0.7394386279504105,1.0164076504130466
5.0,0.45964972970136514,0.565940898522908
5.0,0.3467607863264834,1.3879749220136919
5.0,0.7676760931184997,0.8180159006086412
5.0,1.0857763747532143,0.5908216555084161
5.0,1.389370221421247,0.5668665944219586
5.0,0.6306001815265029,1.6477947415046246
5.0,0.4934147507605274,1.7746769723409026
5.0,0.8499969338879578,0.9053895263728846
5.0,0.4558445570730424,0.8106830437225832
5.0,-0.09883315288358993,0.5967298976068244
5.0,0.41988776225075874,1.0951927680594982
5.0,0.5425330891193303,1.809724665117844
5.0,1.5122711642503113,1.0214005679604492
5.0,0.8633161841344236,0.6512397522453944
5.0,0.6796183711153401,0.7730727308064035
5.0,0.04734608453378317,0.7807636934255565
5.0,0.26164158846179186,0.11872628600899232
5.0,0.8298190356476907,1.054582697681484
5.0,0.9589014104133456,0.8233198778165925
5.0,0.9215864328089488,0.9264175878655995
5.0,1.110079687795337,0.5118363645565897
5.0,1.136929396440044,-0.08606494515299143
5.0,1.28068605204841,0.8075838573206924
5.0,1.0003580811162365,0.46643544411594456
6.0,-0.5839456828195088,0.4752853226839541
6.0,-2.8625945319348185,2.8614277440831577
6.0,-0.7354484908449374,0.28431351695004037
6.0,-0.6714260281561103,-0.3036747089441612
6.0,-0.3925092104033257,1.3241435700150974
6.0,-0.23552141858523212,0.8529907833140419
6.0,-1.468789423838334,1.997872280776833
6.0,-1.522482760306743,1.8306043974813913
6.0,-1.008345044454059,0.8431614401697951
6.0,-1.0927436815420413,0.7996601123143291
6.0,-1.4064750009020055,0.15747323151789322
6.0,-1.2162776484074695,1.2214816619256044
6.0,-1.5512085627235472,1.9333577618669011
6.0,-0.8666316651519033,-0.07881954770779219
6.0,-0.6203194330120918,1.7581971481860643
6.0,-0.07393943066988684,0.4473539433395657
6.0,-0.9292117759826053,1.0341534263753265
6.0,-0.7579643973852611,0.7635632436561428
6.0,-0.8071576228825509,0.28277681925106035
6.0,-1.2504284703385495,0.6044309319575801
6.0,-1.2330920125322455,0.7170157032502263
6.0,-0.6731559416793644,0.08735574592144771
6.0,-1.0450161665897757,0.10557891895136981
6.0,-1.9359114781511788,1.4170660233633021
6.0,-0.8577876912611352,1.3008332859676068
6.0,0.023146257961705462,2.09592338404138
6.0,-1.2950324709254502,1.4538472018048119
6.0,-1.3410757624119836,2.0605808370070458
6.0,-0.7697750762256229,0.9021651388057483
6.0,-0.6882056747951585,0.7529793263989424
6.0,-0.49310691761329367,0.5097223200128298
6.0,-0.7631900862951821,1.1044782084393236
6.0,-0.43627993473288024,0.1777961807257167
6.0,-0.9772906822843239,1.5243229097279292
6.0,-1.114823168510939,0.7347747502338731
6.0,-0.7003541186679707,0.7380182522169672
6.0,-0.6628735501435299,-0.08608120453630351
6.0,-0.21139606045977632,1.0251079117493607
6.0,-1.7167729717670706,2.012982580036714
6.0,0.9163895843725456,2.071149512056529
6.0,-1.7123995472599371,0.45220650067014484
6.0,-0.5382085944267235,1.0205940902861323
6.0,-0.765010167278443,1.2163502534160795
6.0,-0.15859659458734504,0.9994121512677873
6.0,-0.06728044439741689,0.6012216939570214
6.0,-1.7586498930495282,2.5269523366996745
6.0,-1.1659495374810553,0.7885971779089027
6.0,-0.5333385971627609,1.4087054032491537
6.0,-1.54660798762307,0.634263977388173
6.0,-1.6711811075869634,0.4390144523447084
6.0,-0.9571635320240773,0.3276738063547382
6.0,-2.781124447490334,3.7448606834912495
6.0,-0.9257336434403353,0.8548698178134113
6.0,0.32726315237755,0.4345659272590543
6.0,-0.20873770329543861,0.9248866145549447
6.0,-1.013476075786608,1.3480010687366777
6.0,0.5831016212293231,1.586613473811362
6.0,-1.5033368584265978,0.46766898285776726
6.0,-0.13618853488706528,-0.04096316930072798
6.0,-0.6136930499020569,0.10501017714636787
6.0,-0.842319855983574,0.6168150276594548
6.0,-0.712455047963664,0.9234295510737314
6.0,-1.1772990512895458,0.2928476244882817
6.0,-0.41913402327642596,0.6409540019590247
6.0,-1.1365280118248644,0.2561241027246501
6.0,-0.7401028215195478,1.4854514747675054
6.0,-0.4582048625325024,0.4493997057713492
6.0,-0.4103580038252211,0.39164103058961625
6.0,0.2765431898253311,0.3632977025795959
6.0,0.8304431186171931,0.46621440340753695
6.0,-1.4797678216453332,0.32577735432736105
6.0,-0.25489828892073485,-1.6128609817723745
6.0,-0.3119758926400879,0.7558451185585978
6.0,-0.8489770523944762,0.9283471324824255
6.0,-1.0870285514716187,0.6034601781373591
6.0,-0.4816091318776871,1.4671492942876438
6.0,-0.41416002246082206,0.507565664962827
6.0,-0.5734531400197752,0.35137590284305115
6.0,-1.3217816217779785,0.9356213377807124
6.0,-1.1523673485263357,2.2643986562934653
6.0,0.48266035460324835,0.8393063329436605
6.0,-0.7789671202968286,-0.6085396569680984
6.0,-0.6247763543794357,-0.42031919857105093
6.0,0.977833082337796,0.4948659213990366
6.0,0.21073306315654794,-0.5512761160465033
6.0,-0.15939716547463126,-0.33989217582099207
6.0,-0.8547732882441025,-0.08648268948559917
6.0,0.06237867016801298,0.4898657590745367
6.0,-1.1579747280259207,-1.3549344787685085
6.0,-0.5669765516415616,1.0941340697821185
6.0,0.3227559638351005,0.6493129928999195
6.0,-1.1621945733231485,0.5159227691956496
6.0,-0.2785543822350169,1.6299382559006879
6.0,0.3253974877261676,0.8298023689560032
6.0,-1.614300869021397,2.21443339280923
6.0,-1.3728339342831706,0.7665108875894557
6.0,-1.2230828728098584,0.46059757419235065
6.0,-1.407953334417775,0.2388316466550547
6.0,-0.5960107534527828,-0.07971400264469346
6.0,-1.568870707215605,0.803396841348382
6.0,0.34915181280199653,-0.7802717533246054
6.0,-1.5501218564347183,1.6431654134204754
6.0,-0.875707081972031,-0.24605832038156394
6.0,-0.16179806317481477,1.3764682978160465
6.0,-0.06429109641209381,0.7405076881241002
6.0,0.12252785447898058,0.532380258944974
6.0,-0.5941280375036055,0.9841987342349988
6.0,0.30591944883409905,0.6914828470460475
6.0,-0.6323286980466339,0.9572825734905498
6.0,-0.235182302773341,-0.05186708325270909
6.0,-0.7207266120991487,1.4362875256954906
6.0,-0.584585882564234,0.20497845253866612
6.0,-0.044385820081473674,0.7293246958953454
6.0,0.2312392735358987,0.5361004825939008
6.0,-0.6499168929731916,0.5825423881172407
6.0,0.18602334258796066,1.565668275199936
6.0,-0.12513807680859554,0.7185913837585011
6.0,-0.5803550140821141,0.29636106698147463
6.0,-2.100510819335038,0.5963682305739489
6.0,0.447571052175222,0.6982527116252415
6.0,-1.4650315053685343,0.7211874228512579
6.0,-1.6666697551515584,0.6644632910459864
6.0,-5.903581263579072,4.541730557762574
6.0,0.09800048390179104,-0.10469935079510809
6.0,-0.34990535617502,0.21585569344771666
6.0,0.5421546941176586,0.3856240339715012
6.0,0.2551359732795785,0.7956327162324333
6.0,0.016273765412343405,-1.5170867668736492
6.0,-0.3847634180661333,0.39841894227876523
6.0,-0.4863897040710927,0.6166403058458694
6.0,-0.04713329947406325,1.2931473490432854
6.0,-0.6477804008857396,0.5959031210914201
6.0,-0.053227236229031284,0.7529455042678284
6.0,-0.3105950734131543,0.8627007755844671
6.0,1.3307031813566101,0.13672878510403802
6.0,0.5114396289764831,1.449324629731646
6.0,-0.15550178737075113,0.5436511649111372
6.0,-0.1201043986232486,-0.009013588879556852
6.0,-0.1701130128235132,-0.34686337766504305
6.0,-0.109213873032472,-0.14017629446768168
6.0,-0.819083091316463,0.05684905938465039
6.0,0.16024436942017528,1.0365070596608636
6.0,-0.1829959015589054,0.24047174571209415
6.0,-0.257801612968735,1.1857578882611157
6.0,-0.20317307053171962,1.3786841223158488
6.0,-0.40256339536211444,0.3781431693747097
6.0,-0.997616837671686,0.1068564270073614
6.0,-0.030783890397700055,1.4334261368307168
6.0,0.17512544074349431,1.6120668032336496
6.0,0.05522761013956901,0.25235594597258854
6.0,0.03304230531723356,0.6003251039865333
6.0,-0.2563235708974144,2.5178069369053215
6.0,-0.6299555463228519,0.286965597804397
6.0,-0.2195542939340753,1.3867422959140216
6.0,-0.4247746794784372,0.3043505796867155
6.0,-0.8158717913273562,0.23362490448723727
7.0,-0.27260031498885,0.9069847041187535
7.0,1.4243360030491268,1.3347153359679487
7.0,-1.4703229253265615,0.7058934386424385
7.0,-1.7939221099967317,1.0008600508569203
7.0,1.100687538104727,-1.5931195352048841
7.0,-0.24365191064754163,0.9607009094642508
7.0,-1.6262537556591627,0.5118006124173453
7.0,-1.2734418759808972,-0.19408812665174577
7.0,-1.7438771516723515,-1.2672133633469336
7.0,0.5467241608641601,-0.7202813252949165
7.0,-1.0544720961232277,0.8978771447926478
7.0,0.30630210715473927,-4.032553634570378
7.0,0.7312476501141945,0.5594181125564722
7.0,-0.7878797449802267,-0.0008503116315717679
7.0,-0.2873499298765645,-0.12709614583338208
7.0,-1.7622016099612021,-0.3790638478146366
7.0,-0.9170290045527204,1.3245609585662574
7.0,0.7711912933492604,-0.2999123167102852
7.0,-0.8391894333786365,0.952265536504159
7.0,0.8511198846537466,-0.3052984853791445
7.0,0.10036188989808346,-0.09626909606975782
7.0,-2.2323021234447764,1.2860587229342724
7.0,0.04126382359455314,-0.06852443725918064
7.0,-2.7907321518480397,2.295068474993329
7.0,-1.1141583928511831,0.5781369571966558
7.0,0.9498383678308846,0.2030788075242156
7.0,1.5821332760105176,-0.5896523056992923
7.0,1.4831899770559231,0.03904272675153714
7.0,-0.7064343513762431,-0.818563400729571
7.0,0.15714257754921412,1.1939772076560367
7.0,1.4616402483681816,0.45853831790679506
7.0,2.112490335021042,0.5519582923947542
7.0,1.6787509682876245,0.8843016421147718
7.0,1.3631563597621565,-0.4973981069046201
7.0,1.9864019957524781,-0.5629914388043964
7.0,0.754382989523676,-0.17517050114586516
7.0,1.7217426043996031,-1.2196061498050392
7.0,1.7479236372792912,-1.6947517118297626
7.0,0.4879829509888093,-2.5608610574226804
7.0,1.1261220454292202,-0.47817924933222855
7.0,-0.3183789051362632,-1.8862629745756447
7.0,1.9652087705925434,-0.4132469976749798
7.0,2.3944764231129843,-1.5144071051713688
7.0,1.5478412169387836,-2.666436565878033
7.0,1.71860683183395,-1.1527219536842395
7.0,2.3743650084619303,0.09495410193987215
7.0,2.308014483188942,-0.7875475718284054
7.0,2.3508916477400343,-2.628899476087452
7.0,2.864719541459213,-1.4956737304150804
7.0,1.4407768681313602,-2.264408735488679
7.0,0.8746060157520958,0.93703313168316
7.0,1.1201577819595523,-0.0754317924783411
7.0,1.425435092245454,-2.3512673068553274
7.0,-0.21938849875816202,-0.649830635825704
7.0,-0.23001463892383409,-0.07934451567516582
7.0,-0.04005650786013481,-0.2295198693476314
7.0,2.516519234347591,-1.2978505166300822
7.0,-0.012248051497858391,-0.389790770668335
7.0,0.40647478390158964,-0.7846591638339653
7.0,0.9013635817393583,-1.7151255359806732
7.0,0.020352764995600316,-0.8729162207101695
7.0,-0.617421574677613,-0.004548530394298109
7.0,-0.15536010959614588,-1.29053615447611
7.0,-1.156421325069733,-0.828229041325127
7.0,-0.6028758240168516,-0.3940808488261119
7.0,-0.2600572538456088,-0.8566062610986547
7.0,-0.1961569641313564,-1.6848660932944322
7.0,-0.5230281798545297,-0.8114766351101554
7.0,-0.8540260920788494,-0.3627802426249856
7.0,-0.2248840574853321,-0.42313435724634335
7.0,-0.8201023792769054,-0.3773384642375708
7.0,0.20110603959542328,-0.32992543685955095
7.0,-0.46999531451378285,-0.995289240123008
7.0,0.6380590464629543,-1.0066648833510077
7.0,-0.7077468141617557,-0.6826798267231456
7.0,1.2170491401443722,-0.9349529418808437
7.0,-0.9499843273613156,-0.9805975579565247
7.0,1.3055992805045866,0.6139191007668494
7.0,-0.6674756132277929,-1.2439516961868955
7.0,-0.7723233856112642,0.8085391836493581
7.0,-0.6408599026050257,-0.051236339783245946
7.0,0.5776404100786101,0.551714121355989
7.0,-0.472741957469659,-0.15982756216980926
7.0,-0.5854442775116951,-0.28553958316887923
7.0,-0.49989980994934907,-0.9414919413750388
7.0,0.02334082606089931,0.29705339640565365
7.0,1.3606799204321207,0.27564439042696653
7.0,-0.4740424870945195,1.43599382149272
7.0,-0.7093776221277195,-0.41701570099490876
7.0,0.17895199927777264,0.9315031863483468
7.0,-0.36245004734458897,1.6256524891369575
7.0,-0.3465266408314598,1.002182764753819
7.0,-0.8557567608934347,1.670600530779648
7.0,-0.7658616545149061,1.3919782183390097
7.0,-0.6523295134541428,-0.09480187658417882
7.0,-0.3885480042775238,1.6080668316739897
7.0,0.02678688569458969,0.5479002648706677
7.0,0.43011692538165386,0.6296122227165497
7.0,-0.6549600639137981,-0.37149646247227064
7.0,-0.17122847837925434,0.2338252043290305
7.0,0.048383735333502896,0.30267120272985226
7.0,-0.08455807792266565,1.545074936880372
7.0,1.519674426815412,0.4850975726591412
7.0,-0.22694084139064363,-0.3610144810170579
7.0,3.289354529936503,-0.05000070462753588
7.0,3.6288240100367894,0.21026471811730896
7.0,1.6269416133051944,1.4734537435998036
7.0,1.792703193007359,0.6403524676468606
7.0,1.2292686457219506,0.608489754899455
7.0,1.8961975399147362,0.9239713341388968
7.0,1.961433367902276,0.6274478624485497
7.0,0.9479274183755643,0.4334982295800045
7.0,2.5142872330771837,-0.24593886684453986
7.0,0.318495302793303,0.7794474516839707
7.0,0.290171149372583,0.5362970900119577
7.0,3.685649877290473,-2.0730096554348925
7.0,0.22936443437741308,1.707329067824785
7.0,-0.04802042833509716,0.6231828196332321
7.0,0.5311685991823952,0.47828957527920063
7.0,0.7176124624835151,-0.21255052464296548
7.0,0.393014982800844,0.1343036258297596
7.0,1.313489566389353,-0.13295209283307868
7.0,-0.04181421770212796,1.3986476668178534
7.0,0.2408336017666783,1.0259268307501002
7.0,0.63313838510715,0.9783909002565078
7.0,0.9296859775470582,0.2931783175716119
7.0,-0.04646534765940793,0.14984473267501547
7.0,0.5940087706935592,-0.05116798003941905
7.0,0.5635630702811695,0.4563155989729074
7.0,0.11596806582363038,0.6533337021459159
7.0,1.0026446318414979,0.8902992709872052
7.0,0.8873424875118547,0.8339566166442461
7.0,1.1595377999717316,1.097994058748233
7.0,0.5896368763445146,0.8557879584889565
7.0,0.6846844135290631,1.4014285730112845
7.0,-0.04486371279359101,-0.5339691768781657
7.0,0.5214021467112445,1.1629369640465386
7.0,0.4549450094274356,0.5040595033156693
7.0,0.37887930567339395,0.9721377826492505
7.0,3.0595266001232786,0.19022560686423207
7.0,0.9997738882230844,0.0995476508016878
7.0,0.975670248446025,1.1826756289200273
7.0,0.6546775613869713,0.34498755589070856
7.0,1.2461913035214547,0.29681556932791686
7.0,0.9087364848469225,0.8242125848340104
7.0,1.4147792009447964,0.29994430937531924
7.0,1.1854681108119276,-0.7121390172938742
7.0,0.6635575021791028,0.313260380466943
7.0,0.5034806545138327,0.9942934891138013
7.0,2.065390109790929,-0.8722103865033013
7.0,1.1188640792551203,0.8941412279684148
7.0,0.3758208093827573,1.3066456490708624
7.0,0.7010687867459733,0.3705432634761482
7.0,0.3152570001423385,0.1828153562050127
7.0,-0.6734677769932379,0.3137014160304479
7.0,0.17073013057203718,0.16718067150712734
8.0,0.37750307002377453,-3.060388413440755
8.0,0.9928763034852686,-3.21380992685961
8.0,0.18396815251276197,-2.0685551329147747
8.0,0.7499542804859419,-0.5697454811140835
8.0,3.6071568281713833,-2.1448450542083197
8.0,-0.4626848887033891,-1.1199048904985538
8.0,1.9567297707695388,-2.1960904984816114
8.0,3.1482704938527397,0.23589123737458262
8.0,0.5024462702627065,-1.2372094603916617
8.0,2.7209160658573457,-2.6411829771462036
8.0,1.7286942264676404,-2.4253520092473284
8.0,-1.8324729639155142,-1.4118653102533445
8.0,1.1186066503904513,-2.255767167892625
8.0,1.2193241768647012,-2.4232509333809933
8.0,4.6962583049834965,-2.5012093040904193
8.0,0.7401497366126729,-5.07894123926692
8.0,0.43330005435095414,-1.6987171625175128
8.0,0.9840045941480611,-1.04128633450131
8.0,1.660134728349122,-0.6995134504280359
8.0,0.718007712050634,-0.8563873880810681
8.0,-0.6215432264232701,-2.0351303721465257
8.0,0.06725477896907138,-1.1424376843621022
8.0,1.1091492273302839,-2.164674695850949
8.0,-0.20366215856278413,0.1795184565262086
8.0,1.0634081846639425,-2.1397382500059847
8.0,-0.8183827363385368,-0.8665041064162645
8.0,-0.5064092581979771,-2.0615378204714205
8.0,-1.0465543305912146,-0.40197094403371436
8.0,1.82901508707527,-1.9219820367628135
8.0,-1.0289489524024669,-0.724531102608506
8.0,0.6504979998522391,0.9964656233139851
8.0,-1.5803185861632847,1.3718435484275215
8.0,-1.2118950257838292,-4.943657737628782
8.0,0.7315476831459204,-0.4076729755524103
8.0,0.2537694290185866,-0.4532580656771231
8.0,-0.6289861625433307,-0.29291259403710274
8.0,0.901281778151012,-1.9500045115184794
8.0,0.8422558247894026,-1.0199244420014062
8.0,-0.8899036317656872,-0.9578375100966023
8.0,1.997572635856177,-1.5779234449101707
8.0,1.2686575461923146,-1.2154172416839921
8.0,0.16320261874898465,-0.9224169265877634
8.0,-0.15377193685037685,-0.5517085571338662
8.0,1.2995856651720084,-0.6785133546356358
8.0,0.43482418818346297,-1.4619649525255447
8.0,0.5904699187063408,-0.960120216784048
8.0,0.35260029576474755,-0.9111569559554004
8.0,2.14050308646404,-0.22273761767665806
8.0,-1.1871411379709205,-1.9432602146038505
8.0,2.3250359727632333,-1.1493707617238782
8.0,-0.21285163544801383,0.08740689030490009
8.0,0.6000429765286046,-1.4074864976965378
8.0,0.3989343977416815,-0.6561530006086096
8.0,0.06652658039335528,-0.8687098773184565
8.0,0.5571331058618597,-1.6074166382910609
8.0,1.035644072071353,-0.8819338507590894
8.0,2.36131868807574,-1.0265352178946408
8.0,0.37804246401790653,-0.9984792973747061
8.0,0.25998597843294685,-0.9665399425325069
8.0,0.559361740814251,-0.21966760174120503
8.0,0.42743839587623483,-0.6826969668476436
8.0,0.21153200832841418,-0.7806311940528347
8.0,-0.7928752529493209,-0.9061147662759029
8.0,0.45082764410495363,1.5795401052491462
8.0,0.7167850430797129,-0.4603067221543589
8.0,1.236535148460418,0.21258640471371976
8.0,-0.6212246609089898,-1.6163954557304279
8.0,0.6371901348357273,-0.11207186395173371
8.0,0.07438914064959559,-0.34051936588462844
8.0,0.7397577060053522,-0.2565455589880618
8.0,0.17500492315361113,-0.09664026059617821
8.0,0.39624916824290785,-0.6544275600723956
8.0,0.2289900245520692,-0.5022156951671147
8.0,0.2147588416307931,-0.5697524567648041
8.0,1.3189824953625675,-0.09204171925031578
8.0,0.060738772678306054,-1.163214923986641
8.0,1.5778828026953904,-0.5049877268545142
8.0,-0.04480800062528995,-0.10191022803699941
8.0,0.753182999910932,-0.41089595644919547
8.0,0.6657556336303773,0.6710476735527343
8.0,0.23042147920971967,-0.6637492508005647
8.0,0.931119091118472,-1.1543594290794699
8.0,0.853782201988923,0.019187891892473025
8.0,1.012498339187964,0.1561192667483266
8.0,0.7135375996527057,0.6616398307570776
8.0,0.5735439574983973,0.6866541615527697
8.0,0.5941385450851704,1.1970299631125911
8.0,1.0242362594986971,0.44158494624827316
8.0,0.9892647267815771,0.9625796336487206
8.0,1.158127685341679,0.050908379621647674
8.0,0.8002171362045639,-0.00795465385751419
8.0,0.008818587149938772,-0.5887913525514819
8.0,0.630934054163494,-0.5732465720164379
8.0,0.7779822875240296,0.8291595403368454
8.0,0.7736096024749358,0.02854686936085131
8.0,0.6438406751646082,-0.20045185416958328
8.0,0.5573291764701982,1.1475708900838526
8.0,0.9898926067657658,-0.05119220371133873
8.0,0.9311798713772541,0.5792487210277957
8.0,1.0623221436427635,-0.8127622823714165
8.0,0.8587650843651294,0.8763506319889592
8.0,1.4269910992237176,-0.5277860787976971
8.0,1.7516103756392545,0.09443839850511704
8.0,0.251844932961235,-0.8676824391027634
8.0,0.8237242518960279,0.36132646835841625
8.0,0.3180248939665472,0.20419582843624481
8.0,1.6615179836775245,0.5949255984787617
8.0,0.7103746301636593,0.6588627831449047
8.0,0.7872987458093761,0.5383133944949311
8.0,0.6342442050553939,0.05158721096220756
8.0,1.259860809614424,1.0468695472247092
8.0,0.9254892603192033,0.8911562042523559
8.0,0.6114602218650154,0.26397434072924814
8.0,0.08117107734611567,0.2710274560550468
8.0,0.8397652007763046,0.8040995329380504
8.0,0.5025041600702679,0.9556916480394011
8.0,0.49538749651321,0.5846291961228791
8.0,-0.1031277134336719,0.7554537945947134
8.0,0.8942988628508641,0.36752960984824934
8.0,0.9596088920899062,1.6230358117501293
8.0,0.7959057797786492,0.4944600881948991
8.0,1.1153045707800056,0.48574057326873465
8.0,-0.019351052129792382,0.7220198377233861
8.0,0.648032599723362,-0.332227093670409
8.0,0.6587037506628998,0.142962452996981
8.0,0.5684139236436052,1.3695067490629433
8.0,0.35649614244303984,0.34011864938819847
8.0,0.7755190753561598,0.6989429118358459
8.0,0.9006960686493146,0.9946696017281088
8.0,0.7288602662846128,0.6233203237547985
8.0,1.2659133116975196,0.9041011252474772
8.0,0.6249762406525864,0.9163819031488218
8.0,-0.5697241720355996,1.8544076973718766
8.0,0.05741761918641392,1.0776297020545238
8.0,0.4391505444975299,1.1248247438271641
8.0,-0.013066262488932626,0.2562594318555816
8.0,0.3469900963568298,-1.0049841697938722
8.0,0.8451220481910537,-0.17092581684006208
8.0,1.582282310339413,0.6745802768678728
8.0,1.4468372666137295,-0.25874321060046357
8.0,-0.22137644547505925,-0.0051760659582614785
8.0,1.1429258972144323,0.305051687678692
8.0,0.5330040453662779,-0.19668642784749515
8.0,1.261704039983963,-0.06929266498353272
8.0,-0.047381809248962015,0.04224885103098427
8.0,-0.07383616455251449,1.3519678937190738
8.0,1.04240547543038,0.7408158951974569
8.0,0.6036776854298597,0.47845511657949086
8.0,1.1120606177739227,1.3508947522025987
8.0,1.1322111396221826,1.0952662129373705
8.0,0.9488932435371422,0.5750213673591931
8.0,1.740984268547294,0.2333112933522125
8.0,1.1873201548940229,1.0201978898190704
8.0,0.7012010074168323,0.4941603703896746
8.0,0.1718168404816396,0.21668446780932918
8.0,0.7786484322027704,0.5672734701387382
0.0,-1.8494142839024938,-0.919838937767444
0.0,-3.406574002119196,-0.5914511483594626
0.0,-4.294791922967678,0.3541724278288551
0.0,-2.5890514445918655,-0.6233077125808075
0.0,-2.261613544024899,-0.0902081762965734
0.0,-0.9019834539207779,0.011697034097902978
0.0,-1.5826042092072083,-2.130808221578777
0.0,0.28271689810158007,-0.6450617972798395
0.0,-1.242025288901965,-1.5186213589193065
0.0,-2.3420948226656177,-2.432063297759685
0.0,-1.1052947521395389,-1.9852083380457781
0.0,-0.9419768922376326,-2.1527803509281047
0.0,-1.5625257939664314,-0.05265055868604966
0.0,-0.5986149689578192,-0.7293317178722504
0.0,-1.6461257692132174,-0.7317932200475007
0.0,-1.7625349439139928,-0.20187670516549666
0.0,-1.522705905000131,-0.08627404084377531
0.0,-1.78535269920808,0.16868061716732563
0.0,0.5969122424200376,0.37574120074231343
0.0,0.2964691533278685,0.30953431394570935
0.0,0.7483906484845646,0.12534264781944743
0.0,0.8728664853655016,0.909437130392724
0.0,0.45900994207326734,0.19917450556932342
0.0,0.47504580590655004,1.0136547419682471
0.0,-0.42595993793956793,0.5564493557346136
0.0,-0.6496440986732938,0.40751312448470955
0.0,-1.1833852370409557,0.49047794831916064
0.0,1.325467546331756,-0.3082290093059118
0.0,-0.8391495284193785,0.7930218085277343
0.0,0.2317400643108736,-0.4686754927416999
0.0,-0.5206941286540692,1.4170545111511892
0.0,-0.4426983819924647,0.6311506663027123
0.0,-1.34401960164613,0.337910050542343
0.0,0.12100795988274943,0.6033875016577906
0.0,-0.145790829600043,1.3681908091782267
0.0,-0.700887826615606,0.12047518637513936
1.0,0.3927197795744743,-0.11862487519305921
1.0,1.184614453462198,-1.9234185436434545
1.0,2.0218647402880445,-0.05779591455685694
1.0,0.5828974704599836,0.06132909091483832
1.0,-0.489140082466685,-0.3751030097419675
1.0,1.3943321364540924,-1.3006774968545713
1.0,1.51455250539258,-0.05842098989137337
1.0,0.9183970711159188,-0.9367071041402301
1.0,2.4544534400006155,0.8510441532933266
1.0,2.294927679312922,-1.2269464730907955
1.0,3.4601232720922837,-2.00054582014796
1.0,1.528766822885075,0.6748020498944829
1.0,1.1892087789541834,-0.9206015272553739
1.0,0.33560169914412996,-0.21491570526315212
1.0,1.0743356803084634,-0.33853844640208397
1.0,-0.29859371023939113,0.11165673829752377
1.0,1.1287453478975713,0.8995467234417575
1.0,0.4976665961183424,-0.25836620120476406
1.0,-0.4101521519685803,-0.9717542716159943
1.0,0.9634707804313859,-1.0761906724062091
1.0,1.1046460893829413,-0.7915962721717854
1.0,0.9202192207536466,0.8844215971259947
1.0,1.8313853445604495,0.06505315497439153
1.0,2.0402357649048004,0.5144920736368903
1.0,0.9033074894768487,0.8852072638598886
1.0,1.248061277729868,0.8213258222064498
1.0,1.6189314836658142,0.7615849357426576
1.0,0.7323777306548275,1.491081359918618
1.0,1.540092257521149,1.0235318698002298
1.0,0.7941020627552406,0.65707457631675
1.0,0.8323482725357778,-0.5980585259811647
1.0,0.3325189247854245,1.0905556208172251
1.0,0.1490243085004079,0.6511015457855873
1.0,0.8787250361953916,0.5957442193442116
1.0,0.625089540247951,0.5401189781442978
1.0,1.430850995830083,-0.08453721848985883
2.0,-2.8243292549089283,-1.0353899314297175
2.0,-1.1055777828480005,-1.1645019516382742
2.0,-0.07207858878732122,-1.4864447296341814
2.0,-1.328018198405868,-0.29303517674299157
2.0,-1.5875200385459514,-0.07546480280389158
2.0,-1.9842177454800318,-0.5061580668207004
2.0,-2.8474506308443446,-1.758694650696347
2.0,-3.0463040277160878,-1.943641457207621
2.0,-2.4404904825959894,-1.334991942950146
2.0,-3.8458895500007353,0.29502460610270703
2.0,-4.246286797965652,-0.2384321839966488
2.0,-2.963871232577264,0.03201434146862129
2.0,-0.41788027067039046,0.3422138824034376
2.0,0.10715416625283687,0.7350292047085224
2.0,-0.9478905803737021,-0.7439225555526605
2.0,-0.7431308204798567,-0.16073537558226988
2.0,-1.3456824271553873,1.122958304697006
2.0,-1.886198491026031,-1.1427017695530575
2.0,-0.20411556580192558,-0.8055351340530537
2.0,-1.2676338532147713,-1.4051409423824897
2.0,-1.3157407129462761,-0.5867558632654424
2.0,-0.4856466509457293,-0.03525296374465717
2.0,0.06631134068381457,-0.7647898616740278
2.0,-1.2279237597869073,-1.456942439909223
2.0,-0.8931865581161254,1.071408068694849
2.0,-0.08922456799579706,0.9222485958838068
2.0,-0.9026158990452593,-1.0529785135625744
2.0,0.20166920286672074,0.8147259691596914
2.0,-0.03736529117919744,1.20032487463759
2.0,-0.22847184114545913,0.5483542880784844
2.0,-0.5280685251712005,1.0845932353900065
2.0,-0.25976939723502623,0.28696068675940845
2.0,0.17484240189288622,0.14113870998707628
2.0,0.3245562835648129,0.9583528778766841
2.0,-0.1837724918262723,-0.3244565887729745
2.0,0.4326293524010856,-0.21294366316394678
3.0,-2.515045656471838,1.8242166731812617
3.0,-2.8646057349929652,-1.7963516580983176
3.0,-1.4300979379032857,-0.10743273260568255
3.0,-2.3288066273073933,0.32262149208536434
3.0,-1.3965636317549552,-1.402677769879843
3.0,-2.384479701022158,0.20757270866363317
3.0,-2.412008994820131,-0.32365738800822136
3.0,0.20510606794724734,-1.5273827603437446
3.0,-1.4247034773190241,-1.2088011593422106
3.0,-1.3570681505761415,-0.9684093704627682
3.0,-1.3529295033148176,-1.6988626893288492
3.0,0.2704503224888244,-2.06283616173726
3.0,-1.2798783994106842,0.07131409359109134
3.0,-2.0652536867867326,-0.6757232785985529
3.0,-1.8253056058107946,-0.5372210795537836
3.0,-0.6578471998540127,-0.40728858823198166
3.0,-1.2676387714030997,-0.7618956849606199
3.0,-1.0073694785637979,-1.0870162257211031
3.0,-1.1761129192466717,-0.7601541875074663
3.0,-1.507302849502616,0.023673955757330053
3.0,0.05463369597665551,0.8969369088486936
3.0,0.3673359728770262,0.0011301922611215084
3.0,-1.0730141325501832,-0.5083248944509442
3.0,-0.27261886957340214,-2.1216482652099806
3.0,-0.252698822817997,0.7147062937273079
3.0,-0.43743867641740863,0.03600594616635705
3.0,-0.669033668095595,0.341013008072768
3.0,0.14557227277335416,0.33594613643544297
3.0,0.4725802134518863,-0.02403427470835295
3.0,-0.4088179316702946,0.7440988358122532
3.0,0.12037050839911409,1.279301340296855
3.0,0.4543156240928596,0.329276834448452
3.0,0.08716075614096618,0.8835747731268573
3.0,-0.07156731634701766,0.06145270723373436
3.0,-0.011894975817351567,0.8510722048758519
3.0,0.18105707093623197,0.25938529422778367
4.0,1.817563508508644,-1.6645772562566
4.0,0.5349519263210738,-1.3319863339174733
4.0,1.4426045110557821,-1.2808854305768957
4.0,-0.3649863401353542,-0.7579158427980784
4.0,2.0708094975030438,-1.4266704210101417
4.0,2.908777771853593,-1.0954950963384245
4.0,1.1838187035684626,-0.2994846819253163
4.0,2.028827945956315,-0.4819307415100646
4.0,1.7012115955557139,-0.4500942387540239
4.0,-0.6182505076230153,-0.2889083026973569
4.0,0.7804624310855972,-0.4497831477517818
4.0,0.07339007800778109,-1.2983162805792292
4.0,1.0476308133340766,-1.1385247861025758
4.0,1.1346652206974988,1.2124050919408649
4.0,1.1591086285593462,0.7389286997341789
4.0,1.430952892742916,0.6468417771411201
4.0,0.8201877008255172,-0.4408572444257227
4.0,0.044541824359469975,-1.5006016015988326
4.0,0.5481638580156466,-0.16585142863518354
4.0,1.1926254968965855,0.40723443290190986
4.0,1.824662115226561,0.11283831629855266
4.0,0.38808231445409547,-0.707059142397732
4.0,2.223797535028028,-0.36431828718048637
4.0,1.2948026698947863,0.032889691303549025
4.0,0.9299725702031423,0.3840775956691109
4.0,1.22737482047707,1.3708120978372167
4.0,1.0587252369334077,0.705211364519665
4.0,1.3370179748525162,0.4177099080345755
4.0,1.1143202945672088,0.9151640569745505
4.0,0.4043285017265285,1.2140262119369407
4.0,0.6897717265832064,1.085504943419281
4.0,1.2075016382278763,0.6067494027871659
4.0,1.4317523546435396,0.33423128680204534
4.0,0.3437670677492347,0.9847115778966578
4.0,0.3513107989488416,0.3353290145630641
4.0,0.642475355858236,0.8501200714089182
5.0,1.9397955456797613,-0.08288623732049948
5.0,0.4879807080587475,-0.42528835360426637
5.0,0.25939443613361973,0.09613638346918192
5.0,0.939297621568132,-0.363581343876931
5.0,0.11705794406985222,-0.16800837234989938
5.0,1.2915977421569025,0.19920610146539683
5.0,2.1394230380658477,-1.6833420742055156
5.0,1.8878913242512148,-0.13454271892649775
5.0,0.8283657040706651,-0.03184329817596824
5.0,1.4423855481855263,-0.9460393485940559
5.0,1.3763279500631178,0.9095447764309808
5.0,1.2396041164051639,-1.083689857923449
5.0,1.002951097147403,0.4495633516133126
5.0,0.27773345606472816,0.7344955721509075
5.0,0.2023823708661555,0.7354183336994182
5.0,1.1651158937233748,1.2657973079269906
5.0,-0.29011210155544176,-0.39503159158659407
5.0,0.7143464970164985,0.1092685968791396
5.0,1.0754056345154106,-1.0690992775350174
5.0,0.4438885385744062,-0.3128888692327485
5.0,-0.21236140471487974,-0.09212647498990864
5.0,-0.7644533723113163,-0.5703109566889266
5.0,-0.27573010041921847,-0.5520720300008133
5.0,1.5310540584093364,0.09263336550684652
5.0,0.04050855331356029,0.3949717701678081
5.0,0.6250494280038443,1.4013568001687855
5.0,-3.137075100195825,0.8566062068188044
5.0,0.7597005898803219,0.2880944792316243
5.0,1.2394908192003213,0.5120433469380198
5.0,0.7156179410475654,0.7260515546282097
5.0,0.7413646738417382,1.2431537558325403
5.0,0.8974606340413698,0.9781385379656764
5.0,0.4189558459957235,0.30002184594139675
5.0,0.6056726538330133,0.8914986314179492
5.0,0.9728538393414244,1.0726744449823937
5.0,0.825523003122318,0.5799562457214433
6.0,-0.8782642956719153,0.5765843872955263
6.0,-0.24503656965617446,0.18817081573747788
6.0,-0.96235180427779,1.3244856357255546
6.0,0.20869606958486533,0.16833987000194736
6.0,-0.6734535057410552,1.263885660536798
6.0,-0.5913418971921679,0.8401089659769977
6.0,-0.8456255643017041,1.403528930338011
6.0,-0.37389186633849725,-0.07254799983806834
6.0,-0.18695433971671394,-0.022164700225014638
6.0,-1.0761011819591397,0.9094342526656467
6.0,-1.0967185595755815,1.6017902931739687
6.0,-1.245915914610754,2.644698371355347
6.0,-0.08636885030514625,1.0133240891329673
6.0,-2.111026294522402,0.2543733559429591
6.0,-0.6925728124993814,-1.0350719096083625
6.0,0.03497990690735938,0.3188587292921723
6.0,0.43712106463372474,-0.2447017682969039
6.0,-0.7219133886380363,0.8801187506111985
6.0,-0.846276778005869,0.8803987500966935
6.0,-0.24794254533652313,-0.9427266070061244
6.0,-0.6812979522809146,-0.8483573860552397
6.0,-0.8732278232754261,1.3506000613517308
6.0,-0.6491406516296803,0.4787620831884824
6.0,-0.23187282899868877,-0.5292547026595426
6.0,0.43723511397950726,0.518604566867927
6.0,0.4515786008746836,0.1864887324952318
6.0,-0.8332354633117803,1.2566112568590764
6.0,-0.8486911487005513,0.11188102413471093
6.0,1.0733780470858147,0.47207812228401275
6.0,0.06464621215610322,0.8115840571171995
6.0,-0.5711199430428184,1.5329118750983723
6.0,-0.4892782932712398,0.6055045143385743
6.0,-0.6927128861781978,0.11637026995900993
6.0,-0.27439922009487666,1.0051146534805753
6.0,-0.8017505308904541,0.6824704263295021
6.0,-0.6211748738786609,2.1966299526521906
7.0,0.06746356932476552,-1.385360739374308
7.0,-1.9286430925433404,1.1963331544201308
7.0,-0.024681969843747306,0.516325813265639
7.0,-2.3472210814166576,1.7379934078235653
7.0,-0.9879306910962266,-0.13577716829239886
7.0,1.2298183376310114,-1.1775307674618503
7.0,-1.2949564044270236,-0.7683812343671566
7.0,0.6770961227655903,0.29217218009354745
7.0,1.1293756410359554,-1.79249500676087
7.0,1.8837635073660133,-1.90983055693065
7.0,2.924325270541817,-0.466669460472212
7.0,5.000602564073518,-2.0274362437785007
7.0,-0.3697136549594211,-2.158258078595208
7.0,-0.6560452420516721,-1.0098305806992194
7.0,-0.3986804871341661,-0.29546813893804136
7.0,-0.459519373666992,-0.4406505674123405
7.0,0.1118922127478328,0.14539856915357033
7.0,-1.8999220382836897,-0.5145927541463202
7.0,-0.7583499783505472,-0.5591522091223581
7.0,-0.7668534451766684,-0.2708933478029348
7.0,-0.4535451889657211,-0.04162950095832578
7.0,-0.1854071618418478,1.0675919194135632
7.0,0.3542274976109064,0.21281808480937997
7.0,-0.26689302977231255,0.994514151330073
7.0,0.9468356627954571,0.5335425842479333
7.0,0.8523466461000266,1.6013500393792834
7.0,1.2101537699905085,0.8086848797738024
7.0,0.46705270280314104,0.9703658851184941
7.0,1.5525713145106528,0.17823776818489173
7.0,2.278433585050331,-0.6276279484617018
7.0,1.2584614280739213,0.9978356220668596
7.0,1.8157906963015225,0.4498022948829626
7.0,0.4650880818199148,0.7635077857379575
7.0,0.6302419259991161,0.48041580385219335
7.0,0.12721747995726596,0.5762064989043382
7.0,0.6398718366945617,-0.11234346654037666
8.0,2.18120158620706,-1.4719827849474885
8.0,0.6370616598099895,-0.8509164890501155
8.0,2.105274405366996,-2.132978794814575
8.0,1.1939851949468203,-1.3535713988187463
8.0,1.249545083343042,-0.25022415634671263
8.0,0.2727065779300412,-1.267723471061525
8.0,1.1496531411031432,-1.2397514838585966
8.0,0.7781606757576119,-0.29134730206164255
8.0,-1.4395000418899648,-0.5614739547020091
8.0,-0.6942123451213951,0.0467298860388018
8.0,-0.9353182831570199,-0.5660298960780095
8.0,-0.9905658050149583,-0.7828040785736587
8.0,0.7519850441774075,-0.5628657503118184
8.0,0.9942435817294595,-0.8357405510809313
8.0,-0.008826432934344408,-0.6198010271377522
8.0,0.5431593621969241,0.20759964832625913
8.0,-0.31823396289732214,-0.8396438205930551
8.0,0.14054012746203098,-1.8735398559591825
8.0,0.7792112815121649,0.22674739829392035
8.0,1.6688920126752933,-1.384057850187302
8.0,0.4654111759148658,-1.0881460379407204
8.0,0.8428680128695506,0.5033075762180775
8.0,1.0864591734767564,0.7676801727034367
8.0,0.3839655919829203,-0.40955257817013085
8.0,1.325796995593768,1.2334614712559329
8.0,0.6809765888923477,0.8727729855860874
8.0,0.4599272638966907,0.7274828175576741
8.0,0.44481434954778204,0.8346132275747334
8.0,0.12638749645284292,0.5116513980627913
8.0,0.7963434686999924,0.38680408728282484
8.0,0.6421601853981309,0.7634329962645034
8.0,2.3542862984772577,0.46051631679865357
8.0,0.456048607653236,0.8124433302936429
8.0,0.48057911223590005,0.47985831708002485
8.0,0.27993880840598123,1.2145219821371311
8.0,0.8419279129523438,-0.06810116916834281
