0.0,-5.8426051419954925,0.6200559223903365
0.0,-4.448011621203052,1.0130901699996064
0.0,-3.8012782208511626,0.10952584652033893
0.0,-2.9757179774230584,-0.4599938463933615
0.0,-5.437486634647608,1.7863779738451702
0.0,-4.5383926499039395,-0.14172444181588334
0.0,-4.059308295018016,0.15773586192719904
0.0,-4.928230532906888,2.205805448626168
0.0,-2.537451630257372,1.2360696960669781
0.0,-3.282339642506781,0.7748263439239897
0.0,-2.91154797273523,-0.23785005886575103
0.0,-4.045540344718904,0.04993159772509792
0.0,-3.414467366131956,0.7125955752570045
0.0,-2.3035579178971894,-0.40701596613207436
0.0,-4.106836412476308,-0.43914219128189763
0.0,-3.3510567471912003,0.12827080057051837
0.0,-6.504765707608264,0.3726641931092322
0.0,-4.140687877907008,0.44400235454874126
0.0,-3.0575955322592616,1.6284091090010737
0.0,-2.9427242671855827,0.6011659265697475
0.0,-2.780678626910335,-0.648911496038372
0.0,-4.82234090367636,0.3443440602566254
0.0,-4.17661064478317,-0.3201313593696713
0.0,-4.872330867957537,0.857191655957147
0.0,-2.2895433163462737,-0.9809547694858375
0.0,-3.5723031042151927,0.7605023050667845
0.0,-4.035126063491551,0.3507046639801867
0.0,-5.33150986749932,-0.17862400118107552
0.0,-6.182259959307944,-1.2202418318136798
0.0,-5.61011490342323,1.208259942670601
0.0,-3.757948010847845,0.660993267135619
0.0,-4.784727653775184,2.2890468855796176
0.0,-3.3242239693869577,-0.6236043122738981
0.0,-4.3085940756504995,-0.39679919712933276
0.0,-3.728680950267316,0.24600391822734347
0.0,-3.9171245221207394,-0.8343853045846004
0.0,-4.102099980912404,-0.4008100565495153
0.0,-4.415113164928403,-0.12048806185955935
0.0,-2.5303368497823184,0.4964619622261796
0.0,-4.839648220584398,-0.29441030648743943
0.0,-5.580245497388178,-0.3631022452688706
0.0,-3.4687209367277694,0.38992241480659184
0.0,-4.5894468822993915,0.32979670848454834
0.0,-5.694866237209288,-0.3578581317979758
0.0,-4.285514830913588,1.3265721222833178
0.0,-4.114918959624341,0.6168039721728349
0.0,-5.527764329968498,-0.7055024927496154
0.0,-4.266116456065939,-0.874692759396729
0.0,-3.843665382459754,-1.4322877922524002
0.0,-3.909285969803267,-1.8537143430535783
0.0,-3.555183582959743,-0.8675131259205561
0.0,-4.54658376007354,-1.0879491562221228
0.0,-4.211841307774875,-0.6006235651795053
0.0,-1.6923955548253082,-1.4022143427321303
0.0,-5.288286701069351,-0.5696331553395525
0.0,-3.874622530841587,-0.3985241708070754
0.0,-5.788423846321728,0.18379330359667134
0.0,-6.222150672950004,0.001811705676451161
0.0,-4.1485331899275035,-0.9976982464849198
0.0,-1.0340240806275913,-0.4715348473957019
0.0,-2.2950340328134367,-1.159023296283982
0.0,-2.8877054577462724,1.6514257443635354
0.0,-3.385733911440196,-0.21087250329457174
0.0,-4.954027059488158,-0.401317634872554
0.0,-4.132809014309018,0.4832870400414084
0.0,-4.205307289326841,0.1638361373452726
0.0,-3.770188019875931,-0.669696988283477
0.0,-4.229156040658313,-1.3837765419045311
0.0,-3.982744379340496,0.7117036295682341
0.0,-4.1970257695088,0.3046420154482692
0.0,-2.6877899782913106,0.3298980101300746
0.0,-3.351067408618049,-0.02101369624214188
0.0,-4.645583573352125,-1.7770284097560323
0.0,-5.446113546863819,-0.5350043886760416
0.0,-5.968101651032718,0.42238831940069876
0.0,-3.7350340564337254,-0.6399810369086503
0.0,-4.370424351571863,0.7058830189074867
0.0,-3.8826235634105117,-0.379299756535462
0.0,-4.525203316506971,0.31064218091225393
0.0,-3.7649385311464223,-0.953266335631698
0.0,-3.5926466254024954,-0.236382039413023
0.0,-4.0497836197347,0.8434082345375447
0.0,-2.9594927712478536,-0.6344934457180976
0.0,-4.138956126660102,-0.39519236746832903
0.0,-3.907731024538107,1.901989252474416
0.0,-3.323262431236588,-1.3457946586709724
0.0,-4.862022065221006,-0.5057653870524743
0.0,-2.7717093825888437,0.09481959366834725
0.0,-5.090284634837486,-0.7183515300646596
0.0,-4.753947841833635,-0.2925492575815394
0.0,-4.2109615806571465,1.0808314890298991
0.0,-4.563560578802347,-1.41844878125388
0.0,-3.2022295787295416,0.561995165791663
0.0,-4.754268871995173,-0.19786300574389662
0.0,-3.322826874481292,0.1741339316144817
0.0,-2.1612496238421537,1.2083567333153808
0.0,-3.7721844441622214,0.40936493802649204
0.0,-4.354550676330413,0.018549350095500284
0.0,-2.2862800699467014,0.26449900466353615
0.0,-3.934913345186801,-0.1254650229352742
0.0,-5.226055308830473,1.672604427228202
0.0,-3.0434908507924,0.6909071159734457
0.0,-4.265200115666103,1.7654958376355676
0.0,-2.8772084203670762,0.99354514690539
0.0,-4.8987110169291,3.6933080353981076
0.0,-5.650732265346928,0.7546633250117895
0.0,-6.073703392438383,0.6600576814005374
0.0,-4.813739584565885,-0.2263368673624759
0.0,-5.9267998262280335,0.9632833316247915
0.0,-4.671933188497397,0.46956062893217626
0.0,-4.7405832127397485,-0.21507907895162226
0.0,-4.227610068439505,0.6015331380247564
0.0,-2.2834151321896443,0.5699954606334532
0.0,-4.702170985154173,0.035418702165796526
0.0,-4.20562931336487,0.1712079248135497
0.0,-3.865398802508078,0.8034395202728675
0.0,-5.576874327540776,-0.9370857056290938
0.0,-4.394778614741999,0.04746145579573554
0.0,-4.544270960547502,0.44385998022635176
0.0,-3.254923271092099,0.8715905547138483
0.0,-4.449399396518844,0.4265954134823546
0.0,-4.971668680611746,0.9497339085355138
0.0,-4.4409794211342195,1.203248237234822
0.0,-4.130956211725896,0.6016830049169952
0.0,-3.0208356896997404,-0.9158545628725464
0.0,-3.573394266450099,-0.9093101684116262
0.0,-2.905867403682019,0.9450839070802339
0.0,-4.007422944750662,0.4494886858213923
0.0,-5.389989551024067,0.6368131738822834
0.0,-4.9840382342637755,-1.008424087667147
0.0,-1.3184322750056514,-0.16096607306998365
0.0,-5.904508346183689,-0.0912538328854024
0.0,-3.6893751302661,-0.699472649252282
0.0,-4.206316272692896,1.7651115577856418
0.0,-4.7967026823815,-0.2961429824875071
0.0,-2.65903116205646,0.6530462222420823
0.0,-1.3785751050824364,-0.732560098952754
0.0,-0.5103308346303871,-1.2306788386637117
0.0,-4.16663413796411,-0.7271219721182669
0.0,-4.53585673241341,-0.6206851264384257
0.0,-4.537539067760995,0.4001752985448033
0.0,-3.0486255468259675,0.2562598658004929
0.0,-4.422147941938691,-1.8085778311373677
0.0,-3.796442409498866,-0.5731294146545834
0.0,-3.405450579552496,-0.961089160764771
0.0,-5.931030896718522,-0.6395767345171928
0.0,-2.631854271625762,-2.111092875598695
0.0,-1.5528203051905562,0.2562891847467804
0.0,-1.6979363699390515,-1.1175748325177584
0.0,-3.874849758972221,-0.8782991249917216
0.0,-4.50186420627394,-0.3684920272542552
0.0,-5.047914859051312,0.39502188620465856
0.0,-4.000191755321778,-1.273057503597707
0.0,-3.4162774154389255,0.4274418887784012
0.0,-3.4542675516641013,-0.4181091826978133
0.0,-5.753466009073475,0.29815374246085435
0.0,-6.707751585470696,-1.9841830685203885
0.0,-5.69852167907026,0.9498775423743451
0.0,-3.4377435256333584,1.8675569404710077
0.0,-2.9734316580817,-1.2833588881360638
0.0,-6.8764496905605865,0.23340452250290886
0.0,-4.069141155469908,-0.08255362690235468
0.0,-7.003210115805506,2.1079056508307756
0.0,-3.030699609661967,-1.8148609035859715
0.0,-3.3880712950374603,-2.279633642091733
0.0,-5.181151345697499,-1.0374967518773635
0.0,-5.01772471846011,-1.4538953863781736
0.0,-4.119108461252089,1.172458068232804
0.0,-5.19305393215771,-0.6093587958294886
0.0,-4.100496732382293,-1.380596504002154
0.0,-5.337037678649225,-0.1371451616168023
0.0,-6.067268268235018,-1.235903529487507
0.0,-5.119398750131288,-0.7183566013052817
0.0,-5.456320536655317,-1.6863668840671622
0.0,-4.628639374900452,-1.2428858113725838
0.0,-3.734725270735766,-0.6200643005237054
0.0,-4.989868695519362,0.28942993093576946
0.0,-5.2008260772134705,0.700153065687174
0.0,-4.2992208375767165,-1.165927958170854
0.0,-6.2843172671308976,-0.0025020291988155385
0.0,-4.150845541040431,-1.1647718782801595
0.0,-5.664601458296069,0.8954033576018072
0.0,-8.55230465816068,0.5146856876588607
0.0,-6.201407107229305,-1.3862248618050144
0.0,-3.4714351409888287,-1.0065364499076133
0.0,-5.4452530056429564,-0.51674421000004
0.0,-3.133928985245172,0.41349784404027257
0.0,-4.622788776353017,-0.9999513197003347
0.0,-4.109307272851862,0.42314359464556706
0.0,-5.996349482608354,3.1680751146737385
0.0,-5.452239193366906,0.5721187421820849
0.0,-1.0727547480987882,-0.558210533360261
0.0,-3.847515462460285,-1.055499466553192
0.0,-4.1181782191588345,-0.3655517353773816
0.0,-5.388608442258971,3.5842101091427305
0.0,-3.996290645914445,0.326398947148719
0.0,-5.098636444899103,2.525090181948112
0.0,-5.048160383839483,3.173186590649241
0.0,-3.3086210742852358,0.9056464086110411
0.0,-5.317702272622593,-1.2507616450491972
0.0,-3.101806033672326,0.5652292089515565
0.0,-4.922247084561975,0.7052709149345098
0.0,-6.134597060063268,1.0811940045054618
0.0,-6.058477274797611,-1.5956142703332243
0.0,-5.385636240142917,0.696731131310121
0.0,-3.903062447280129,0.5311639483179944
0.0,-5.11257929099535,-0.35533685270787535
0.0,-5.155638991909386,1.0414775302462722
0.0,-3.6125680299080254,-0.4686830117824361
0.0,-3.3657684853969547,-0.7440310764194387
0.0,-6.632851720855915,2.616695663624244
0.0,-5.805030001939933,-0.7546358507859797
0.0,-6.517439876376486,-1.5128902020323867
0.0,-2.471974803170278,-1.2576483031367458
0.0,-5.016066426520826,-0.6227490696513563
0.0,-4.18425202189421,-1.8834999327228363
0.0,-5.419532901211151,-0.9765212325922145
0.0,-2.6746089870726473,-1.1812367628937392
0.0,-5.685806997818141,0.02780119126458114
0.0,-2.8301591476128602,-0.8751567707506988
0.0,-1.8319494243178713,0.28566306416230897
0.0,-3.4663187603741124,-1.2780960021144299
0.0,-5.94033313616573,-1.5727427591346188
0.0,-4.7204362241788616,-1.6311698064112432
0.0,-4.721619453573691,-0.19956686635534868
0.0,-3.0662562447758264,0.37389549754751156
0.0,-4.935636926067813,-0.6741882432106224
0.0,-5.280762791976589,-0.42378786208768643
0.0,-4.567431137747729,-0.9703899920947511
0.0,-4.452837897317192,0.7790800969231367
0.0,-6.1363801357544805,-0.6562195636167676
0.0,-2.822033834505141,-0.2522474190640534
0.0,-5.3450297309174815,-0.97836120318042
0.0,-6.022764580512004,-0.33298861271856833
0.0,-5.503490724668436,0.027136154227373307
0.0,-3.1112533187237,0.05994637848810279
0.0,-4.690736855490598,-1.2726133384838851
0.0,-6.929558212182488,-1.5689643144286816
0.0,-4.423034706440911,0.797293500835592
0.0,-7.189149531124566,0.935483520487211
0.0,-5.6193195534984985,-1.793103442578125
0.0,-3.2336741037176457,-1.4486882251582855
0.0,-4.7422831947830035,0.2461990124139213
0.0,-4.3663885986191255,-0.8341520338817258
0.0,-6.061117582375335,-0.5226653783397057
0.0,-6.542068878073598,0.558435722210434
0.0,-3.6680992685740126,1.325212220198485
0.0,-6.105308924615536,3.6026772341869204
0.0,-4.585319348114793,1.0299202865732056
0.0,-4.214395781756976,-1.7936006343069788
0.0,-5.280263130182602,-1.1005065797676323
0.0,-7.360984957102986,1.0363357712179264
0.0,-3.284352036916673,-0.03826862895073261
0.0,-5.645465927022067,2.523038150290415
0.0,-6.652002288007699,3.0833520538366437
0.0,-3.665617123837239,-0.0939421977574303
0.0,-5.743070339057669,0.5533520478160635
0.0,-3.384666555754876,-0.20080723114594407
0.0,-4.522733693699958,0.2774436260030592
0.0,-5.808487802107692,-0.04262388455603471
0.0,-5.984667348315317,-0.6653358933656127
0.0,-3.1265862794669856,-1.0383365599107406
0.0,-4.617732996246768,-1.218656023704779
0.0,-3.6641747643862232,-0.8279778459021172
0.0,-5.605787032525957,-0.8005381302867175
0.0,-6.2367726035214375,0.09628389958197818
0.0,-4.383566268399909,3.309869369791374
0.0,-4.043128979762728,1.2767386732918677
0.0,-4.099430999464493,-1.8266761348767941
0.0,-4.7174588924798195,-0.9896044291761398
0.0,-4.579715443049295,-0.14704755432298805
0.0,-7.515432879003713,1.1626805245207321
0.0,-4.502725614437242,-0.1684709842837919
0.0,-6.554627841546566,2.1085910701855743
0.0,-6.89771729247477,3.3828936172829507
0.0,-3.666560671233184,-0.6118225490355711
0.0,-5.3785199674457544,-0.2456321559712141
0.0,-3.042243123860425,-0.6753654809402974
0.0,-5.113584943109017,-0.7799789512755968
0.0,-6.8864353923030395,1.432713698480319
0.0,-6.354048152700277,-2.4511205488927166
0.0,-5.209322848171694,1.6658644963504146
0.0,-4.323699064139979,-0.27767437068714673
0.0,-4.768886397717703,0.016464449686098993
0.0,-4.504683702699877,1.3901401658492882
0.0,-5.1573259310877955,-0.39288438629884603
0.0,-4.25311349838062,-0.7899121485388179
0.0,-6.0259624291261895,1.391055474004644
0.0,-6.458330067140147,-1.7848616593417415
0.0,-6.0759105663058035,-1.3663152217145356
0.0,-6.402071923954951,-1.0253590220952429
0.0,-3.5926685603831205,-0.08503845972329438
0.0,-3.5185842670163034,-1.102455083038577
0.0,-5.1778352950577835,-1.1868832189266152
0.0,-2.3238410893229684,-0.7556131147956409
0.0,-5.701733407094825,0.7966591976463758
0.0,-4.560143280664444,-0.2710158699655966
0.0,-3.220109844835076,-0.9834114344863666
0.0,-3.784763675027342,-1.6826445522165825
0.0,-5.95638867470607,-1.4101562250201691
0.0,-5.580111443891464,-0.8317773427092414
0.0,-4.399035399878238,-0.6568221043972199
0.0,-2.547763358698767,1.6260084387959661
0.0,-4.901479418447315,-0.96043805699551
0.0,-3.571365448551653,0.32130083322138936
0.0,-5.992924356016207,-1.6572835965520134
0.0,-5.8762410207613565,-0.4351542832327186
0.0,-5.298095022404898,-0.6394652309663007
0.0,-2.719783462029256,-0.5398192331629029
0.0,-3.5947364149587124,1.1583821236017486
0.0,-5.483888113425378,-0.09232923947862176
0.0,-4.117317733217452,0.4785345980506515
0.0,-1.4138622557643161,1.2022856096005705
0.0,-1.8899139512277834,-0.707685502505381
0.0,-6.432238732834366,-1.3457558492240234
0.0,-5.8108459332522635,-0.3074181985711677
0.0,-7.2855027345923915,-1.5432049771038965
0.0,-5.674267499289153,-0.5300945888068427
0.0,-5.814875923475641,-0.9165959473368905
0.0,-4.862626314136891,0.2535976796299339
0.0,-5.748064743399951,-0.5107530803527907
0.0,-5.303515876038047,-1.5717738313559695
0.0,-3.987751065849217,0.515932621541527
0.0,-4.2181526546519645,-0.8816519126664627
0.0,-5.871351919971083,-2.353660588637931
0.0,-3.8224479483412295,0.8205960911741124
0.0,-4.261493823820664,-1.1584958967290853
0.0,-4.806147927398432,0.8590976711242538
0.0,-2.7203881382040835,-0.15774804027337258
0.0,-3.5105688903100276,-0.2390574469958931
0.0,-5.412333857150317,-1.9235625362164324
0.0,-3.2737185951099397,-2.4170307318965176
0.0,-4.085687774034887,-1.6378232770380523
0.0,-5.7955748010411785,0.2601896554822141
0.0,-5.754546324373333,-2.2504854422222027
0.0,-5.295958629360358,-1.5914512011349646
0.0,-5.623141773086512,1.5613716137289175
0.0,-5.209946981657883,-0.9586533185874601
0.0,-4.711082046992063,0.33249471318562845
0.0,-4.72201572685122,0.5074338733348059
0.0,-5.922248369923365,-0.5366853566354798
0.0,-5.767768162082627,-0.23145520366319045
0.0,-5.324716987447017,1.1834319760034522
0.0,-5.093578519400702,0.5999441024810952
0.0,-4.962674472112696,0.2696529622855196
0.0,-5.972750334929813,-0.2953798080530241
0.0,-6.760853345944398,0.9924024905678287
0.0,-4.0422090169005385,-0.6638289895423666
0.0,-6.9951983666480535,0.289258553448489
0.0,-7.218588932188801,-1.133705438322907
0.0,-6.0167042225856235,-1.7700133726643956
0.0,-6.473532479255542,0.7371498478791518
0.0,-5.393106923585675,1.6328476657620117
0.0,-4.282877987531303,-0.6868407492217058
0.0,-6.1679858842115785,-0.5774636178361512
0.0,-6.892094573942899,-0.25545415772224495
0.0,-5.922796114374974,-0.7959043254902134
0.0,-4.475971044559098,0.3484212095735042
0.0,-4.174985120607566,-0.7205195662114634
0.0,-1.2006679580504902,0.6733982766116481
0.0,-1.344492018607222,-1.4904342449712293
0.0,-5.112465595781853,0.6140742045950406
0.0,-6.128937896213417,-0.15181575973685413
0.0,-3.229830913851019,-1.3723871154580376
0.0,-3.1502267513330247,0.45940929161685395
0.0,-5.130365524924864,-2.4877314063874723
0.0,-4.697199061442217,-1.1663533645132582
0.0,-2.834199468644431,-1.705019997065338
0.0,-5.086408659700072,0.691068296808323
0.0,-7.051768288291444,-0.5215857349320772
0.0,-4.163439624784594,-0.6578235068258129
0.0,-4.0091203132148365,-0.9370113086292455
0.0,-4.712994057433128,0.554396267748401
0.0,-2.2467604913428114,-0.40913247321980445
0.0,-1.9663360576613507,-0.8691264256212854
0.0,-5.521275871224092,-0.05633372708941145
0.0,-4.91969859970606,0.19041178914089016
0.0,-5.533501618983404,0.6982585188140462
0.0,-5.106203096649386,0.7436027161301535
0.0,-5.893844487041537,-0.5804260735589675
0.0,-4.592277250446412,-0.29177127951707493
0.0,-5.703700235536514,0.2216943223671213
0.0,-6.982052975848204,-0.3461142905317634
0.0,-4.9425384358612865,-1.5682899865032671
0.0,-5.538840932301225,1.132136755140183
0.0,-2.3481151501973465,-1.6197232489839153
0.0,-4.197617757802622,-0.6680207015573916
0.0,-3.3691659892440766,-1.7895572885512492
0.0,-2.218864094407191,-0.5863051986197121
0.0,-2.3831550620327486,-1.4501918482631035
0.0,-6.218708095169266,-2.1009073082739818
0.0,-5.8452828685046905,1.0085422236955595
0.0,-4.579195078737047,0.33167391781419053
0.0,-5.399848828260141,-1.4198552912615692
0.0,-3.20616877847759,-1.209818875006603
0.0,-4.100998594961831,0.16375766310750503
0.0,-4.467217230245161,-0.9132780956912424
0.0,-5.153539244995473,-0.5442573078907603
0.0,-5.358112220174913,-1.258140549576646
0.0,-3.315553760918514,-0.433034580936006
0.0,-3.34143765249301,-0.7290514859477074
0.0,-4.528636238678166,-2.027511512949697
0.0,-4.093550602958728,0.5487959476679942
0.0,-5.116497450674372,-0.8371456213405528
0.0,-5.056498147907335,1.2846463222613929
0.0,-5.112847852923588,0.4859356269020325
0.0,-4.69559424019954,-0.08400194664898411
0.0,-4.969890055905652,-2.2669093957405844
0.0,-6.880994935927542,-0.4926284089630564
0.0,-5.6056243708975595,-0.6818894023958941
0.0,-3.5917935237048573,-0.21114187349407293
0.0,-6.0860338158848,-1.8953176677617412
0.0,-4.6801779817783915,-0.1510499549091575
0.0,-3.433995998195745,-0.4025887041928701
0.0,-6.709219494346983,-1.5321497231539336
0.0,-4.567468517097327,-0.12851380794171793
0.0,-4.338196879003368,-0.27075587966762865
0.0,-4.937645957369574,0.8986218705976972
0.0,-5.785894818669258,-1.4396482295474324
0.0,-6.118051686693709,0.7961806114056876
0.0,-3.849746194497515,0.555140621013168
0.0,-4.883321665879328,-1.3246748810057207
0.0,-5.596964387784707,0.7907845172942572
0.0,-5.00306303177014,-1.8743481791692451
0.0,-6.87749731866128,-1.0204118227197563
0.0,-6.369960706273543,-0.5874275760163074
0.0,-3.376325755063566,-1.0747059762467082
0.0,-4.553381100156634,-0.7654141447363603
0.0,-5.378954632479808,0.8220302882217669
0.0,-5.345418933399935,-1.8787317779745296
0.0,-3.140826979496353,0.34261137763218524
0.0,-4.275186107112317,0.04695029871414002
0.0,-4.569153203540874,-0.9971309429691564
0.0,-4.731699701018162,-0.1749090117448888
0.0,-4.554296085526071,-0.6380161540612779
0.0,-5.2475432343530395,0.6214126408793553
0.0,-1.6444080848233251,-1.0905419407405745
0.0,-1.2307159726431882,-1.6688636599376432
0.0,-2.485504954239433,-0.6865221846505183
0.0,-4.899579489890146,-1.0294235885661822
0.0,-2.0473167790194,-1.695892072333975
0.0,-2.2925577043200613,-1.0021104161046053
0.0,-5.4687282946293925,0.5574540291495501
0.0,-3.6072410773570396,-0.2144914833091618
0.0,-4.222059712453526,-0.3057163341779169
0.0,-5.817997944055806,-0.7075769236773214
0.0,-5.698521575522802,-0.3333982473056515
0.0,-5.747334824496244,-1.9491879191304853
0.0,-4.230821610153165,0.13698697729509263
0.0,-5.194959875543554,0.05118484662975888
0.0,-4.010807057292714,-2.8171068406918947
0.0,-2.097908192049939,-0.5463606759797722
0.0,-6.642895925234044,-0.8109274093545692
0.0,-4.495495771580492,1.0890291468706597
0.0,-5.664735250416046,1.9241101717178857
0.0,-5.848461582483295,-0.502481383727991
0.0,-5.82973545104031,0.8243640715224871
0.0,-7.610502593618022,-0.9463619193746103
0.0,-4.977892212709526,0.8381898135889606
0.0,-8.91191023343845,-0.5337187270233877
0.0,-5.250500394586256,-0.22583099527815792
0.0,-6.114370395870235,-0.34043140806765887
0.0,-4.1043618648007145,1.0414790327095327
0.0,-4.896481868520553,-0.0898032790097702
0.0,-7.068058778831952,-2.2986671938688543
0.0,-3.708283473313016,-1.7075850613135959
0.0,-3.6056652179662714,-1.1799033780636257
0.0,-6.218723165182777,1.5470843620483536
1.0,3.0143137437050154,-0.00859399513557025
1.0,3.2094485644404807,-0.2301157279052267
1.0,2.6018611963717673,-0.09562842640083756
1.0,2.6709067797329094,0.17298883606919993
1.0,2.1602414215044567,-0.09743587994982267
1.0,1.5173460267911996,-0.5475541930717523
1.0,2.0141265542721354,-0.7886443887612405
1.0,3.660350136900499,0.40934143053654143
1.0,3.3515448191320316,-0.20320145068296913
1.0,2.9568387485184973,0.29869534818837284
1.0,1.8057423542280933,-0.5416470568734143
1.0,2.173160213128395,0.5651741154141507
1.0,2.054740660106952,-0.14852301785857233
1.0,2.118516003621122,1.2892271544550549
1.0,3.2562528107334674,0.2252154550465806
1.0,2.5987440825060624,-0.3393600219686987
1.0,2.8565903070923575,-0.42259198354197836
1.0,1.8758710718123923,0.3742566895058792
1.0,2.4252222137939903,-0.5020181288047215
1.0,2.1314493063907833,0.7724826689295706
1.0,1.4528393298099764,1.2203956810793255
1.0,2.72428917437383,0.09175433625363903
1.0,2.2100508700513553,-0.10155487041584324
1.0,2.168754724048133,-0.1315222137271458
1.0,2.734975395665585,1.1596912646247055
1.0,1.6960704401523161,1.53868826381048
1.0,2.398970172658738,-0.5279823183563409
1.0,1.8627909919620922,0.5682303122409548
1.0,2.1444016025862447,-0.28596280184441575
1.0,2.0539621936797205,0.020872398288443842
1.0,2.2235635764531465,0.09239279165109031
1.0,2.965911596752862,1.7181422420621406
1.0,1.1192646678351859,-0.2576455191395989
1.0,0.9940985147935217,-0.5381554810766894
1.0,2.02974791195578,-0.2977850244449203
1.0,3.035461739485378,-0.3828921926845672
1.0,0.9466892619348384,0.46402761116502433
1.0,0.703310421873984,-0.5754258106693656
1.0,3.8661160055667723,-0.3337449856359128
1.0,2.189037731463492,0.14650079353374545
1.0,2.242941794704959,-0.47806447236871236
1.0,2.3055708982664145,0.019190309666475926
1.0,2.047096996170364,-0.35601936332060363
1.0,-0.17603170274689453,0.005093632543332472
1.0,1.2453444754185343,-0.8061974583050323
1.0,2.5884511611637233,-0.34736817536323944
1.0,2.725784055893505,-0.18476903670350586
1.0,3.189861971101434,-0.6462460347059442
1.0,2.5600268204316996,0.23605434140393322
1.0,1.8892821905271788,-0.4693165589955265
1.0,2.2948545230861077,-0.43094718675524635
1.0,3.257311048479987,0.4424938983779949
1.0,2.9632529912289085,0.0010466132276793487
1.0,2.8216754069236036,0.17122539224340302
1.0,2.2184546266861807,-0.32492209594005794
1.0,3.256776558582366,-0.14221444953628062
1.0,1.7076274539575338,-0.1905969784522312
1.0,2.070196922703882,-0.5592157165228949
1.0,2.249518951367159,-0.9205543066388859
1.0,1.573436258420717,-0.4590844138695759
1.0,1.9590543597002466,0.4555008989495905
1.0,2.996985871767823,-0.12854424935948652
1.0,3.513535515157596,0.8971546235896798
1.0,2.541057749776263,0.058574784310629666
1.0,2.589030729567523,1.2116339141689867
1.0,2.6843539576388973,-0.10011946695776612
1.0,3.239018463962723,0.6354774954165593
1.0,1.3408479396594362,0.13580173905999285
1.0,1.945534217163467,0.020413391399555468
1.0,2.4404757934251595,-0.5132838084232695
1.0,2.833730544916055,-0.788162558464618
1.0,3.656697840451586,1.8257944442233158
1.0,3.182522679847791,-0.5343627780058674
1.0,3.859044640891768,0.9786986164828371
1.0,1.879400514200822,-0.08385207087044295
1.0,3.3273873677424963,-0.041228397837734694
1.0,2.619038142377884,0.1437382253876878
1.0,2.64947199847869,-0.4097460731304919
1.0,1.728783047858907,-0.41079034460135827
1.0,2.178895812704215,-0.5045189039971614
1.0,2.3204237331253834,-0.21830666242507193
1.0,2.2993932798471235,-0.13848243860303652
1.0,3.07882712484051,0.6778413271964978
1.0,1.7159247123891064,-0.12177665574315949
1.0,2.1488997387502513,-0.3797594620817882
1.0,2.548245884464337,-0.2714185988125873
1.0,2.017001206440667,0.13572816358875997
1.0,2.2703066479097354,-0.034939722529088856
1.0,2.427044399397829,0.08999494393832037
1.0,1.2787363494880546,0.04115223655149589
1.0,2.9192845597276644,0.3953021330079165
1.0,1.2648047318162854,-0.10650606173435313
1.0,1.451134609157372,-0.06045728166284977
1.0,-0.35206687447581486,0.06057226699569483
1.0,1.3414549189571274,0.11396289557169594
1.0,2.46235577647195,-0.7632160375577653
1.0,2.1050642356541003,-0.9220070639016507
1.0,1.5128666830623023,-0.5293355746296574
1.0,2.443546638875253,0.3119444907564302
1.0,1.2947152914652575,0.05002541459500885
1.0,1.3374536315126755,0.5297312442078967
1.0,2.179914806109533,0.05315545708791059
1.0,1.3377736142396892,-0.06049200654150842
1.0,2.383281487184876,-0.4101071741312523
1.0,2.510301398665743,0.09270711251388876
1.0,2.488609119588793,-0.7311925731592436
1.0,1.7590962816769053,0.056595824483535014
1.0,2.311198015232974,-0.19561866314489745
1.0,2.6950337479605917,0.4640950086288458
1.0,2.167983309088149,0.04616348977656421
1.0,1.1953313653146078,0.2521763438273359
1.0,2.2749819942698095,0.9654417461064457
1.0,2.183552753480498,-0.3210522577547015
1.0,-0.40761565477550443,-0.5735699100509242
1.0,1.6125290117597004,-0.6468521740112618
1.0,3.2267232287699525,0.06742913672871216
1.0,2.38568762084118,0.9457482470419768
1.0,1.1767601214512702,0.9472290785301107
1.0,2.042238900868988,-0.5888743199637207
1.0,2.078276248477194,-0.15439033081431355
1.0,1.5838359568547893,1.1996789104278143
1.0,1.3694442581179609,2.348215410604752
1.0,2.6533788145177226,-0.04589680389767936
1.0,2.4857590109765506,-0.020596846596739368
1.0,3.239541110346842,0.9647431940693293
1.0,2.7198494016637933,0.25363488285507324
1.0,2.2071597211026366,-0.2783336272801907
1.0,2.4114999797805465,-0.08287183718758033
1.0,2.251200710958403,1.8115425521933548
1.0,3.145210358553243,-0.4605221239512281
1.0,2.35240389597006,-0.48931758693799515
1.0,2.461369865621144,-0.7561122277801363
1.0,3.018630323547154,0.23505475156689232
1.0,1.1028044531964711,-0.3730071926251674
1.0,3.6502647213423223,-0.3307759976353487
1.0,2.295904968496146,-0.7892459498658368
1.0,1.8712209886873807,-0.3083742700498592
1.0,2.4125516099849125,0.6470408927096027
1.0,2.409446928496336,-0.22552905033310705
1.0,3.034671786157121,0.049624217690952564
1.0,2.177740783588948,-0.5718331811831848
1.0,2.8196830060419997,-0.675471287229532
1.0,2.527230035272049,-0.48540529949906674
1.0,3.297751900630869,-0.1233859905473177
1.0,1.5243759618192754,0.05896005533700928
1.0,0.3717068474826089,-0.4380692753672012
1.0,2.043824212179415,-0.5763415951036853
1.0,2.75028423889197,-0.39637430291717635
1.0,2.551758425784245,0.16741649538674852
1.0,2.545091873534385,-0.5300643995128259
1.0,3.0721981836129384,0.13874757479044497
1.0,2.8802352786504124,0.9046522238463441
1.0,2.018272287641269,-0.48320375227663614
1.0,2.753691032637855,-0.42835273602504187
1.0,1.9140058205546002,-0.22603899109401887
1.0,2.8464381680834627,-0.2747631435932405
1.0,0.760743977403297,-0.27571115126367746
1.0,2.283215230916035,-0.2843340798389169
1.0,3.450043422867393,-1.1442705928265613
1.0,1.1863269259085423,1.3537558710015558
1.0,1.3999937924029875,-0.5591832970456238
1.0,1.2588748599194868,1.1347218166899093
1.0,1.5763072588689224,-0.6122046842149144
1.0,2.8529120008768474,-0.7836523269961666
1.0,3.14675194198887,-0.4914369005025405
1.0,4.37694567331404,-0.491525553818643
1.0,2.1802546083613987,-0.6773200195128574
1.0,3.283720965545563,-2.1855520222278133
1.0,3.1817006563293204,-0.021404462516142957
1.0,2.9395036412223936,-1.4575224173073267
1.0,2.0309988836894606,-0.8674676781309798
1.0,3.5387428959378666,-2.922610180513305
1.0,3.0654120534005203,-0.22947253085841451
1.0,3.6890470798404174,-2.1713525633877815
1.0,4.53745948741114,-0.5704777468232255
1.0,2.529878685734943,-0.7558938561793183
1.0,2.10522181481407,-0.9062392860324477
1.0,2.5546222780353127,-0.5621741190200334
1.0,1.3801943302909923,-0.49528476037853997
1.0,2.5197609807053105,-0.13376754384859335
1.0,3.2165621450754625,-0.8182513321145398
1.0,1.0709851024983865,-0.8556656902657821
1.0,2.1448581169440417,-0.9814899206795731
1.0,-0.29054821407802034,-1.065650627156257
1.0,2.180254271078597,-0.34480818429645527
1.0,1.5065107894013496,0.6639747278778405
1.0,3.3660229995525923,0.09634941762767131
1.0,2.010349932764082,-0.5768037637548613
1.0,2.584831790386831,0.35467824951363675
1.0,3.0268903854336147,-0.49134533428525373
1.0,1.1231265316046883,0.30053473335390934
1.0,2.255585255823613,-0.9809135528150101
1.0,1.3230820260602716,-2.497916525022821
1.0,1.0881553801693946,-1.4341603928616553
1.0,2.19978251885212,-0.500002912405772
1.0,0.7822186812465058,-0.7747497427757062
1.0,3.0395571486711495,-0.9813663168384121
1.0,1.7939522737749674,0.26079323718016095
1.0,2.0867655363095894,-0.9427170071980588
1.0,2.0056675107096855,-0.7057571449100852
1.0,2.398837918386259,-0.6710234375290356
1.0,1.851129978080321,-0.5754506252405849
1.0,0.7480782021961229,-0.6752996128276345
1.0,2.0034210403882073,1.5018082046944194
1.0,2.213644359676108,-0.146805640319899
1.0,1.464117552624939,0.5618460303404741
1.0,2.759155606284446,-0.055600815111954784
1.0,3.1109639628910273,-0.8006632272333372
1.0,2.7725738847488453,0.15580435068737636
1.0,2.4882219503109066,-0.8383032384127158
1.0,1.543153864120923,0.1250923803408656
1.0,3.359329338641817,-0.24750384974253606
1.0,3.5020002087550726,-0.9995337912498797
1.0,1.867188372664845,-0.04475667440775452
1.0,2.3439388472144573,-0.8268065756013645
1.0,2.9956638447373503,-2.3746442740080043
1.0,1.5058281709663004,0.6033464248110674
1.0,2.3664228887973153,-0.43595798267717173
1.0,1.764443894038917,0.14000313072803194
1.0,2.201365690889658,-0.3452256521838755
1.0,3.240051179011975,-1.3839175339433953
1.0,3.7179531541319677,-2.074282076698339
1.0,3.761484866335756,-1.0735086835979255
1.0,2.394692692717116,-0.32600280335537557
1.0,1.984796685870112,0.00012752448698366174
1.0,3.1277845966818467,0.2811676026083495
1.0,2.763314069711602,0.017463153555159854
1.0,2.210807122618264,-1.7367716290765107
1.0,3.0674428392695243,-1.0656932519308997
1.0,2.5117762818792744,-0.7942395118026359
1.0,3.444513264306271,-0.6954807170036111
1.0,3.768456469896817,-0.7024183628874102
1.0,2.8238635573724586,-1.0716540943184343
1.0,1.9823889144310984,-0.733291824868618
1.0,2.013678900666632,-0.8548352085166738
1.0,2.647774404151398,-0.6067400149645669
1.0,0.9452485820789689,-0.8899861819910783
1.0,1.9060347224833862,0.89426750651621
1.0,1.9766530427203055,-0.32867177276434195
1.0,2.0359021593764166,-0.12185281428128261
1.0,0.29586503077981857,-0.0431252308487086
1.0,2.124660909041002,-0.4575164755509312
1.0,2.1489910045215153,1.0077470989800654
1.0,3.1407531319378346,-0.31465859442508076
1.0,1.3769924663456452,-0.9549619187198389
1.0,2.262060742945806,1.7374848206007618
1.0,3.544343584679884,-0.5995264129591554
1.0,2.125181648543221,-0.38264270239559767
1.0,1.6105970884825715,-0.05687347110785111
1.0,1.9620740847555298,-0.5374236050004877
1.0,2.3860361795156972,-0.6844507510492924
1.0,3.332335652074289,-0.2841727024064691
1.0,1.4115971630591908,-0.531538616680877
1.0,1.6322909029564006,-0.402398145731478
1.0,2.3255848306407447,-1.120233828342243
1.0,2.4446439025319266,0.638909780118281
1.0,2.1401427878534953,-1.259214555193545
1.0,3.6690704713662323,-1.084711769045019
1.0,1.7342069105107705,-0.20357548519621343
1.0,2.0135401633604944,0.273899602782034
1.0,1.2409440884752472,-1.5656806604916782
1.0,2.469124994650327,-0.010778791068982736
1.0,1.4813298760449016,-0.3034842526693888
1.0,3.055699662595784,0.19596639178637348
1.0,2.031380353367002,-0.5346425906320579
1.0,1.9746905797896197,0.762625727587984
1.0,2.156054802843372,-0.6251732207821526
1.0,1.4568947536534138,-0.4904996107801763
1.0,3.2525935744547256,-0.33208633438356605
1.0,1.6456729572959008,-1.054733329828448
1.0,2.8610123907581535,-0.9580922153602444
1.0,2.636545843887033,-1.73879004446958
1.0,0.7220917612814143,-0.987926613115441
1.0,2.058255701357394,-1.9695880038938869
1.0,1.470433166173835,-1.3459890504361756
1.0,2.649712032726834,0.240694972788971
1.0,2.6243022226415045,-0.8985673638212663
1.0,2.979272833948244,-0.8352781403226086
1.0,1.2446409440091735,0.01748721250175087
1.0,1.3717299581308644,-0.9260033978653576
1.0,1.7268298960167623,-0.5022467273390978
1.0,2.939908987094305,-0.48919520354442025
1.0,1.950269993039057,0.297077749625722
1.0,2.7984083370586283,-1.3779060966493049
1.0,3.7598598849952185,-1.0919688496033801
1.0,2.7250293067985805,-1.296584465999663
1.0,3.2379163930707904,-2.1669537257621854
1.0,1.9017097259704732,0.7331630268616511
1.0,3.201704820349893,-1.5921769628225453
1.0,4.303127943119685,-0.5058326388955784
1.0,2.5109488594975815,-1.98616317084844
1.0,3.2153067592083477,-0.8195039694669684
1.0,2.72722153155274,-0.573909829461899
1.0,2.4918717126519234,-1.080941575018675
1.0,2.2006944411834284,-0.547561585878212
1.0,1.7119321528922509,-1.022466813891324
1.0,1.2663053895051477,-0.8483659926749969
1.0,3.513054570571218,-0.7242441690084015
1.0,2.1703048766311945,-0.737801690543538
1.0,3.405148280907036,0.6959005039115876
1.0,2.575886873302703,0.006533655752605774
1.0,1.9985213173431917,-2.520737361847575
1.0,2.6117931949403195,-0.3695665503134935
1.0,2.6809735503441856,0.45918586058673816
1.0,2.907893679488154,-0.7936770885217467
1.0,3.537044022376426,0.6158491459256761
1.0,2.2139471099950536,-1.0439677397715597
1.0,2.975063482102034,-1.7836719287764722
1.0,1.9072224445717727,-1.3561195296990078
1.0,2.670759270910946,-0.07789392697229626
1.0,1.9152588667328017,-0.9755284436534609
1.0,3.2382908192286184,-0.21561789717207502
1.0,3.7990881149324713,-1.0299258038547687
1.0,3.8412473425976636,-0.3951857286771791
1.0,3.3727158096831302,-1.323041891814514
1.0,2.721140419568873,-0.940637238708156
1.0,1.6063719897892939,-1.9275588416340332
1.0,2.679062931977742,-0.48687224813570806
1.0,3.424295205463632,-2.239274703979797
1.0,3.9283684633944627,-0.7314457358755379
1.0,2.8643867153269826,-0.681558745307981
1.0,2.246835478260083,-0.6509749488989997
1.0,3.2397761819691113,-0.7822791858865126
1.0,3.2198241952820013,-0.8381458717258913
1.0,3.665962862034419,-1.2429735420560748
1.0,2.983054935881552,-1.2917346048199316
1.0,3.169679362629801,-1.2309849322092086
1.0,3.846988105898525,-0.7433759980084195
1.0,2.9406871589334185,-1.124509215379808
1.0,1.9978394120398495,-1.342917241408158
1.0,1.6145540799859783,-1.946161736875946
1.0,2.2328938590205905,-0.805972204323968
1.0,2.2101595111481935,-0.5853365303799247
1.0,3.3589523647070694,-1.6993407618303
1.0,2.378296087869318,-0.6520824098270205
1.0,1.4939066895556712,-1.3883492390307017
1.0,1.4298636109858958,-0.21232980052500866
1.0,2.8215154237212072,-0.9345537654915694
1.0,3.417425516407811,-1.044966827009745
1.0,3.241181523839915,-0.3262172406096481
1.0,2.330963088529664,-0.8016838388983151
1.0,1.9849703957669433,-1.1575031053483553
1.0,2.335918075290409,0.06142638104823394
1.0,3.3663276186685214,-1.3185889954674672
1.0,2.634945720644291,-1.2874099615976622
1.0,2.4792611787224565,-0.1827622013042625
1.0,2.123848084524076,-0.8862060653289502
1.0,3.055957878219959,-1.286896380921223
1.0,2.621097369577537,-0.4755118949144734
1.0,1.4064379346116282,-0.6149170034111767
1.0,3.110299021076837,-0.5022295721364974
1.0,2.1099743000095557,-0.7511034500242868
1.0,1.871410467704287,-0.6435890647138733
1.0,3.3016307550071446,-0.5073387939227182
1.0,2.5998422113063397,-0.2155975984251416
1.0,2.4519582504198825,-0.2370187048510159
1.0,2.7322346706138854,-1.8734537344031392
1.0,2.9022349891279027,-1.581996979115057
1.0,2.088397493491995,-1.1499105999236525
1.0,2.189302245215337,-0.8340492643987527
1.0,3.600327506105714,0.019546272178996925
1.0,3.690000118600035,-0.3254363577278237
1.0,3.597744979907448,0.17031287974637496
1.0,1.7102388356738962,-0.04677791591627781
1.0,2.944054365124687,0.6997202812031872
1.0,3.1185709458970132,-0.590641242123527
1.0,2.9040385978358683,-2.837370481362844
1.0,3.6110085329505854,-0.35360851284574946
1.0,3.5076924420002262,-0.5362411056788171
1.0,3.3514789196862527,-0.03872465950964035
1.0,1.4576615477215997,-1.2834375809304197
1.0,2.944699410948599,-1.5637268388375545
1.0,2.2058584643373176,-0.6876183840239707
1.0,1.83914922370939,-2.491427224429457
1.0,2.2986235033352713,-1.9315378881649496
1.0,3.0802373754840557,-1.132089904229516
1.0,3.5019254521589693,-1.6734434381786263
1.0,3.24964089056288,-1.43908091397907
1.0,0.47355851359801693,0.09986988907789417
1.0,3.0915045724651424,-0.22756069474003804
1.0,3.103083440394338,-1.3751939202196457
1.0,3.621622854478508,-0.011895501700396835
1.0,3.5831086421768488,0.23528680086954934
1.0,1.9615699135926319,-0.7369635889646454
1.0,3.5638628566882975,0.45976297110548614
1.0,2.2947912150460663,-0.22999636273513235
1.0,1.9204222956617978,-2.224503240778578
1.0,2.045808724838867,0.10706568003000208
1.0,2.103185055623774,-1.1921044808892465
1.0,1.2116041964064463,-1.1905440574211483
1.0,2.7393577204545,-1.6439597319590995
1.0,2.833222867749939,0.2851780967287254
1.0,2.490055755871035,-0.3294783318539605
1.0,2.0324776710667587,-1.9683409044763078
1.0,2.5807946383497304,-1.3880156880758898
1.0,2.660403907589864,-1.1065220494316403
1.0,3.568621341359401,-0.509751754229771
1.0,2.2725504447603004,-0.8990275414094011
1.0,2.6090622252974844,-1.3762904780421066
1.0,2.8641328996064304,-1.1103959719412126
1.0,2.465928905613906,-1.125178212427796
1.0,3.275424563663691,-1.4133010834078912
1.0,2.823345788266565,-0.5631665783176961
1.0,3.8799287118554235,-1.0205765284330108
1.0,3.4550751612790975,-1.013811821622158
1.0,3.492296762432523,-1.3666732965040935
1.0,2.2275228686149657,-0.890227145272849
1.0,2.6941026653263,-0.7357672349032771
1.0,2.5219723621148455,-0.14245701139943082
1.0,2.3887124266104753,-1.2408240932390064
1.0,2.7695591121256946,-0.6008740679700814
1.0,2.7539737890912,-0.7385178793303904
1.0,1.1229318123968821,-1.9177923146360922
1.0,2.2253597335485042,-1.0024075284229117
1.0,2.35859771048533,-1.0721572272755033
1.0,3.3096595123506383,-1.3283578142614343
1.0,3.227579777373114,-2.113351916269111
1.0,0.8502449966196901,-1.1976213781130114
1.0,2.5337387302424363,-0.4760109043071647
1.0,3.562810939485315,0.04771182166655612
1.0,3.0134401743343635,-0.0038958003147963327
1.0,1.4585865503480997,-0.8794325259735126
1.0,3.0248148972146462,0.44292874624228573
1.0,3.1925536124081413,-0.6233950369180654
1.0,3.0901732657797307,-0.4668319012269022
1.0,2.723785403919534,-2.3229997010179098
1.0,2.910847953892996,0.021580252449663728
1.0,3.1129973441952217,-1.0822568536249246
1.0,0.8870138790764102,-1.0193244828113506
1.0,3.291881345094592,-0.9266796594649772
1.0,3.5883630373603395,-0.4279314208704946
1.0,2.762628669210516,-1.6474141324775364
1.0,2.0385414711722625,-1.3634865842912691
1.0,3.1827939647823618,-1.1386053545437396
1.0,3.372730017997061,-0.2569917088307847
1.0,2.546089928464805,-1.0988791282627877
1.0,3.2887643762568017,-0.054724620408869655
1.0,3.9591466198879757,-1.1727507043285161
1.0,3.1473729752356765,-1.0211888040546422
1.0,2.763089016459996,-0.5908102831733707
1.0,3.6037295725523815,-1.2686531839894692
1.0,3.665879606776575,-1.0312954872114837
1.0,3.0472368060378656,0.04955249903222689
1.0,3.4785818830143045,-1.0301525974338377
1.0,2.6010808446754363,-1.1618792431152347
1.0,2.247776376711476,-1.2185938885360919
1.0,2.71818508628581,-0.7832171000291892
1.0,2.6284851096139215,-0.8689101754854097
1.0,2.405378308593617,-1.114412566671304
1.0,1.9828987735653094,-1.0436442991104111
1.0,2.1764752260490963,-0.7623980273172644
1.0,2.02297526410808,-0.9080944200698777
1.0,2.372140773961372,-0.737652344169791
1.0,3.41567004040391,-0.9682983831739918
1.0,3.305174467816087,-0.7019125803719357
1.0,2.076559122683455,0.08148236921078897
1.0,2.7872403507542427,-0.9825706313041053
1.0,2.5347828508894814,-0.7573413322879897
1.0,2.6974091966496156,-0.09075545035363307
1.0,3.9723367824991485,-1.007418485139707
1.0,2.021233744088848,-0.6967798669565797
1.0,3.6474075087230977,-0.8397370916432173
1.0,1.7054534132580736,-1.4158880693758862
1.0,2.0824535953844006,-0.8382656968909002
1.0,1.3777700909753692,-0.7787423920729754
1.0,3.285360566337294,-0.5644507150494413
1.0,2.3251177978233764,-1.1518806419509504
1.0,1.6953736960493735,-0.9996685294469534
2.0,2.3189206435680254,-0.9771945494108011
2.0,1.0223630878042287,-0.7693599953886847
2.0,0.9604398598374818,-0.14297474776028862
2.0,2.06893346522921,-0.9535297225095252
2.0,2.4084641760675076,-0.02131330111122926
2.0,0.38026833338506333,-0.006933410758456566
2.0,0.701091118170102,-0.7327228878887859
2.0,1.8451929827942826,0.7568720281884309
2.0,1.5992411108972564,-0.6898804673947047
2.0,2.0727562373353936,-1.156661470704073
2.0,1.1987189194355117,-0.4354495699818265
2.0,2.274770241288633,0.40737848948162064
2.0,1.5740588226207324,-0.013827594480501216
2.0,-0.5258768582334287,-0.0789713733430046
2.0,1.276675912469816,1.3356499981373604
2.0,1.6210224840651681,-0.5207742078476065
2.0,2.1615993820899018,-0.49377142024332155
2.0,1.265258008663995,-0.6271660783076536
2.0,1.8470135155988485,0.6373155656731458
2.0,2.84070837189159,0.027483090242468068
2.0,2.3401202997237442,0.13923649014657977
2.0,1.9163977173557607,1.13221325560756
2.0,3.0005127417552124,0.05718960465284443
2.0,1.027945753600597,-0.72468564858198
2.0,0.026402182226493737,-0.009009267139830985
2.0,1.1968120462303422,0.29251232816581246
2.0,1.6504877894419667,0.2150267161631576
2.0,2.3102237637919796,-0.7242053524490702
2.0,2.2916024267649924,-0.7316736314586197
2.0,1.3649946509367106,1.3589980191733564
2.0,2.1973190615959335,-1.4860098052100135
2.0,2.08662445054179,-0.6528540107743382
2.0,2.5302202539776117,-0.26433725147451
2.0,1.465569010825023,-0.5646011380644623
2.0,2.532028641540292,-0.9474595821290701
2.0,0.6374465549427307,0.5559958344191853
2.0,1.89561345602085,-2.5181829134026716
2.0,1.1661772447691052,-1.124706772784119
2.0,2.226922814215618,-1.5527098734090952
2.0,0.07050285051234949,-0.48644008648423104
2.0,0.7392284311852775,-1.041852996091753
2.0,-0.06876108720391537,-1.2209196689525434
2.0,1.8858700756429407,-0.2030252777182589
2.0,1.7262855009119473,-0.351241323533027
2.0,0.21625315987742183,-1.4550148785036856
2.0,1.8951176289945029,-0.3390882943281382
2.0,2.209751565038486,0.012473622210460111
2.0,2.2957768893103694,0.04529408315101241
2.0,1.0984839149132946,-0.5290361105881959
2.0,1.422505768781992,0.23877220693901863
2.0,0.4032720467237124,0.18398731307785127
2.0,2.113182063035494,-0.29313060088426435
2.0,1.371239072758753,0.0738966426719041
2.0,2.3931786440967633,-0.8697028604011038
2.0,2.7269528776232685,-0.7204888097081025
2.0,1.9335673866893575,0.3976897256822776
2.0,1.7104592632452518,-0.038782743462058795
2.0,1.8687268004377893,0.07198756907637399
2.0,0.7988325162796215,-0.2638165196203242
2.0,0.2118167813204907,-0.44287203878012665
2.0,0.9807616761314675,-0.308569587094882
2.0,1.0721813529412074,0.3108237645165471
2.0,1.8038571017692584,-0.13267743312889926
2.0,2.4834565708178977,0.08437113134879759
2.0,0.9939478735202019,-0.34318209379066933
2.0,1.5600044538497155,-0.04066267896476339
2.0,2.024624266046527,0.08414623817794598
2.0,2.3305083773158892,-0.15561909362974322
2.0,1.148325647588394,-0.3694431460449373
2.0,1.195505305792604,1.5177497292730069
2.0,1.7708235869242919,-1.2821946961385469
2.0,0.8488142862279305,0.3631454348615754
2.0,1.1707257063622771,-0.1131572207788115
2.0,1.0268147152972078,-0.7899442183382036
2.0,1.4300679890340988,-1.3094518354375064
2.0,1.4082702412035468,-0.18337784868430096
2.0,2.386045304961237,-0.9283659718951617
2.0,1.94613196515851,-1.3890800567067514
2.0,1.9086029576965917,-0.6662852117826344
2.0,0.7545002602447713,-0.21274543746692887
2.0,2.2861855373788296,-1.462517735116985
2.0,1.5880345556215982,-0.1804535466895645
2.0,0.42727371245873114,0.280485454853929
2.0,1.012733848324447,-0.09368326427900157
2.0,2.3321916580734934,0.1854455525513482
2.0,2.1909527725913374,-0.3371645143211418
2.0,1.968888583961505,-0.5458993752809015
2.0,1.29094251815248,-0.9808126782251452
2.0,2.607296420508491,-0.020378638831621013
2.0,1.3840904551695694,-0.775600222911262
2.0,2.4049064264755313,-0.4528529874637076
2.0,1.9130376531977211,0.1628145836235049
2.0,1.5944597438165973,-0.5142139474835363
2.0,2.790603919078999,-0.5344180903331556
2.0,0.984272620459371,-0.4455564333809997
2.0,2.480022289542885,0.7752001572795679
2.0,1.5530595179026003,0.37639993370123165
2.0,2.352043260269617,-0.6277060388985062
2.0,-0.0699037906485534,-0.47561368612649496
2.0,1.791950415023495,0.3048259792505905
2.0,2.2190034040976068,-0.34781540242570885
2.0,2.6455178935832677,0.9422755221287211
2.0,1.923607481773161,-0.3685762501388706
2.0,2.190263156370314,-0.7304613178610403
2.0,2.1196210281421455,-0.40272485102890143
2.0,1.9536291013107074,-0.7179785050910132
2.0,1.9291203514999031,-0.49494015376511796
2.0,1.9532339973759858,-0.1544209261610264
2.0,1.6302474367653683,0.16731036730241922
2.0,1.6775537876758762,0.5517118231883423
2.0,0.09646413817592943,0.13739830177570111
2.0,1.6132073710762846,-0.7037138470441285
2.0,2.296354494060744,0.47080777046779915
2.0,2.2110691148718797,-0.9195323422835667
2.0,1.4213337411444757,0.3518774949519617
2.0,2.4835134115373045,-0.03495761827598701
2.0,1.6610745809989418,-0.7463616530421405
2.0,2.0845573845799583,0.5079276449962924
2.0,-0.04099539567308556,0.32773647941746303
2.0,1.348593314818504,0.18821606347540507
2.0,2.25561382210477,0.13844737890601974
2.0,1.6374346048124544,0.3217812548547812
2.0,2.183102306222084,0.9503974448301445
2.0,3.4488907298383285,-0.8417598658190099
2.0,2.8867564576185814,0.5852725401186559
2.0,1.2464860586346627,-0.8130119026603817
2.0,0.4267153183583097,1.1886614432968736
2.0,2.306212862876502,-0.9313210177710477
2.0,2.2130859905852156,-1.2144796174876944
2.0,2.943791614571373,1.0698937249993312
2.0,2.079980645950118,-0.5592885812009021
2.0,3.092893627145278,-0.5780071381531777
2.0,1.3424316018202846,-0.6978721954354793
2.0,1.856935766603279,0.10595771999919139
2.0,2.2661048151094856,-2.504407271708944
2.0,1.2943720150001878,0.3125894618585549
2.0,0.5302681997862836,-1.161108924484557
2.0,1.3605759277942657,-0.42310072872367827
2.0,1.381876924946452,0.06835561403265777
2.0,1.2185306479304174,-0.5216238211452838
2.0,2.1442181554933324,-0.6216938232230642
2.0,1.8307473689191343,-0.6677159114132518
2.0,1.220189442389124,-1.351865533439114
2.0,1.895541673564104,-0.5229815279263204
2.0,1.9818947401933624,-0.4473948387884334
2.0,1.7659377335601136,-0.333748236835564
2.0,0.9835880703245442,-0.1451885257471698
2.0,1.5536385499594338,-0.3941102122072937
2.0,1.4279977678397424,0.13783311695545297
2.0,2.2390162767162685,-0.2931664838752151
2.0,2.314359544855128,-1.0579274777807943
2.0,1.640560044029995,-2.4746429545232194
2.0,1.6712043054543608,-0.6067550742922808
2.0,1.93408164866681,-1.0842985226302275
2.0,0.7517803001004848,0.012226511586465804
2.0,0.5137458601789716,-0.8978159196347407
2.0,1.8170028383062935,0.36408512949577626
2.0,1.9761556901573651,-0.8333159596242906
2.0,1.6599827937990428,0.09206284336932995
2.0,2.5497502219953136,-0.48350614039644463
2.0,3.530932675818433,-1.1962722133813344
2.0,1.5065161775690188,-2.305914319893021
2.0,1.9320923300678479,-1.2496353671247558
2.0,0.6448159623107482,0.13728089567770158
2.0,-0.2138755919611297,-0.7263224922969774
2.0,1.2277355436651125,1.4335132279178007
2.0,1.8896649368217742,-0.03672413737298828
2.0,2.7441239584249204,-0.1761016547322532
2.0,0.8543363407878535,1.7142889319017027
2.0,2.7950853477013893,-0.37157342739880833
2.0,3.143938064544572,-0.7137699007718109
2.0,1.4390685994604804,-0.9448468867163704
2.0,2.60862351940134,-1.1195549491292247
2.0,2.567224729345975,-0.8068068079418634
2.0,2.4898332640970637,-0.9504141663677446
2.0,2.820694903030373,-1.1269507689452234
2.0,2.4214183090102197,1.31115377347358
2.0,2.7410311985790905,3.261650651162424
2.0,2.8804608473841133,-1.0239350069478006
2.0,2.3231905828474164,1.3654538860704348
2.0,1.7563743984581324,2.310757142777597
2.0,2.614293432478824,0.1860604665516557
2.0,1.6659656571139911,-1.515595390551619
2.0,2.1764139083225458,-0.6351958961125215
2.0,3.10654832308075,-0.735112763537915
2.0,2.925508927142498,0.794102931444501
2.0,1.8460796092831415,-0.3718753549801961
2.0,1.5415197996621999,-2.1038557745869806
2.0,1.8978617943160454,0.07127744066957463
2.0,3.101640620125499,-0.8266450236042402
2.0,3.1151667844193107,-0.6646197890725019
2.0,2.5701447304864513,2.5459048621677813
2.0,2.2867315848840875,0.5261063216952765
2.0,2.2486123523787325,0.5723547373106463
2.0,2.0240006756962425,-0.26798936106976007
2.0,2.0867939942266513,-0.1579213039553651
2.0,2.016795805106637,-1.8563510064819317
2.0,2.4906257114262904,-0.31929187823571475
2.0,3.5450171962691925,-1.0348091597332074
2.0,0.6206208140978027,-0.7639924408941909
2.0,1.7636209019459985,-0.7922283503226296
2.0,1.5539653246010845,-0.24110641558607906
2.0,3.2071013234824712,-1.258596010740933
2.0,1.454810374181116,-0.1045642059254409
2.0,1.3155941917861724,-0.9841784506042152
2.0,1.7345441085919038,-0.7978906567058239
2.0,0.46608782995395087,-1.1376826356835963
2.0,1.9980196580785943,0.4098008094739291
2.0,1.8673068140256854,-0.8896798488322631
2.0,2.7481029725825503,-2.157133872834197
2.0,3.6017729932197264,-0.6077349786050853
2.0,1.8886564657390301,-1.1231108139963177
2.0,1.7297290736222823,-0.27023336723504576
2.0,-1.4264092938524968,0.6549951934876047
2.0,2.0555420712542545,-1.076068069515323
2.0,1.3885012547820181,-1.735530559698138
2.0,1.6152119532032145,0.26455501569691714
2.0,2.527069865111074,-1.036316886547092
2.0,2.2733338911000716,-1.9213320280413768
2.0,0.9428262256967747,-0.3169400385695834
2.0,0.21198551167502833,0.16348891654178524
2.0,-0.5155502786793171,-0.8771740524832337
2.0,-0.12120514998768821,-0.21737758034491209
2.0,0.2534886344989561,-0.3489328803042242
2.0,2.429645800270366,0.8297157786537226
2.0,0.7189085409973085,1.4472879272423422
2.0,-1.5283724408679655,-0.7121258079106232
2.0,2.6119331419623393,-0.7643949571111401
2.0,1.9536216458075064,0.23215331239746445
2.0,2.1266515386206346,-2.447420337560761
2.0,3.2710883040572316,-1.1186205642911617
2.0,2.660219323075688,-0.45789767940123033
2.0,2.2794058145851284,0.3982046288198462
2.0,1.742699968367065,-0.9044130467952649
2.0,1.51203760039012,-1.3664871575901298
2.0,2.0636683439865022,-0.6858368346168742
2.0,1.3508503158339518,-1.8865373568283248
2.0,2.3512816211330767,-0.25019448947162237
2.0,2.051818872269656,-0.9483569115807053
2.0,3.3198293219779367,0.595663729762041
2.0,2.865537096973948,-0.341752385256486
2.0,2.64563341307611,-0.6912548683439623
2.0,2.9844108992892435,-0.4586876828388989
2.0,2.9750963647284436,-0.033798069499535684
2.0,4.251659848348951,-0.8311081898740766
2.0,3.1024499345165446,0.1387896656677154
2.0,1.1148179907614284,-0.7234474275625233
2.0,2.858229673885278,-0.6867897720726196
2.0,3.088140589499642,-1.4002187491041365
2.0,3.942530584985508,-0.7781537428571352
2.0,3.089296310638802,-0.30035350310456055
2.0,2.894399328994444,-1.2950088313390682
2.0,1.9969187910816855,-1.0993468572443579
2.0,2.5090753347719175,-0.8620340696886635
2.0,2.0220624452462714,-0.2770407515553896
2.0,3.810139672494609,-0.7207997051921172
2.0,1.9850564603553624,-0.8555527829105508
2.0,0.9529756528255945,0.7449305607719527
2.0,2.6474383203449756,-1.8210614928987536
2.0,1.9638142980231637,-2.0767293417625883
2.0,1.8886166466503804,-0.03464999208912306
2.0,2.4254882944091354,0.22192871588140173
2.0,2.099556127544108,0.13044728560465124
2.0,1.271348858768132,-0.44548777968885866
2.0,1.3723562143653545,-1.0435781431875384
2.0,2.09324534270243,1.3590076463736238
2.0,2.4964541311386155,-0.803897941787788
2.0,2.8355494146631566,-2.2628916375709744
2.0,3.014496589602775,-1.0780938143612897
2.0,3.889217126462204,-1.552930483057303
2.0,2.9093212911678945,-1.3949687753921238
2.0,2.064290261914803,0.2891069219832456
2.0,1.633516631648937,-1.0181149074664695
2.0,0.5925142799897745,0.013323642503971028
2.0,1.1445037454457718,2.7112393680421745
2.0,2.7590195504085,-0.9710960399449455
2.0,1.544606175409901,0.8132855082286438
2.0,3.4276545378454326,1.1736585497822853
2.0,2.5345012436005137,-0.9309154209208002
2.0,2.0173099038271083,-0.2617290982122825
2.0,1.5856762213817768,-1.6660809493319562
2.0,2.4832736905216524,0.15293585749935415
2.0,3.1291074167680923,1.3180971764399771
2.0,3.599726936967976,-0.7581435732207833
2.0,3.4241427231734987,0.5710636823268188
2.0,2.0296593298037617,0.3051748855592036
2.0,2.637538716752678,-1.1861862015608926
2.0,3.255058248393066,-0.6668775313703861
2.0,1.6842986684710768,0.1490186979729472
2.0,2.4726325845579655,-0.9723031850265031
2.0,0.8080092576191806,-0.34384319872287245
2.0,1.9197731666355533,-1.3822568052027975
2.0,2.713862088676232,-0.3814457752896771
2.0,2.1511010818060585,-1.202478247507362
2.0,3.3322407678925363,-0.7100997243594831
2.0,1.9726770220095695,-0.3424171161049622
2.0,-0.09002934206727269,-0.34414578123168466
2.0,-0.06371234190721427,-1.344352035203913
2.0,-0.0902840623925378,0.47533605233490084
2.0,0.6181455422115804,-0.7260241016956885
2.0,1.0107567137825857,-0.314458901968324
2.0,2.1782351068527106,-0.15479430639331196
2.0,1.5399416350233202,-0.235250183438185
2.0,-1.8437752806246799,-1.4752041186634612
2.0,2.3074368966603385,-1.157636526436459
2.0,2.5012189655610593,-0.8856496508772178
2.0,1.885746707602485,-0.53896307985983
2.0,1.8854286982528794,0.3574682393793783
2.0,2.1952967823903995,0.07239509967841608
2.0,2.468223766780496,0.023147660849701095
2.0,2.8252780101702664,-0.5505071834835202
2.0,2.7756854924150023,0.37489083959940805
2.0,2.25582014532941,-0.36277897303140927
2.0,0.3531129653858516,-1.0422038873001558
2.0,2.0514358789571587,-0.49039139059684395
2.0,0.9547138084187853,-0.8490187778293659
2.0,1.701734609732843,-0.04986570754035449
2.0,2.2441517338249297,-0.60629298715273
2.0,0.9890201923477879,-0.9831781416759567
2.0,1.4780204738790248,0.6728652701751697
2.0,2.425382800420448,-0.7140136553289796
2.0,1.2513709030313465,-0.1603150838499417
2.0,1.7326342197517015,-0.22936374945222654
2.0,1.6185877019492987,-1.4245984076316849
2.0,0.7761215402274053,-1.9324196306425612
2.0,1.7616141769859812,-1.5414278585616974
2.0,1.3406390982218077,-1.704409198388785
2.0,1.3747079066528,-0.47330432112551013
2.0,1.9555621795786637,-0.16682587406259483
2.0,1.9460685710363412,-0.5736720986106968
2.0,2.27464093826565,-1.2337660583133432
2.0,1.8613319072294519,0.18472873613753665
2.0,0.7654283978125167,-1.046383533551415
2.0,1.7282267605782844,-0.6274687564061525
2.0,0.9931651998635354,-0.5596236031499926
2.0,1.81094103655011,0.0566743922285828
2.0,1.7161903978522686,-1.0422688864624994
2.0,1.7580580266757686,0.12615224379326032
2.0,1.4676848730721712,0.7128582569123726
2.0,1.991559170085364,-0.6708255942743829
2.0,1.0970349524067604,-1.372808830353169
2.0,0.19994420595431892,0.8294203246660314
2.0,-0.11642680741572796,-2.6907608327692225
2.0,0.8270864669489799,-1.129623617980829
2.0,1.6122730764657127,-1.0330829265168042
2.0,1.1745801967531122,-1.3691250779063269
2.0,1.9501375715458187,-1.2438636340388294
2.0,0.6590220283056493,-1.3614361015041454
2.0,1.7871647926833514,0.3090300554619187
2.0,1.0261120176920113,-0.7381809042098476
2.0,1.6182466003841594,-0.7494313667227301
2.0,0.728872473594484,-1.8827775742115824
2.0,-1.3747323819491124,-1.3066462089845439
2.0,0.9676799017639559,-1.1917321248313495
2.0,0.5177460271468024,-0.552757073412985
2.0,1.5946124515624895,-1.224253413761429
2.0,0.4609171165350427,-1.0244302236293572
2.0,1.5040058729486325,0.16585864625226726
2.0,1.3089281798865906,-0.1721946204599198
2.0,1.5640271781351203,-1.620987690938184
2.0,0.2575766199355414,-0.9890343316449378
2.0,1.9041187255238272,-0.2789645143701153
2.0,0.7534895540457223,-2.01095740520431
2.0,0.0783205998340197,-0.9515010541702655
2.0,0.34156856903247895,-1.8180409679814136
2.0,0.9039145623434927,-1.2632777596555866
2.0,0.9923581916356566,-0.45650920005289086
2.0,1.4842927967605504,-0.9157111521048267
2.0,1.2443878416160248,-1.805325902453429
2.0,2.0482775565331335,-1.0318086014206727
2.0,1.7713803331254174,-0.8884479682488902
2.0,2.9683306443922644,-0.5355719274297372
2.0,2.1249317726709815,0.1202863339543229
2.0,1.904472366172327,-1.5405046093358163
2.0,1.8806588246206062,0.3516106068380314
2.0,1.4664388970162374,-2.1338849942719658
2.0,1.2973726196109236,-1.1767225261924361
2.0,2.80739423709256,0.14832401663747655
2.0,1.1050616443417016,-1.27513860344028
2.0,0.0024108691262237614,-1.1606733237451758
2.0,1.2538542833975541,0.6940762545641207
2.0,1.4776668963404935,-0.4136017322589672
2.0,0.41546108456025393,-1.8646330279675154
2.0,0.06870553397256249,-1.1313377252665318
2.0,1.1181488986742443,-1.3251897853300985
2.0,1.0556305439200213,-1.2110826969434956
2.0,0.9612504802783878,-0.512012597573209
2.0,1.28273519801543,-0.9747478993620305
2.0,1.1582042701244717,-1.5156272715208736
2.0,0.9421890636615429,-1.551707600600809
2.0,2.4778000567331735,-0.6580871900064187
2.0,0.8403255080543927,-2.9090083428322275
2.0,1.4276888449762424,-0.6733075807917989
2.0,2.616486330802635,-0.9635497966772232
2.0,1.849561138516283,0.43356914961195414
2.0,1.279262719465645,-1.7323399259792627
2.0,1.4928303919720038,0.7280226182975519
2.0,2.4818893971139198,-1.03180957602401
2.0,0.7264041503419508,-0.4082658008088084
2.0,1.458229650307724,-0.05532044367947266
2.0,1.802058129650074,-1.3266386232718543
2.0,1.0073016642606267,-2.0829782069334066
2.0,-0.008580641544071099,-1.1535137361386503
2.0,1.375961224174271,-1.9561613077330529
2.0,0.8576955521430085,-0.9982947686283248
2.0,1.4184067900433206,0.19435937712750684
2.0,1.3667334482226656,-0.7059264381214584
2.0,2.127759098755822,-1.1803553383115557
2.0,1.5297594221128614,-0.08558068831053274
2.0,-1.256745752005426,-0.43310894568523534
2.0,1.396980078173865,-0.7153245295109623
2.0,0.47324192115850044,-0.46276088471529536
2.0,1.006174610009076,-0.504101571545952
2.0,0.9306322599915892,-1.0037779249533347
2.0,0.8443712892697317,-0.04485156025060978
2.0,0.7524954178953401,0.411491794486576
2.0,2.9847766864516436,-0.14108786952948513
2.0,1.0580798102745717,-2.047726957898586
2.0,-0.5367841945203911,-0.9402423385987612
2.0,0.9685817576482874,-0.1810659409181502
2.0,0.9872037488759394,-1.7320967090646093
2.0,0.9086657701365642,-1.3040121289196993
2.0,0.2809521773668222,-1.0770981119599439
2.0,0.8225294952429146,-1.1890267242311032
2.0,1.3253700589151087,-1.4525588558622498
2.0,0.14724322310307644,-0.2628983358062647
2.0,0.5515271999390112,-1.2210103744372633
2.0,1.1718840483488902,-1.888304576068807
2.0,1.6230825910646451,-1.0748595942835677
2.0,0.40778953569396537,-0.3728090614947659
2.0,1.1934129773377422,-0.8602002764371834
2.0,1.6688402890527643,-1.2278983433982829
2.0,1.3230964350367993,0.42410815035959326
2.0,0.7217549847372189,-1.5713205746141081
2.0,0.450888569850788,1.0938821878805198
2.0,2.2910170524670375,-0.9105806196879687
2.0,2.4989217089352307,-0.6324824261774061
2.0,1.1849738932831473,-0.8357853827078555
2.0,2.3183938605074146,-0.29838328107603346
2.0,1.6109318919846416,-1.1984641147392376
2.0,0.7047091799556605,-1.4006310428179634
2.0,1.6309513122387802,-1.8542641508576274
2.0,1.3784798630557806,-0.6636622064730237
2.0,2.9036776984585395,-0.0612708142160789
2.0,2.308884641964989,-0.6043175841244197
2.0,2.132851842170933,-1.0692663166455827
2.0,2.9357128773241783,0.2351816621251543
2.0,1.9098688040875644,0.12243962609508004
2.0,1.4215809845350267,-0.8032064952355221
2.0,2.088334334833178,-0.3569857930277796
2.0,0.8423150747322259,-0.7898514847862204
2.0,1.222711675849109,-0.646394472793266
2.0,1.8071665333211926,-0.6203891001002821
2.0,1.3982355093662364,0.16362244198275167
2.0,2.2292296348302907,-0.447004000309751
2.0,0.9180117620936016,-0.3845228252483834
2.0,0.8361834047764368,0.8892917307773041
2.0,1.838344075108781,-0.9455350924120508
2.0,0.6176718204656702,-3.090324528860614
2.0,-0.0657860716480571,-1.7106051338240638
2.0,0.6628596546497283,-1.1844292497205244
2.0,1.479842617863573,-1.7802608589666664
2.0,1.5663541260936544,-1.2498348254307243
2.0,2.1493018876717795,0.35321626333157685
2.0,2.0438171281393345,-0.6918801783279415
2.0,1.7340377673232643,-0.6290953748881098
2.0,0.34685414776163803,-1.9608999078582554
2.0,1.2611415774965862,-1.2080333049146523
3.0,1.5326717341959588,6.73019269829155
3.0,1.0972781594825243,3.558450179965467
3.0,-0.5041634008457657,1.0916515645473546
3.0,0.847582882598276,2.3853109072794036
3.0,1.9650345012157842,1.8155767095575497
3.0,1.741221583115491,1.8892654281351118
3.0,1.1850000174417392,2.812664886037517
3.0,1.259989667066153,2.2097645158759778
3.0,0.05966723740199893,5.155290304156248
3.0,1.401385032024648,3.3051331327642886
3.0,1.2313130069439921,2.6353815155708555
3.0,0.9495946965194578,2.4337898906170343
3.0,1.93064448064399,6.338151167060933
3.0,-0.04945707262720035,3.0049424161499867
3.0,1.531155253434291,3.9570050879804235
3.0,1.0239420948149278,1.4982304238164421
3.0,0.6315468276901759,0.7389356790411619
3.0,1.1630814522730921,2.3758484640002977
3.0,-0.34539392490272114,-1.1172021032988273
3.0,1.2749059987993845,0.7995418551549434
3.0,1.7869989803509663,0.9124331755078221
3.0,0.62604643092757,1.090748575155292
3.0,-0.004095881152437104,1.5405235138510411
3.0,1.7672225222990985,3.9454871797057485
3.0,0.5312841275903224,2.912909135625977
3.0,-1.056927832697173,1.8126956742825904
3.0,-0.18031204275194498,2.7171614575155068
3.0,1.315886880671788,3.3606188262225065
3.0,0.7420231408123839,2.999279336765715
3.0,1.4114183237404758,2.6667586257017173
3.0,1.1700725125361495,1.3950148279571108
3.0,0.40162371283547893,3.1060976845261354
3.0,1.6308355626890625,1.4049498239166294
3.0,1.6159015536903556,4.845238239812355
3.0,0.6525675079780354,1.3046968394169958
3.0,1.0153684400060004,2.245671462683843
3.0,1.6392931285809986,1.6591180727025368
3.0,-0.3615561900966525,4.013006359290276
3.0,1.0920174528317568,3.0458392571507784
3.0,0.8099141727300937,1.645140198532796
3.0,1.0694001193560743,1.7618594204370142
3.0,0.926175504638613,3.3887394043103685
3.0,1.2389141008478441,0.29932516568223394
3.0,1.990619357592841,1.8412711297529378
3.0,1.8004255925164276,1.7391339140179678
3.0,1.2538325071900407,2.2435001851619303
3.0,1.6806195361262155,2.573067156923239
3.0,0.3402673290637253,3.562742087420616
3.0,1.9940995660707164,4.6558507049751965
3.0,0.46847560903726515,1.9041684572503874
3.0,1.4940079814597809,4.679313412444422
3.0,1.1051944324685807,4.9275475898700165
3.0,1.7636624949960877,2.4195029183653376
3.0,0.41959298548256574,1.7073590622368158
3.0,0.6873184373866665,2.252032077049431
3.0,0.9508755715351805,4.404585245318545
3.0,1.9187566991529295,2.667852343900549
3.0,1.795108940279071,2.4929745161375605
3.0,1.9550218787894307,4.455028720662253
3.0,0.8802413508603187,2.1773806511028555
3.0,1.0839228453630254,1.2413866277663816
3.0,0.6375028712042765,4.549302726751092
3.0,1.6428661240522857,2.6395564362858464
3.0,0.9070967130340947,2.8687430102342257
3.0,1.2329047491199432,4.570454972623449
3.0,2.0034980530414455,4.594994874326837
3.0,-1.0013077529493488,1.6824882813656121
3.0,1.526862202567053,1.9596141897720092
3.0,0.3915550425814383,0.9146442424135535
3.0,1.7085930916134282,1.2313689706089272
3.0,0.27487037312522306,2.694315058871627
3.0,1.2123493416805844,4.941892984873841
3.0,0.8096433295503275,1.6526515458785491
3.0,-0.518729218545395,2.3639677481597037
3.0,-0.446143551324007,3.3192559076291324
3.0,-0.1376609216251685,3.6211771935003143
3.0,0.37569832125547503,1.70481649642913
3.0,1.7610444700937358,1.5508853393800666
3.0,1.8492736495768716,4.556134926827587
3.0,-0.053091203948856656,4.618650398978712
3.0,0.9193758520954889,1.7283275985110576
3.0,0.9572044032414162,2.900798365386721
3.0,1.1943981150314802,5.3881100514805915
3.0,2.017597454751736,5.865115342640224
3.0,1.9571245383035014,1.7813244180235293
3.0,0.7533667786050764,3.639964590269118
3.0,1.6701688746989818,6.25083881026739
3.0,0.6498643095357336,3.4556379983965204
3.0,1.9551512923491756,2.627896682568127
3.0,1.8876048839060224,3.741159253419051
3.0,0.9893989169052992,1.9917391323296008
3.0,1.6019558444835857,1.218887594953935
3.0,0.34194755907432883,1.7638518541704844
3.0,1.2205151209701453,3.1551637413141314
3.0,1.6840124478005716,1.309010400100931
3.0,-1.0692209036694809,1.1500840734295383
3.0,0.5925081368677472,0.10828123944289028
3.0,0.8806338518446569,1.0307546217524166
3.0,0.6933466664425169,1.4728409943033165
3.0,0.9820110022061592,2.2002013262313675
3.0,0.7381224927782218,3.5320296864530554
3.0,0.8977557343870955,1.9012905712291666
3.0,1.6344054742998724,2.796440481043538
3.0,1.531039867661401,1.7688288385274686
3.0,0.1947115664084573,2.3566351822736236
3.0,0.6721110507369593,3.7704161174048734
3.0,1.7766690015318967,2.176005017136842
3.0,0.9084412803790388,2.007542813270134
3.0,-0.15139067663584227,2.9419248119499923
3.0,1.073681466829011,5.074406292303873
3.0,1.3045830477879283,1.2002220766038687
3.0,1.4614312268842893,2.715848005998488
3.0,1.0231208872677524,5.023577138863912
3.0,1.673675910262387,1.8327165318926693
3.0,0.5784475606048034,3.3432655717201185
3.0,1.1367449168069426,2.4294109529147434
3.0,1.4092635475088493,2.991342022252326
3.0,2.348658553116514,2.6098461220323537
3.0,2.1295223466256172,1.836067585362458
3.0,1.560713978289223,0.2659570895002182
3.0,1.2123434975819019,1.8200039918444182
3.0,2.0250106578209097,3.8680706273969196
3.0,-1.0733239841736477,1.5994029446756035
3.0,1.343467315320079,4.649484256313205
3.0,0.19794575310175863,1.7505856535302966
3.0,0.02040613212500998,3.2151366678691025
3.0,1.4339256683092156,4.255698787219347
3.0,0.612717544034753,1.6271052323085005
3.0,0.8741171369714861,1.8435373380306272
3.0,0.9161460508059184,2.3729044189738024
3.0,0.22524809291237746,4.1077323608384555
3.0,2.536936683907181,2.7911935825997176
3.0,-1.2806180276626085,-0.6220525401894755
3.0,2.241216465923341,7.504660775036677
3.0,0.3663184855821144,2.7917668704285203
3.0,0.1326656984365653,1.3539279993812872
3.0,-0.44424652551731236,5.424380104420791
3.0,1.1987048071246784,3.373325273519796
3.0,0.6911494752125962,1.0678054554779586
3.0,1.8161281962303215,5.330578046109977
3.0,1.3830042362563206,4.865480882407011
3.0,0.7715216669281761,1.2129074601589025
3.0,1.3182288524832715,2.3808887392133755
3.0,0.4116779201253312,1.3477808491196013
3.0,1.9617803834694827,0.6634981852967491
3.0,1.24542047798341,2.944135694042735
3.0,1.641778865611065,5.9465617129928505
3.0,0.7107279018191441,1.3154445291235473
3.0,1.1365978900805342,2.456653609084856
3.0,1.7702620370804827,3.2513312303577826
3.0,-0.01566528284996766,3.5803181867563754
3.0,1.249397324989034,3.7835724062551783
3.0,1.2603062567784722,1.6380803877065555
3.0,1.3563769635399503,3.7111169072931256
3.0,1.207039443341295,5.196211351144059
3.0,1.4481598545453087,3.4671714228512207
3.0,1.0642266731729801,1.9292228451137166
3.0,1.6954736125241656,2.5227438819134096
3.0,2.5422058660218836,5.356981365355529
3.0,1.2955597817098272,1.8948598523601303
3.0,1.8856767548879212,2.815716366039384
3.0,1.2662437941987001,2.0013174368220668
3.0,0.45198934815735486,1.7074793141151936
3.0,1.747595505715413,5.074863958338016
3.0,2.4615925367916387,5.238935712225628
3.0,0.7549513525505241,1.4826859582473348
3.0,1.7409444632751212,3.312465471447812
3.0,1.7568618227970396,2.8498231048261493
3.0,1.0442972655879494,2.4486329836597758
3.0,1.1492989320509714,2.1147295694782344
3.0,0.44344068205890774,6.640568768505635
3.0,0.24677506507662159,1.1689623110739453
3.0,0.9854828043356142,2.0860252659006626
3.0,0.339842096320401,5.899000134301378
3.0,-0.2139252502204935,5.002996376099788
3.0,0.17042566700161776,2.8414930549242574
3.0,-0.08505911436258808,2.108754488055541
3.0,0.6624030230202075,1.4986608288235925
3.0,1.712559424647051,4.369316128409859
3.0,0.40334961013749276,3.1736858257011136
3.0,1.8575693530402424,2.778826698619269
3.0,1.9088024096378031,3.868772416703042
3.0,1.9223995710690638,6.109960452025368
3.0,0.30076888193022505,1.8717278944203337
3.0,0.8954628260910266,2.912516082972878
3.0,1.6076534039500323,5.977911978901524
3.0,0.8909437523276426,4.763811469231905
3.0,1.3420558153495676,0.45185470485988116
3.0,1.8783138274196018,3.1464114382494155
3.0,1.192604452521347,4.110109355830329
3.0,0.4440116540096811,1.0054376738527964
3.0,0.8276612976377985,1.915372213714339
3.0,1.8982375591610843,2.764600466773427
3.0,1.4373699651372926,3.0413474995009593
3.0,0.04405096616835742,1.4736268633673166
3.0,1.3822534451130695,1.3023339995169407
3.0,0.9018252706980867,1.4001698869792547
3.0,1.581681043009835,0.855248722559989
0.0,-3.0785263730704386,0.9424721196346308
0.0,-5.3143812677937445,0.12428137712255974
0.0,-3.0172771525416997,0.7051374785725195
0.0,-4.113384290642621,0.1086576925706697
0.0,-3.9458171283068695,1.5216533935711332
0.0,-4.513264237795107,0.589955773633652
0.0,-4.177539742305524,0.03983115022359329
0.0,-3.496400848398011,-0.0764096627669344
0.0,-3.0125024154600224,1.036751595421479
0.0,-3.094296420946544,-0.2751635203471057
0.0,-2.173583572990167,2.6249479358063446
0.0,-3.0226574250889224,-0.7072375847520821
0.0,-3.858745061921299,0.12122453204191959
0.0,-3.910382504813364,-1.202158346944323
0.0,-2.387911116536561,-1.1725459477499551
0.0,-3.9126448547957913,-0.21775068936869418
0.0,-1.3770962455157172,-1.2230062416617018
0.0,-3.452637963833182,0.1521956689844352
0.0,-0.9926238092364675,-0.7952245891902058
0.0,-2.951558056201193,0.8650036729998423
0.0,-1.4936218939487331,-0.6877292231728557
0.0,-5.154644917202149,1.577815380653426
0.0,-5.410481833982803,0.30286884270236475
0.0,-3.80377798332613,-0.9166292751520865
0.0,-3.895341032458796,1.3593304047979227
0.0,-4.8499161198204,-1.0632014148903133
0.0,-2.261419167544925,-0.3737644075895725
0.0,-3.5923661320589444,-0.3653979479755671
0.0,-3.416869081431497,0.2226943188634779
0.0,-1.5526165052335128,-0.255722851117549
0.0,-3.302511308859838,-0.24055974165674823
0.0,-1.1869591720260566,-0.9848618205454573
0.0,-3.3877459556284832,1.6206663860468042
0.0,0.02100775496610279,-1.1986819065993013
0.0,-4.487664366649979,0.6543342640704058
0.0,-3.4941313354584085,0.002826748959488987
0.0,-4.732074666508796,-0.7336999022206322
0.0,-6.375723387307533,-1.6337288188234846
0.0,-4.226474383109289,-0.5995020767554352
0.0,-5.017521081851702,-0.5186834738891223
0.0,-5.459676042547172,-0.9740557480334676
0.0,-6.513534105122778,-0.6123727746441594
0.0,-3.374947992010489,-0.8371436905345616
0.0,-4.961371733296612,0.18547698667915843
0.0,-5.4400349424593415,-0.23917892691367412
0.0,-7.9548889935840235,-1.4463181269584815
0.0,-6.121237397498017,2.8088297468712247
0.0,-4.342191968498632,-2.146509646467738
0.0,-5.8926223108944775,1.764140697326823
0.0,-5.245625241815315,-1.2652415479760484
0.0,-5.839443903929445,-1.1547249506392925
0.0,-5.884528395536595,0.7184879577288211
0.0,-4.929076499882988,1.483356078702881
0.0,-6.9530959980753355,-1.0480150417477307
0.0,-7.293677078081031,-0.8049859479410032
0.0,-6.022749104152977,2.091672984948515
0.0,-6.613154213090482,1.2900858177846637
0.0,-4.8935155513028095,-0.9703661746512227
0.0,-6.021076694743848,-0.7430985367168049
0.0,-3.005681749387108,-1.3113831430652667
0.0,-4.310564524415893,-1.3908573880807389
0.0,-3.6958170281036145,0.06417626102863035
0.0,-4.298724677443683,-0.4600950065242373
0.0,-6.99311322981137,-1.6653313675841246
0.0,-5.047400156476226,1.9893584171977117
0.0,-3.923668960484139,-1.831938659898992
0.0,-5.274116248487409,-1.6767915913641551
0.0,-6.4828549008584835,-0.7829644825903617
0.0,-5.261617091041333,1.5255353934940983
0.0,-6.209437370439429,1.3523900358686918
0.0,-6.139145311825628,-0.0679847293384033
0.0,-7.449288714470226,-0.7967225508280859
0.0,-5.177991084006025,0.023041384731643366
0.0,-5.423278428075577,-0.1685937473643873
0.0,-6.732940773505404,-1.0225309095273472
0.0,-5.135153511663181,0.09168148618001877
0.0,-5.165842671073137,-0.12884870727552594
0.0,-4.844262027987083,-0.24723306421393704
0.0,-5.800682350431397,-1.072076665180515
0.0,-6.089723200213572,-1.0533163962094048
0.0,-4.09904109108412,-0.2595444422328502
0.0,-5.013136168385162,-0.6698778850151548
0.0,-5.55863618760361,-0.7096576331097572
0.0,-4.771151243179571,-1.0248239794410376
0.0,-6.73895743828926,-1.776727472215489
0.0,-0.8045072176404378,2.2178462523149993
0.0,-3.0935030158561565,-0.2481059408654373
0.0,-7.229638958807492,-2.4709495907025487
0.0,-6.794965646139576,0.5104984225016299
0.0,0.09515786212345484,1.8041964054836899
0.0,-2.683343451174278,-0.6110808926291431
0.0,-5.764293604307276,-1.5684101619476385
0.0,-5.415301283775821,-0.9461911375693796
0.0,-5.728383580717589,0.6597105342804271
0.0,-5.005520337948964,-0.38785459106408005
0.0,-6.049352073269083,0.26414134732509575
0.0,-8.184155441287139,-1.7897314936268518
0.0,-6.396545635013639,1.2462533050120188
0.0,-4.43616526120356,-0.6344538369574925
0.0,-5.262037423105162,-0.16628140640130673
0.0,-4.640508451248089,-0.8945422334183298
0.0,-5.843993170743257,-1.8677041205914517
0.0,-0.16933474984880587,1.5687216618996034
0.0,-2.9167769758000954,-0.3870111856248304
0.0,-5.1170592850478345,-1.453425507249986
0.0,-6.471334504600457,-1.9234647866539276
0.0,-4.722065145942861,0.2376900561753766
0.0,-4.610845808352727,-0.6096119571053116
1.0,2.0837726436457222,-0.2927033688470622
1.0,3.4095689955506727,-0.2311448181004043
1.0,3.0940416963809807,0.9787882020810224
1.0,2.4089388440243353,0.5126428646041022
1.0,3.0254504326966285,-0.2233844618296528
1.0,2.0456040040512486,1.002235656388646
1.0,1.8334722837032826,-0.2706592766268644
1.0,1.7276746827719902,-0.42891509438384756
1.0,2.6925128069205564,-0.6690641300900448
1.0,3.090265964650169,-0.06422668741463106
1.0,3.0302964453470462,0.10243488345615473
1.0,2.1314675049217096,0.3940364869346639
1.0,2.817277802336173,-0.9418371080362506
1.0,2.0828102797490895,-0.056438235792720615
1.0,3.0462931592116655,0.2164928011986769
1.0,2.9536684659519725,-0.19450886910324225
1.0,3.2292693936622836,-0.05064260110261564
1.0,2.761164231855005,-0.3487263077709852
1.0,3.0111613963052974,0.4027631436073763
1.0,3.4281020813766077,0.7437793350342143
1.0,2.871098807765295,0.47290473334295113
1.0,1.898843831310926,-0.8328286183381128
1.0,1.9199497343395386,0.6812978130197231
1.0,2.177590949419288,0.2769593494021526
1.0,2.4867175060243927,-0.33949455776300885
1.0,2.502002306969099,-0.22888977596848523
1.0,3.14076545620034,0.23266809839667837
1.0,3.2510519972682452,0.07044081354559285
1.0,1.902617607601305,-0.7670180395451576
1.0,1.7153104666215895,-0.3295361659262651
1.0,2.544112271046359,-0.31942981632371226
1.0,3.1267969601798726,-0.2661323598939611
1.0,1.906117696285149,-0.3996843563187228
1.0,2.5018817879123603,-0.8751234225580543
1.0,3.1728886046741915,-0.3367536425416452
1.0,1.6457971721825357,1.651778948167058
1.0,2.677726852074533,-0.4501694981492369
1.0,3.6025271728018646,-0.3646587542896798
1.0,1.9161721088494819,1.2564796110241612
1.0,1.3978996809754698,-0.37962841911731365
1.0,1.831272782363632,0.4850472657606328
1.0,2.807048994779629,-0.5794462699616805
1.0,2.853501469443778,-0.6456408388266357
1.0,2.348991698329573,-0.1504928883522848
1.0,2.4520802403786384,-1.3832936656627133
1.0,3.895082686620934,-0.405349431484212
1.0,1.2998179300435384,0.6675012294705552
1.0,1.6286516368720767,-0.3166837655615868
1.0,0.9673894188183452,-0.4704752179870969
1.0,2.7516520069520074,-0.3055882576595425
1.0,1.6602540358229405,0.2785373086514184
1.0,0.6217370773808372,-0.06422172211738093
1.0,0.8638844991800453,0.377993094751336
1.0,2.6720353719152334,-1.3591010150355496
1.0,2.2500709724560695,-0.0888447791897506
1.0,1.4561740430813774,0.049461825946360324
1.0,1.2413851811930616,2.1090510777636093
1.0,1.6514094621822335,1.414190024017455
1.0,1.579594239705725,-0.16376396445085895
1.0,1.335115121106853,-0.5470918683381538
1.0,0.9043348858558534,-0.662116184291009
1.0,0.9446992962519482,-1.2903893019885928
1.0,2.711560195596812,-1.2589236665435295
1.0,4.532720505061713,-0.45364964915386413
1.0,2.414547547930922,0.5702930268711873
1.0,2.6554433569366855,-0.907845334937552
1.0,2.6997895632709064,-1.153719651260295
1.0,2.636927651095876,-0.1364042158212178
1.0,1.891494949200329,-0.8283657245105261
1.0,2.108513032299373,0.8375367282929309
1.0,1.6574886143488412,0.4000544918479097
1.0,2.122930893325766,-0.20519542268357652
1.0,2.6300864046237318,-2.101611951410213
1.0,3.775042230206328,-1.66254172974984
1.0,2.803037286364731,-0.7758666446899195
1.0,3.2470408992977613,-1.0502055782113584
1.0,2.793047851398393,-0.09763592294980346
1.0,2.535099481661941,-0.42190341314739577
1.0,3.14622756925483,-0.754515482313136
1.0,3.3189122743594903,0.7505125229529049
1.0,2.8169683099578124,-0.5577265316740889
1.0,2.9519787935095767,-1.1068340328745412
1.0,2.734107921423456,-0.9881636255685451
1.0,2.705413595062145,-0.6154445665254158
1.0,2.0771813959846863,-0.7121632656467799
1.0,2.701592090246364,-2.0516751738550183
1.0,3.3549562521636562,-1.2548053149498635
1.0,2.0232893101186535,-0.32783744771186296
1.0,2.8484386750665793,-1.731277403214284
1.0,2.888853407380771,-1.2092269082726774
1.0,2.773167055673228,-0.7774750478433268
1.0,3.3765278486929975,-0.6826139163044044
1.0,3.3069828135684713,-0.47002947650144433
1.0,3.1695462373169443,-1.8316113255212134
1.0,2.7075245289195142,-1.8182180260577938
1.0,2.8746963603204265,-1.2660927266353734
1.0,1.8786869295756146,-0.7543335311777493
1.0,3.2857084778553407,-0.9228188890942534
1.0,2.253208606904854,0.3338006053149797
1.0,3.3613429427424326,-0.1878496870706801
1.0,2.648410022528326,-0.6335691081113902
1.0,2.2800732530644043,-0.20336108119109658
1.0,2.476144912444875,0.4301946054970527
1.0,2.4498324634909356,-0.2892951688349458
1.0,3.023406118447517,-0.5824866452568435
1.0,2.751027284870028,0.720088858059938
1.0,3.2053769345339647,-1.035620282565752
1.0,2.617159833637909,-0.8317058623870137
2.0,0.708124142622083,1.5170181975283814
2.0,0.765317280400834,-0.2495213521861477
2.0,2.461252939211243,-0.46887963382259235
2.0,1.9819547330754015,-1.131244677632815
2.0,1.8993839133273505,0.052044536738637105
2.0,1.4007348453257324,-0.6293665259669435
2.0,3.2936902164537067,-0.5888063445378157
2.0,2.354822167020541,-0.6186765849095511
2.0,2.2549988410329735,-0.04231156323982145
2.0,0.8968934636323909,1.3495679071728335
2.0,0.5229057546821878,0.9387299829053304
2.0,1.9063342625431512,0.29387762631786474
2.0,0.483682014539619,1.262979407351005
2.0,-3.224895053528021,0.3022899063320169
2.0,2.2521476547348316,-1.215462626460929
2.0,2.1305319171001647,0.9732663484599365
2.0,0.9408535728886337,-0.9431689800820735
2.0,-1.9044600585639162,0.868391157900096
2.0,2.7016195823573987,-0.4534329845991548
2.0,2.4601624459032463,0.6123399991651683
2.0,0.8977452129032402,-0.04263116262108627
2.0,1.0009678301398275,-0.2336413367888407
2.0,1.729770430383502,-0.15617382931675933
2.0,1.2185510947166658,0.5475043243186452
2.0,2.568884007333399,-0.5862936348953675
2.0,1.915714019731735,0.024748411622269255
2.0,1.8329799292563915,-0.3227269412804228
2.0,0.11838595095205577,0.11434556866087521
2.0,0.9180814349994136,1.2971436225576503
2.0,2.3885507698173503,-1.2500851876749428
2.0,-2.396523506628221,-0.3338962026832398
2.0,2.5138168361446076,0.3860686778009368
2.0,3.002192934485198,0.5290902132990384
2.0,2.00150417466026,-0.6842275853595899
2.0,2.61788706483844,-0.8710991150143086
2.0,1.2706418471475132,-0.6318085708698273
2.0,1.8132720116260306,-0.44429072290200405
2.0,3.3884878120793003,-0.49861245122885806
2.0,1.4409691802823428,-0.7864902799797702
2.0,3.666534248300026,-1.364551375194042
2.0,2.3420085838903737,0.4201857888119069
2.0,2.6913894700595127,-1.436542263426584
2.0,2.4723978398727096,0.7756607356729038
2.0,2.205236327457074,-0.3417394088401948
2.0,1.7900863592942902,-0.019934874875399668
2.0,2.4003789732834635,-1.178204185190592
2.0,2.4530437442431117,-1.4369817554338986
2.0,2.2927994235515845,-1.0778143731715444
2.0,1.2492495089870428,1.084740158814252
2.0,2.407678348382119,-0.7080745056117852
2.0,3.671255447858862,-1.3199326756197083
2.0,0.4318012459213644,0.20479428698498564
2.0,0.4988855183020326,-0.7375774100414054
2.0,2.31647032439249,0.8041430280769463
2.0,2.1729953062901908,-0.6555842447857378
2.0,0.8295158907348762,0.7940870522004007
2.0,1.4527385412866813,-0.16966674871779666
2.0,2.450093457328939,-1.2627397957216948
2.0,3.942353702504948,-0.9621373434914412
2.0,0.8179008999777146,0.8345409985537288
2.0,1.3021769396869145,-0.6396890971567427
2.0,2.1424387873538073,-0.20082581731006371
2.0,1.7732095098453526,0.15077317596947146
2.0,2.6476748824067045,-2.3169575359597046
2.0,3.2255499996153976,-0.6109246878196677
2.0,1.401743940670202,-1.786638626025284
2.0,2.968620807917636,-0.5741583198510372
2.0,2.669500157956269,-1.8713270664045683
2.0,2.667024140767803,-0.7547766116104897
2.0,0.512486121032951,-1.6271208154128318
2.0,1.7578804720231156,0.7106254510777623
2.0,2.7050359211662713,-1.5647396066034578
2.0,2.1800243383494355,-1.1037310373164133
2.0,1.8058886299620176,-0.17368146778523777
2.0,2.3637461446072905,-0.17783762005554335
2.0,1.6416836153131187,-0.886125173692927
2.0,1.483874476660906,-0.9202869032212677
2.0,1.8518664963360507,-0.3933399135460366
2.0,-0.07327956067932524,-1.3381198544857844
2.0,0.7145460139943648,-1.5445671070548914
2.0,2.7799966128579734,0.15033593699352216
2.0,1.0615749663842518,-0.904901435951319
2.0,3.3979794105630514,-0.3056827812376393
2.0,2.8140136924461348,-0.8542464846866616
2.0,1.336272614662973,-1.364544637525927
2.0,0.8381867158443291,-0.9821205541266002
2.0,1.8498103744995245,-0.04914673972048031
2.0,0.7129230666624977,-1.1852305973781834
2.0,1.9947234600223172,0.43616824760780704
2.0,1.1856545469996342,0.20932092573509134
2.0,0.9811196878988577,-0.7894179434107982
2.0,2.8342188751299915,-0.18897672860622838
2.0,1.801928906162038,-1.0221430782788128
2.0,1.7781591764342766,-1.042881010807985
2.0,2.1325509361630055,-0.14573034947487454
2.0,2.928734396793386,-0.056624693899680244
2.0,-0.12692703915252945,-0.9415987063340892
2.0,1.2368395990830847,0.6786877126608422
2.0,2.138244081929298,-0.9185114352814538
2.0,1.649581213157964,-0.41223979633216423
2.0,1.330331080568762,-1.6984577981612903
2.0,2.4845146612176943,-1.619189978515775
2.0,1.310076425246651,-0.8262113220253949
2.0,1.2770943970862612,-0.5305181987823986
2.0,0.33760415727595877,-1.2866509755201374
2.0,0.952865154356312,-1.0198954765411388
2.0,1.6119570417671214,0.177870838987462
2.0,1.6802688101715482,-0.6431884226502005
3.0,1.2914689369223324,2.30831150326948
3.0,1.7960424131187165,1.8060190180238525
3.0,0.8964947897896626,3.724361232993253
3.0,0.9963892917973071,3.813551578109612
3.0,0.9937231729744448,2.0295865081332916
3.0,0.45995980548111864,2.2931170436093398
3.0,-0.08710187698970025,3.0041088454045286
3.0,1.1610460525820299,3.3803528135447607
3.0,1.0177824538281965,2.1062190734267925
3.0,1.2152020835058546,3.712515582039559
3.0,0.8469547740749259,3.47258944450743
3.0,1.4886930765778064,3.304863095841763
3.0,0.9313649940762599,0.6708586960956194
3.0,0.20095212861472142,3.022790148484718
3.0,1.3968473101701846,2.4162259917134183
3.0,0.9100514199346967,1.2513726614399607
3.0,1.7441684849998809,0.11092531867774592
3.0,0.8916864227350182,0.7503705942067894
3.0,1.5777719429478942,7.012747272274094
3.0,1.8438559409083086,4.181091098473122
3.0,1.3980705180161317,4.037057613886182
3.0,0.9941902022818336,1.4963640384922068
3.0,0.4491524236388552,3.1716708294505187
3.0,1.2558903153452268,4.914370969283394
3.0,1.6969010117148284,3.9958402684709826
3.0,0.5730282670808604,1.166565047393639
3.0,1.77149919600952,2.8661449683107145
3.0,0.4430509418921069,2.4628998977355017
3.0,0.5446658497371336,-0.086686087448758
3.0,-0.14739873028839137,2.4085855592704686
3.0,1.9506853179701085,5.243287031764993
3.0,1.2006936505956471,1.9647920401587258
3.0,1.3182491086889916,3.011101957597151
3.0,1.4408377173859246,2.4316157025459804
3.0,1.5219397572109035,2.556710491791188
3.0,1.4493364317891253,3.2224030077980945
3.0,0.4515597291021575,4.175499068998669
3.0,-0.48690278366640066,3.355666430744536
3.0,1.6450522120685012,2.7130758505490586
3.0,1.0285117398556785,2.2970221987000268
3.0,1.612670491016755,2.7866608074408097
3.0,1.9932834991866153,1.8161617189865014
3.0,2.0295140896865282,4.540977925626453
3.0,1.5379204144930458,0.8669605001226838
3.0,1.2762684414922305,2.5382043447334675
3.0,0.4447881657187374,2.981905697717711
3.0,2.745170144094638,4.892959604032429
3.0,1.023943642923047,3.4278292319143127
