0.0,-5.880841879607898,0.5942043317852266
0.0,-4.454176604871765,1.020310669486393
0.0,-3.7908584702817767,0.18753999861044748
0.0,-2.9767031021901946,-0.4539626284288849
0.0,-5.408097660867712,1.9011231900689118
0.0,-4.529922072354807,-0.11619584767647946
0.0,-4.127409520656391,0.13453847031895697
0.0,-4.890341142397021,2.212871795504935
0.0,-2.5157423464806983,1.3712817886317539
0.0,-3.285810031153879,0.758299688723578
0.0,-2.929161165135999,-0.25039179158130187
0.0,-4.153695289653428,-0.07748128382117936
0.0,-3.435238174144338,0.6216076066976473
0.0,-2.2961981647986813,-0.46423876048055185
0.0,-4.086592002432436,-0.38749487659340415
0.0,-3.4040941839406615,0.18682793794878377
0.0,-6.497926038501199,0.4003020111118727
0.0,-4.16992945160817,0.39986488422489813
0.0,-3.0799856032531467,1.6130979113074446
0.0,-2.9957640409851303,0.5531452638789559
0.0,-2.800503495502756,-0.6308218359855085
0.0,-4.875442859752592,0.2530894860741444
0.0,-4.235596679453169,-0.25927580723045374
0.0,-4.908721492797578,0.8274852575813957
0.0,-2.3128297666676314,-0.9701747958892687
0.0,-3.5572285561384627,0.8056986128737388
0.0,-4.031931844594087,0.34267915936383314
0.0,-5.355081963539081,-0.1761346140275269
0.0,-6.170600564286421,-1.1767872046763967
0.0,-5.59576915798391,1.2345184721153544
0.0,-3.825867021566823,0.6564063784960407
0.0,-4.81773933103033,2.2804645329891637
0.0,-3.3523363191347624,-0.6143170944561425
0.0,-4.356610683559514,-0.4613993066100327
0.0,-3.751194290303991,0.17789672881662325
0.0,-3.912831757126749,-0.8365588475922706
0.0,-4.102429855048997,-0.4288860915511752
0.0,-4.402301068193002,-0.0823793941921708
0.0,-2.498667878332082,0.5781108192055707
0.0,-4.830178744222183,-0.3296528851868399
0.0,-5.617242564275197,-0.35417620645747927
0.0,-3.464394205528923,0.39059661039333593
0.0,-4.554974703250521,0.467290774622945
0.0,-5.682385371046397,-0.31535748883739195
0.0,-4.358611975200286,1.2876352980767658
0.0,-4.140969320695654,0.6027374487205341
0.0,-5.514019005231461,-0.5567534458174015
0.0,-4.331596503831292,-0.9814484417303202
0.0,-3.8782698188012965,-1.5122670440290182
0.0,-3.9274748506203716,-1.8820565059622438
0.0,-3.558010238032711,-0.8967937907525872
0.0,-4.5287503213934865,-1.053596206004007
0.0,-4.26617495592021,-0.7169038653561686
0.0,-1.6946846881679467,-1.429709157109285
0.0,-5.321668141258716,-0.5395907584867812
0.0,-3.842100593973335,-0.2636920753631786
0.0,-5.752982416333868,0.19785949145405415
0.0,-6.22305053247888,0.040444529177030626
0.0,-4.087085652721434,-0.9445575470898576
0.0,-1.0733068487290882,-0.49268941226109797
0.0,-2.28160382040601,-1.1367357418379145
0.0,-2.845843584577968,1.7049733060169459
0.0,-3.414810224189766,-0.22502906377203113
0.0,-4.957924552591075,-0.4074641876902396
0.0,-4.198732295482644,0.4788773335303933
0.0,-4.244833917549201,0.15473621596210518
0.0,-3.7990799682100276,-0.7366856088028649
0.0,-4.225978687255699,-1.412823194418828
0.0,-3.9497572753372228,0.7542613070775589
0.0,-4.270100231356367,0.2221923824813698
0.0,-2.687344058912455,0.3275331261930695
0.0,-3.3359971361168466,-0.01639623374871236
0.0,-4.659172024876896,-1.8033643106021777
0.0,-5.473648443081323,-0.5962751621711843
0.0,-5.998787536093703,0.44579281051862757
0.0,-3.7063676371834107,-0.4853201398308892
0.0,-4.329562847717247,0.7289022814965844
0.0,-3.793824357391694,-0.30185027173002715
0.0,-4.556547213290453,0.32111635345825124
0.0,-3.8473494261810783,-0.9760537374410092
0.0,-3.574620129943393,-0.19618261645356938
0.0,-4.0367296437354545,0.8901631581759772
0.0,-2.96906815777828,-0.640496912189908
0.0,-4.097619300152619,-0.35298406715179026
0.0,-3.8798074314662117,1.8968183748304983
0.0,-3.304095999537142,-1.23069329945431
0.0,-4.89226841896581,-0.5437467873378766
0.0,-2.7904286751647307,0.07035680945214458
0.0,-5.122446176407122,-0.7779811212086731
0.0,-4.772591571098961,-0.3850323581640676
0.0,-4.2861741366262605,1.0508625147937156
0.0,-4.525694630293439,-1.340910507087359
0.0,-3.2668261996986248,0.5662666583734605
0.0,-4.743400570828484,-0.16375086677079118
0.0,-3.33827356807556,0.14815432196587727
0.0,-2.1885274531701913,1.1838323717619637
0.0,-3.8077351117731943,0.3518865888072851
0.0,-4.3865914845181555,0.013407754344054477
0.0,-2.337618321376583,0.15893693731289094
0.0,-3.9992535513506224,-0.10356591096800474
0.0,-5.25422746364923,1.6237751517821322
0.0,-3.0870669662575065,0.6589072005952425
0.0,-4.2503137475995745,1.8025221616347507
0.0,-2.8725301044246034,0.9904475963948455
0.0,-4.9297664264852346,3.6772114206710227
0.0,-5.679349126632939,0.6938187477011971
0.0,-6.099379195719614,0.6081035385378308
0.0,-4.901117341231484,-0.27260889507983943
0.0,-5.967064607022574,0.9385675650200019
0.0,-4.675657009323527,0.48032102084131795
0.0,-4.782338780165382,-0.30657916285892034
0.0,-4.2657484296961075,0.5681511941148879
0.0,-2.3222541482153654,0.5357517759182834
0.0,-4.716509358129514,0.06428963215891889
0.0,-4.182525080780766,0.30973806973321844
0.0,-3.8512126509464535,0.8160956895868541
0.0,-5.506192848503147,-0.867365769169068
0.0,-4.433639377870178,0.04443834615049544
0.0,-4.530307534303273,0.4744927378760136
0.0,-3.234159601158326,0.9671319117061842
0.0,-4.4820606593889565,0.4386560757889785
0.0,-4.954195185496907,0.9871381406997717
0.0,-4.404210082633226,1.2240365966472857
0.0,-4.18121400046834,0.5300080576570153
0.0,-2.983599668496928,-0.7618784109224547
0.0,-3.5642272717900045,-0.9071120938594449
0.0,-2.909301474073452,0.9165622692410704
0.0,-4.080033050198659,0.3471040724994749
0.0,-5.417055168336606,0.5241735687822415
0.0,-4.956174342601713,-0.926236379598592
0.0,-1.363262839357521,-0.1432479793949507
0.0,-5.903023768239361,-0.04665235501280993
0.0,-3.6949906947073425,-0.7192129412542212
0.0,-4.2017787170797245,1.7493865996226177
0.0,-4.7864371028978425,-0.34438477137597134
0.0,-2.692033252264097,0.607891384496318
0.0,-1.4019154762822084,-0.7146043352591406
0.0,-0.5395473228105974,-1.3209929505803124
0.0,-4.2282172812249685,-0.714587911556905
0.0,-4.558462452010051,-0.6662091644297687
0.0,-4.514749660581512,0.4424506711198165
0.0,-3.055486011193805,0.2216511494035317
0.0,-4.466733351121549,-1.8492306145443382
0.0,-3.8359746667237764,-0.5967506407126615
0.0,-3.3770970882790285,-0.9374552130371707
0.0,-5.957643324096978,-0.6141334607111363
0.0,-2.660949436284323,-2.108522876826366
0.0,-1.5771205607708736,0.24903440579677832
0.0,-1.7065499573092555,-1.1106845988217526
0.0,-3.919810752048977,-0.9147473488333716
0.0,-4.522366252739463,-0.4486630734260234
0.0,-5.067593589090848,0.3337486327175837
0.0,-4.019213172501119,-1.2369601160276762
0.0,-3.39179688227382,0.5029360252817929
0.0,-3.4445014997719823,-0.4786711938677964
0.0,-5.802215314951113,0.2939929607744667
0.0,-6.7020355351274095,-1.906434205048098
0.0,-5.749129791153151,0.9787878574392487
0.0,-3.4923573157553927,1.830326469192017
0.0,-2.9497626591360504,-1.2377444727899225
0.0,-6.898544658481088,0.2701768698664387
0.0,-4.1318893600379925,-0.18922678268621718
0.0,-6.986728842329227,2.1884191781925417
0.0,-3.0399941018612058,-1.8297905597895627
0.0,-3.4768682240703104,-2.3434169193973227
0.0,-5.14375678951581,-1.0722388435491674
0.0,-5.090687735609648,-1.514364103447249
0.0,-4.074268390978554,1.2238307409731954
0.0,-5.139498592914063,-0.6589026481699001
0.0,-4.110622174548001,-1.3881031425492072
0.0,-5.315747679872342,-0.005106450540533486
0.0,-6.03357724726236,-1.259231666938272
0.0,-5.151393608958101,-0.846318294731679
0.0,-5.399415781229149,-1.6010678260322704
0.0,-4.656100193042351,-1.3112347441191858
0.0,-3.7399931578895034,-0.5757207381144767
0.0,-5.033052573648079,0.2842931616177664
0.0,-5.153001978042282,0.6985565395676183
0.0,-4.299245410641081,-1.1907353457265162
0.0,-6.289150571010589,-0.006232237680571544
0.0,-4.216727527038199,-1.2481186120925751
0.0,-5.629528338509746,0.9958183527213464
0.0,-8.553117309229796,0.5269595060372367
0.0,-6.195015023578956,-1.3537879074465935
0.0,-3.5221591626111617,-1.0010121823326235
0.0,-5.467983933046312,-0.4854163778560178
0.0,-3.1550453542653076,0.41310650150069267
0.0,-4.590045160791846,-1.0093855645904757
0.0,-4.143312174316799,0.3738308371242408
0.0,-6.032232046052953,3.1987896238830094
0.0,-5.440306201669594,0.5858518655148881
0.0,-1.052906109897807,-0.4898391121595721
0.0,-3.87305673086722,-1.10680792721937
0.0,-4.103915068751451,-0.2826225064332817
0.0,-5.433001831711117,3.571198962991152
0.0,-3.989459336905001,0.34507996875231756
0.0,-5.146644936384502,2.4770299889629928
0.0,-5.052407752321225,3.2194822906828504
0.0,-3.3233443422769122,0.9687432216403019
0.0,-5.382169385671806,-1.3278631950521818
0.0,-3.0892265154925056,0.5943505504539419
0.0,-4.937871907875503,0.7305590913185318
0.0,-6.157958394266246,1.1331099124374073
0.0,-6.102516697223565,-1.7178152042597103
0.0,-5.441201883821465,0.6272399438069102
0.0,-3.8815761525819785,0.5588579424435111
0.0,-5.133236927876932,-0.370989489459979
0.0,-5.105186668178939,1.135720601312473
0.0,-3.6150035192867795,-0.4610208203250249
0.0,-3.3358103664582037,-0.6937325914436421
0.0,-6.698928915323787,2.5281122718848286
0.0,-5.805508475478337,-0.7275284075047024
0.0,-6.5864437722600995,-1.5004431482613787
0.0,-2.5151482899869175,-1.3321570527968125
0.0,-5.019448251268699,-0.6546408697623448
0.0,-4.198710827043273,-1.934308284358015
0.0,-5.3747165033260424,-0.9263572257925311
0.0,-2.698641525894025,-1.197575453089258
0.0,-5.690900121708906,0.038986102865547934
0.0,-2.8243224586214892,-0.8160340463402899
0.0,-1.7865557505150378,0.3468962143220907
0.0,-3.4815437547021477,-1.3176866018603854
0.0,-5.9501834263178095,-1.6869426570480957
0.0,-4.771334147478737,-1.714879598279772
0.0,-4.732208874289368,-0.19419740594053017
0.0,-3.0324108845245528,0.39757035364282634
0.0,-4.938284919724773,-0.7248507469235466
0.0,-5.234000405513112,-0.34591293111255933
0.0,-4.618408464236661,-1.0320369954096298
0.0,-4.467238499427723,0.7843901461019238
0.0,-6.190979774917249,-0.7489135502230704
0.0,-2.811748581398768,-0.20190296738834254
0.0,-5.388895643024676,-0.9969910851702006
0.0,-6.048203001943058,-0.3728463171012366
0.0,-5.516357989736574,-0.039335004907936226
0.0,-3.1403555113721144,0.0787588358182065
0.0,-4.661943383896004,-1.2319586148464468
0.0,-6.982799589660707,-1.6270109471590064
0.0,-4.4480313683970225,0.7878640222689207
0.0,-7.195890974406025,1.0265870463592177
0.0,-5.659212688596407,-1.8642021167079956
0.0,-3.32239735955543,-1.4928233173998795
0.0,-4.739501076943458,0.21862778877410025
0.0,-4.439726329031518,-0.9018269158685263
0.0,-6.047039031194918,-0.5033377810847434
0.0,-6.507895016836485,0.5338485633583748
0.0,-3.6082992548526436,1.385357657456116
0.0,-6.076528663799323,3.7150237299313686
0.0,-4.529402610656357,1.0932473483665526
0.0,-4.217174846358612,-1.8625832267795666
0.0,-5.2086558205506295,-0.9586671953854551
0.0,-7.377098751504349,1.0024038849260695
0.0,-3.299012984734946,0.04767525942182264
0.0,-5.638548361841135,2.555192569067598
0.0,-6.621679713623242,3.0786860071452167
0.0,-3.6602877092211386,-0.11286758396831298
0.0,-5.744704958165674,0.5496163454509672
0.0,-3.3766487559032368,-0.20941144936419057
0.0,-4.481117672318265,0.3968094891211753
0.0,-5.805097730692803,0.004064712154123979
0.0,-5.979102336455249,-0.6302070005332996
0.0,-3.183465972292321,-1.2053157766563696
0.0,-4.660119772777345,-1.3138362780505208
0.0,-3.6385507922561837,-0.8135955715416484
0.0,-5.5868331381991805,-0.8098318644979733
0.0,-6.1871915364095,0.17844351235129655
0.0,-4.421643261888004,3.323393455539964
0.0,-4.021070853651643,1.2878490660689845
0.0,-4.117481717105023,-1.7847586749953834
0.0,-4.794648022105671,-1.142809375545859
0.0,-4.564184684283847,-0.09162881240281501
0.0,-7.588258303056981,1.112116866685195
0.0,-4.519163946783978,-0.2107502564599817
0.0,-6.596903570455229,2.035515892674864
0.0,-6.867250557639286,3.454485420356816
0.0,-3.6953801533161705,-0.6121225059916066
0.0,-5.39208167872957,-0.22613985123513192
0.0,-3.0432910795495145,-0.6458088854138374
0.0,-5.135876694112861,-0.8283173455961875
0.0,-6.896259116973822,1.3659379207307603
0.0,-6.413879712540676,-2.4619417375573613
0.0,-5.1940480009182135,1.6581255306615579
0.0,-4.380051340038895,-0.3019834125119681
0.0,-4.761334104129154,0.022998588397673634
0.0,-4.446678231936323,1.36111210910127
0.0,-5.151099584885593,-0.321106576537934
0.0,-4.2354259386673005,-0.7795190985161412
0.0,-6.033950986809477,1.3224912726972573
0.0,-6.399551444032832,-1.6716385980836537
0.0,-6.092477464785571,-1.3896205023346038
0.0,-6.445408121309293,-1.1207862075945303
0.0,-3.6126143987801265,-0.04599315890746075
0.0,-3.5038093806857984,-1.079702136214088
0.0,-5.133469588495598,-1.187623905043413
0.0,-2.335489224720754,-0.8066280462316672
0.0,-5.710127155476338,0.7900289864916965
0.0,-4.502958021234327,-0.11456710991559209
0.0,-3.2190639249290465,-0.9772092388276336
0.0,-3.811262978011459,-1.6776643255342927
0.0,-5.987080339288711,-1.3673583222231063
0.0,-5.623398929972926,-0.851313598526189
0.0,-4.394309240203716,-0.5847036300292642
0.0,-2.560682768027939,1.6574178760165745
0.0,-4.889689284712844,-0.9539321902464049
0.0,-3.569870836520924,0.3102604556735922
0.0,-5.990202832309686,-1.6119958484132655
0.0,-5.8729517467999806,-0.4474673485319448
0.0,-5.331726646417257,-0.6851834899463616
0.0,-2.7076993233074145,-0.48557895723819094
0.0,-3.6319105235503364,1.1863243288857628
0.0,-5.489439922151344,-0.07860130008797143
0.0,-4.173861107143926,0.4095007574603535
0.0,-1.4339581749407062,1.2685818272519183
0.0,-1.8870541006691042,-0.6620110384032296
0.0,-6.413464554598418,-1.2074159625705625
0.0,-5.795181320188956,-0.23524462165383725
0.0,-7.352266679928849,-1.604339004492521
0.0,-5.728627346583378,-0.6619672198552183
0.0,-5.719513021722344,-0.7630147210236401
0.0,-4.873764645797663,0.28573988788393023
0.0,-5.766807694749537,-0.4938360630476185
0.0,-5.3460275214850075,-1.6405451121467058
0.0,-3.981952240405177,0.5346730971072382
0.0,-4.268643110276291,-0.9679648277419485
0.0,-5.882259595717078,-2.390112117625379
0.0,-3.840007028967456,0.8140086393479947
0.0,-4.236389920625231,-1.076216077357978
0.0,-4.882779667435589,0.8143518907773862
0.0,-2.7334055238373955,-0.1877573309744516
0.0,-3.506372904294258,-0.22748456358270094
0.0,-5.431929784006142,-2.004170967918532
0.0,-3.385663357832182,-2.4784604654700644
0.0,-4.064297106570583,-1.5679996556612168
0.0,-5.805344632725871,0.3060310383370262
0.0,-5.729893157213741,-2.301308488576214
0.0,-5.268096249054136,-1.609197855009081
0.0,-5.541884453746989,1.6372659708989183
0.0,-5.209655250454068,-0.9400487591555698
0.0,-4.76174260690991,0.25782937221518987
0.0,-4.6772480455775804,0.6346193520217903
0.0,-5.890626975260806,-0.46597808551988273
0.0,-5.614915723201572,-0.07514723147882657
0.0,-5.444728366382501,1.1121489080059304
0.0,-5.120252711733481,0.5570996025972136
0.0,-5.051323747127097,0.1565271900459014
0.0,-6.036354350089089,-0.4445190602239118
0.0,-6.741399346984601,0.9942924492538123
0.0,-4.009376036602168,-0.5435658023095311
0.0,-6.95061421373909,0.41889443089008743
0.0,-7.205272327977452,-1.0826397351985577
0.0,-6.011679290803836,-1.6481093926452415
0.0,-6.5370542785713,0.7229440093129207
0.0,-5.3459627930864055,1.6629188163072766
0.0,-4.26564463131903,-0.6040010205742821
0.0,-6.195981213823697,-0.5937830977660655
0.0,-6.918031526561901,-0.36042194577234427
0.0,-5.846405023807798,-0.6513136880369677
0.0,-4.487041365385822,0.38390232948299574
0.0,-4.207581976200821,-0.7651088968773456
0.0,-1.2312230342754207,0.6263984772962168
0.0,-1.367838747706356,-1.5601247614311697
0.0,-5.174277331409337,0.6079185888306792
0.0,-6.108122778550292,-0.152775141261155
0.0,-3.2777588524976773,-1.3723287570950973
0.0,-3.1457625241937084,0.49559066395634543
0.0,-5.149649318526128,-2.3398377725156085
0.0,-4.666808679516442,-1.1765650692225493
0.0,-2.8823438708392803,-1.7585975409531567
0.0,-5.140210337854151,0.693751454266114
0.0,-7.086571157649216,-0.6250624019002278
0.0,-4.135788456629602,-0.6896679497853462
0.0,-4.001447819869454,-0.9576971100889483
0.0,-4.669337493835318,0.5708751975235843
0.0,-2.2885127093153326,-0.36895701005076587
0.0,-1.9577512498592726,-0.8677416608460772
0.0,-5.547657945098011,-0.12123345127780598
0.0,-4.858958970476149,0.31947709666145324
0.0,-5.563115173218888,0.7011222480008085
0.0,-5.128085582922759,0.7264683258275367
0.0,-5.91232950589439,-0.6159100706917197
0.0,-4.459477161619017,-0.18078681777562927
0.0,-5.809777562218471,0.1822623380508665
0.0,-6.955196869629425,-0.2954128223296064
0.0,-4.9968971812738125,-1.5352705037456584
0.0,-5.571593821775595,1.1100923307882706
0.0,-2.3385308281735697,-1.4880653553893535
0.0,-4.157813252148852,-0.6331251299879186
0.0,-3.3437962938946595,-1.7221563830769542
0.0,-2.2511474601483146,-0.5891468170946648
0.0,-2.3146721789896088,-1.471210651804015
0.0,-6.170219051552854,-2.02375360932886
0.0,-5.982370252171083,0.8886400141157925
0.0,-4.540186158407975,0.3617663900104567
0.0,-5.4857313161212025,-1.433766601478015
0.0,-3.2078314019988876,-1.2108777866303602
0.0,-4.132459771860302,0.07342869388719694
0.0,-4.430705992142303,-0.8285630183337392
0.0,-5.148390844918769,-0.514345415032198
0.0,-5.357424677115665,-1.2923980736747585
0.0,-3.2799856699335335,-0.4122193575477721
0.0,-3.364397453027803,-0.8007275788913354
0.0,-4.565972025512744,-2.1002760905000533
0.0,-4.119025573462849,0.5282463049549387
0.0,-5.0904718999245615,-0.8128329561440132
0.0,-5.13265580858266,1.2657009318530326
0.0,-5.174932773986477,0.43035825771923
0.0,-4.72710113642969,-0.12504501847842833
0.0,-5.020499728103915,-2.3743823513715956
0.0,-7.062016485769385,-0.624864295270184
0.0,-5.648067700534847,-0.677084307135043
0.0,-3.614638966015118,-0.2219168502191647
0.0,-6.0789114029732945,-1.9679958715461927
0.0,-4.645319063586614,-0.1604818953483358
0.0,-3.4620052124683367,-0.4822676920787229
0.0,-6.66502257986695,-1.4695835565758366
0.0,-4.582442297197352,-0.11504382405603066
0.0,-4.3199312887556,-0.18908241326485836
0.0,-4.932804635237887,0.9147680791867951
0.0,-5.7654829971509765,-1.4379364927753153
0.0,-6.2477367764385265,0.7494189622787722
0.0,-3.859887988017644,0.5729376789862407
0.0,-4.935987137261403,-1.3241866203173545
0.0,-5.617254627635093,0.8079130468096397
0.0,-5.01456787056488,-1.7270783674902188
0.0,-6.956723736041096,-1.1484640877084962
0.0,-6.390407897051826,-0.6083017788137652
0.0,-3.4175226998449713,-1.0775880073374593
0.0,-4.609558192730812,-0.7674752222878358
0.0,-5.412551703307415,0.759835547268095
0.0,-5.306019073787355,-1.8641680763645465
0.0,-3.108042696575294,0.3922431494278154
0.0,-4.339132353187529,0.053449511378086866
0.0,-4.558365947606735,-0.9742962402553657
0.0,-4.760352200204747,-0.2204554014433185
0.0,-4.533281353329446,-0.578604741557165
0.0,-5.229299216713663,0.6115586173037368
0.0,-1.6451292831393531,-1.0703057107047513
0.0,-1.2640683020129289,-1.7323592693371226
0.0,-2.4149285187121645,-0.6469106598505387
0.0,-4.897322180013569,-1.0954606287182338
0.0,-2.077719959850577,-1.736223694065745
0.0,-2.2533903738747467,-0.9687794544651365
0.0,-5.55847554238626,0.5286236246319231
0.0,-3.6187174314730886,-0.25693026638302957
0.0,-4.262367637552832,-0.3723226472870122
0.0,-5.873324819365947,-0.8264395681719077
0.0,-5.670262997359049,-0.26409536965251945
0.0,-5.841090965916971,-2.002536240275205
0.0,-4.278930569185706,0.17111426519370135
0.0,-5.198452625221251,0.037464299874399615
0.0,-3.9749227815540347,-2.849929846851568
0.0,-2.0327120355799613,-0.5265407743351544
0.0,-6.621036436587873,-0.806892621841687
0.0,-4.567089180862362,1.0234663543405427
0.0,-5.694193877382577,1.9597230587941603
0.0,-5.864847356175185,-0.4865146178173688
0.0,-5.723684576760722,0.9230578445831898
0.0,-7.593691531261306,-0.8637787356136367
0.0,-5.102665017445682,0.7510167509847938
0.0,-8.927432898198507,-0.5763242900553736
0.0,-5.3145442154338856,-0.30336390201664487
0.0,-6.173537155775288,-0.4859027337426757
0.0,-4.07976852521891,1.042518837733746
0.0,-4.802437545895827,0.06514977885269507
0.0,-6.9948002381900976,-2.17405291824592
0.0,-3.70625811207142,-1.5937368578415358
0.0,-3.5759222956934225,-1.1853908935563187
0.0,-6.155805786155858,1.6379207242711604
1.0,2.9938603361174594,0.0033488718543862976
1.0,3.219067816833902,-0.24037240598271772
1.0,2.6319545850209574,-0.018624286339639338
1.0,2.6984515521684744,0.21056075349118195
1.0,2.1313675938161394,-0.11951572568389919
1.0,1.5433560206049555,-0.5423191907484513
1.0,2.0575770652966363,-0.7289434770045232
1.0,3.631469848441625,0.36173918832548746
1.0,3.389083956847556,-0.17330681680432086
1.0,2.985447373419025,0.3248082886824777
1.0,1.8539920717281948,-0.5112541551370803
1.0,2.20436195479218,0.6285717254249936
1.0,2.062653261274039,-0.09310306705184812
1.0,2.1202466963512836,1.3002474794036074
1.0,3.2817113909188036,0.22636178956002398
1.0,2.6243357043624442,-0.2806100352487852
1.0,2.86996481827947,-0.40495941474063335
1.0,1.8702187233521614,0.3562578046213432
1.0,2.4342161039680543,-0.489265673934554
1.0,2.150398649387099,0.8171082770139333
1.0,1.4392646050701061,1.1276163201173866
1.0,2.7170478264970925,0.017817609358374356
1.0,2.1857089206400135,-0.1618991432441282
1.0,2.200264530715378,-0.15579599255932278
1.0,2.696401552986977,1.0743107917105201
1.0,1.7290958676155117,1.5995103916755795
1.0,2.4143331470360594,-0.4999927161741967
1.0,1.8631802851765822,0.5828880382512488
1.0,2.144190655837796,-0.2940430365104673
1.0,2.0791066929034674,0.07061529166601542
1.0,2.233570721899268,0.06179160100169936
1.0,2.9839632796555975,1.8085136725878417
1.0,1.1568122346322889,-0.2435717003609662
1.0,0.9760871419948395,-0.5719021716230216
1.0,2.0041819492662487,-0.3603878968607947
1.0,3.0947816928845766,-0.3273833537340664
1.0,0.9579511225350175,0.5264329825952969
1.0,0.6728149899020311,-0.6066142316228597
1.0,3.867735844778941,-0.28984879497419624
1.0,2.1929692724932726,0.12639420601926138
1.0,2.2012351327475934,-0.5302840003137318
1.0,2.3373478611140683,0.056089212046741645
1.0,2.024325190718473,-0.3653689873309842
1.0,-0.16549181591898784,0.01787480593565685
1.0,1.2878414054568261,-0.7413705074492758
1.0,2.5455011268664713,-0.4011812615907614
1.0,2.7068567163615884,-0.18193727727267442
1.0,3.197199537543371,-0.6159978640683231
1.0,2.558214395063263,0.2374701670105941
1.0,1.8558036285882262,-0.5333280068457723
1.0,2.295122773310768,-0.44836207150274676
1.0,3.254600769166295,0.45990756893769785
1.0,2.977349882674097,-0.06590257581145706
1.0,2.823144478960214,0.17395822485958123
1.0,2.2086884446974775,-0.3590610187947501
1.0,3.319566836453855,-0.037333069853252666
1.0,1.7188785323276992,-0.09360260415636701
1.0,2.1108506047433058,-0.5169368322769133
1.0,2.270915554999431,-0.8841576387526398
1.0,1.5834124975863517,-0.47887375402679355
1.0,1.9625208667330694,0.44909521627256505
1.0,2.9914223553287353,-0.12664632666082695
1.0,3.5194369328239907,0.9025970086765271
1.0,2.5807388771756363,0.10258527274033691
1.0,2.642051872776626,1.2654227644793734
1.0,2.64043495944691,-0.152411265451295
1.0,3.2346233919885496,0.6576353174576871
1.0,1.3434896922737198,0.16004669291757254
1.0,1.9801046815246024,0.08061438331800576
1.0,2.406229730969285,-0.5903790966131987
1.0,2.8572593845136693,-0.8284129396322597
1.0,3.667995749824807,1.8605957186033142
1.0,3.191468492807658,-0.5907585159009364
1.0,3.8731578375997047,0.9659955576380815
1.0,1.8743744225654289,-0.0960484568507067
1.0,3.3857683478028937,0.04500934530858541
1.0,2.6071425773274783,0.20796884045900127
1.0,2.644909697837024,-0.3839717630718502
1.0,1.7388905136786805,-0.444734448474663
1.0,2.1788586516500077,-0.5330180404728231
1.0,2.3150287698515974,-0.22450751376553324
1.0,2.2846675771027063,-0.16982421376956797
1.0,3.0919019059550865,0.6983533874431901
1.0,1.727326323811946,-0.104952259150565
1.0,2.1496405206766656,-0.3857116856741073
1.0,2.565595207387245,-0.26195186230585144
1.0,2.054646441020613,0.16335435709323803
1.0,2.3254974583611716,0.018206075174758803
1.0,2.4539717657776676,0.169861626119923
1.0,1.2599776249700128,0.061437638296820196
1.0,2.92770513591259,0.46289410536103276
1.0,1.2767847046339582,-0.12863552439521242
1.0,1.4897425708019845,0.012984359505311585
1.0,-0.3547378911143295,0.08364092162647935
1.0,1.3286091557299415,0.05625159804894536
1.0,2.461403804825327,-0.7616200217657397
1.0,2.136544764459043,-0.8685256426667741
1.0,1.5159579942279138,-0.5943470289426703
1.0,2.4329321693117003,0.2575188414242398
1.0,1.2687746571355987,-0.01303160581138158
1.0,1.3436367530058178,0.4776779597289545
1.0,2.2284608117157227,0.08715667137203321
1.0,1.3488357208061863,-0.02934674392746562
1.0,2.413942701264158,-0.35440353076686715
1.0,2.4320770052888534,0.011391114000282036
1.0,2.4818110383504113,-0.6902742756277706
1.0,1.7677111153238867,0.061528504919228566
1.0,2.283247707304487,-0.2729851744495721
1.0,2.72462754866569,0.4874658622896154
1.0,2.179409641802138,0.10405406479757517
1.0,1.186801151549945,0.16216168123265304
1.0,2.2836487785613864,0.9744083967844055
1.0,2.1678439376749505,-0.3364866026797596
1.0,-0.4192524792526563,-0.576943901623231
1.0,1.6410398659480376,-0.5724901373399173
1.0,3.2397046787214165,0.15014330876598297
1.0,2.4006244642419103,0.9532732037320202
1.0,1.1859280325117112,0.9233475524179221
1.0,2.050823650390983,-0.6123012313525924
1.0,2.0836303597516874,-0.12983466613381234
1.0,1.6029207755122175,1.2383980125451386
1.0,1.418640656516657,2.3929832848064394
1.0,2.6651381836086765,-0.03251919863291837
1.0,2.4569663953369187,-0.09007007845462625
1.0,3.271621866527827,0.9823015371053258
1.0,2.7462744097198692,0.31103220619310534
1.0,2.254795750696576,-0.22133375560521065
1.0,2.4344166906087334,-0.06432997867019864
1.0,2.232934036037748,1.8325681554335023
1.0,3.1672901403966223,-0.4350398628005591
1.0,2.3815296950060074,-0.4272261751594153
1.0,2.484637688773146,-0.7468694542869821
1.0,3.0438598353657036,0.22137169012249588
1.0,1.0996403738102172,-0.37000508657568376
1.0,3.664183616186279,-0.26553756325234257
1.0,2.3287535918172835,-0.7078256348513348
1.0,1.8802153836479465,-0.3725315847740867
1.0,2.4063154652624013,0.6242224586665347
1.0,2.3869329609384553,-0.3036553458243522
1.0,3.0445605448927444,0.0007655290727035283
1.0,2.1831397248405757,-0.5235806393834808
1.0,2.8308288755557593,-0.6591544911541902
1.0,2.5323640724581353,-0.46631286239767394
1.0,3.308383278822038,-0.16546169993229884
1.0,1.5534219978439432,0.10406578763101243
1.0,0.3472876071215007,-0.45861261556701716
1.0,2.04157745291193,-0.590969762727555
1.0,2.7588352704967143,-0.3308151983513888
1.0,2.5992194789736143,0.1595140168667947
1.0,2.549387577467672,-0.548306728839527
1.0,3.029676978110381,0.06761726848503664
1.0,2.8732315048251875,0.9388797169411859
1.0,2.0080955596214074,-0.4923254825298038
1.0,2.7527518390432513,-0.37342075433602323
1.0,1.898914187296855,-0.24532564382458147
1.0,2.801017571384685,-0.3714568563033093
1.0,0.7866864585464415,-0.22968660610123512
1.0,2.280087532569858,-0.34074717747620625
1.0,3.45032076210391,-1.1397936632980021
1.0,1.1606893050671028,1.202871125026314
1.0,1.4082134798717063,-0.5993285721656233
1.0,1.253323701396908,1.2091052157696942
1.0,1.5357245889650717,-0.6662025406928229
1.0,2.8539386021372883,-0.8377310052501993
1.0,3.1522215127187643,-0.49502145634304084
1.0,4.365074129043163,-0.4938157356722443
1.0,2.1520937159272524,-0.6809420368897233
1.0,3.3352804742619973,-2.096530737609851
1.0,3.1685128579943584,-0.04322096180214149
1.0,2.9728011302441684,-1.3501009910281478
1.0,2.0400868439655535,-0.8147693568715243
1.0,3.5980399283099587,-2.8963275730351197
1.0,3.107988226019646,-0.1393834258734715
1.0,3.692670486425238,-2.1049640372679517
1.0,4.552665414223375,-0.5772181272112104
1.0,2.547298260413665,-0.7119183630495012
1.0,2.0986361639401925,-0.8864718579194438
1.0,2.5395970135967203,-0.5822320687518833
1.0,1.363584744162774,-0.5331081822656911
1.0,2.5660953020873354,-0.11631965854049706
1.0,3.2404065543482092,-0.7921702349906143
1.0,1.0551596658520486,-0.8294485357386262
1.0,2.1234201226264124,-0.9731216721591758
1.0,-0.2931943746671992,-1.0292427514036593
1.0,2.195709388159937,-0.389588375293546
1.0,1.538767447959775,0.6487596534925087
1.0,3.398875677233966,0.1605873772416155
1.0,1.9718007120983942,-0.6000996611368488
1.0,2.592696370648212,0.34625877732916155
1.0,3.0554693729196196,-0.4661155507880337
1.0,1.0920531430899931,0.28344282689849387
1.0,2.2520202845585295,-1.0734367054772944
1.0,1.3187154263601397,-2.510230369896064
1.0,1.117255402432064,-1.4329012711659737
1.0,2.1948038205129157,-0.48622016549660846
1.0,0.7929992269940461,-0.69507083761066
1.0,3.0742565351208424,-0.9412201946247027
1.0,1.7697660934157808,0.1368331434671601
1.0,2.097589164831219,-0.9561537072839258
1.0,1.9840614981124105,-0.6603324417455834
1.0,2.3572349144677878,-0.7398893548977082
1.0,1.8270668941200232,-0.5632354247362007
1.0,0.7442383979489671,-0.6962682868162561
1.0,2.0015156910196126,1.4816720088516593
1.0,2.24468501789067,-0.06035243145899939
1.0,1.488371326169771,0.6331516189498676
1.0,2.759286256804034,-0.027659020470296204
1.0,3.1554003714604493,-0.7449030337336269
1.0,2.7996629189206574,0.13922913197117376
1.0,2.5250902421264962,-0.7871361009682201
1.0,1.5467253847565643,0.10419352315083727
1.0,3.36562875618801,-0.25296803309504434
1.0,3.5346934619118966,-0.9856361716334201
1.0,1.856089851764598,-0.00814358393725314
1.0,2.3777841573341836,-0.7374604961849616
1.0,2.9226237871783134,-2.435000056650637
1.0,1.4729458038804184,0.5081420424895479
1.0,2.4037013500781796,-0.4314786964554954
1.0,1.7643250389732592,0.12973032472102372
1.0,2.1986954132091543,-0.37866955346394454
1.0,3.1949039945134943,-1.4461367989687914
1.0,3.7214979867030573,-2.05187833349269
1.0,3.7474474755761205,-1.107332159395928
1.0,2.4135597406528397,-0.2607672603579181
1.0,1.9925009445217543,-0.01829717028003268
1.0,3.1547692293920253,0.2993967392059477
1.0,2.751926559392333,0.01599633187328145
1.0,2.248304367750445,-1.6783151742853584
1.0,3.087081802793416,-1.0734098698804015
1.0,2.564650317657129,-0.7603785594443437
1.0,3.4633262938172615,-0.7085449440279087
1.0,3.773478174309475,-0.6920559103903497
1.0,2.854559715937542,-1.0354536604235
1.0,2.0263522348420735,-0.66488567011787
1.0,1.944390554997441,-0.9182649161394649
1.0,2.674337774264469,-0.5452208288266227
1.0,0.9274040372650357,-0.9490385964650354
1.0,1.92974621064779,0.9136811655116579
1.0,1.9956477977809663,-0.32108831636408186
1.0,2.0133606256211487,-0.17308620521030565
1.0,0.29125049102046147,-0.08325386662400137
1.0,2.1301349360410495,-0.43717554054227203
1.0,2.132619117541477,1.0239727302231418
1.0,3.1401106951363364,-0.28400852508522484
1.0,1.4327439714362833,-0.8441471031407166
1.0,2.248393981179273,1.746369901345485
1.0,3.5146029279036055,-0.625792703042272
1.0,2.138042147310448,-0.310752999898222
1.0,1.6557673156599728,-0.06242922559418688
1.0,1.9855975919549465,-0.4596944882367905
1.0,2.3724686187223543,-0.6559259157552029
1.0,3.34423648468464,-0.3047170884725634
1.0,1.4245179161462083,-0.5162346081728085
1.0,1.6211763480045798,-0.33553501050973744
1.0,2.279614713893013,-1.1822698755199483
1.0,2.4140168440638003,0.5525066106010341
1.0,2.195355520856447,-1.2210639918938466
1.0,3.678921895949079,-1.121391240967967
1.0,1.7266633773760696,-0.18614178508146184
1.0,1.9938590745278757,0.26555481447960794
1.0,1.2489319947843238,-1.5532000636710863
1.0,2.4642715611917283,-0.048363249239867866
1.0,1.4926506171662615,-0.25402723466167987
1.0,3.053018717449674,0.2258068628528092
1.0,2.0391085033072347,-0.49908943324563165
1.0,2.027297873209447,0.8217357636678271
1.0,2.1717056579724883,-0.6480376230463541
1.0,1.5172685091576956,-0.4109318828384078
1.0,3.282793186775712,-0.2968457433630743
1.0,1.6669280909734816,-1.0603737085566702
1.0,2.873444367650788,-0.9146024830593618
1.0,2.6716383942473976,-1.716747025149913
1.0,0.7592209115460766,-0.9273959384982347
1.0,2.0004844681492133,-2.0036428535645014
1.0,1.4487211754567675,-1.3994448451782397
1.0,2.665237936943436,0.25273502049252883
1.0,2.6204673795243196,-0.9567085724503739
1.0,2.9715191568733728,-0.8811787830816121
1.0,1.2412224950997828,0.0031278393294738114
1.0,1.3529986325385026,-0.9094957560639002
1.0,1.7386920725364057,-0.4719827455623496
1.0,2.9395704023979334,-0.4730384252620171
1.0,1.9545264476755821,0.27435998715252546
1.0,2.82623506290303,-1.3232717886641927
1.0,3.7200961503167944,-1.1223093873480652
1.0,2.731986645767208,-1.2287490425509764
1.0,3.2978466038292162,-2.1612005738520264
1.0,1.9292679781045357,0.8052531972359857
1.0,3.1831540868334476,-1.5855524100872334
1.0,4.30523799003073,-0.5100948720084686
1.0,2.5080654357336623,-1.992208880160456
1.0,3.2244469899361006,-0.7892363267783057
1.0,2.709008883850149,-0.5614072137072573
1.0,2.480574484537154,-1.1143988562772167
1.0,2.188314771931549,-0.5831677368295731
1.0,1.7801909606790751,-0.9412669735943948
1.0,1.2397562924192036,-0.8349249566358147
1.0,3.485022789303331,-0.7630570192771382
1.0,2.1638495305415617,-0.7049814924006649
1.0,3.403307357406318,0.6440330658549982
1.0,2.5926496576589666,0.02549397408582648
1.0,2.033577120441053,-2.506000385802297
1.0,2.674898313061551,-0.24534810171119156
1.0,2.6574551295330844,0.4426344954851969
1.0,2.921768836824272,-0.8082590907173973
1.0,3.566298868432156,0.6383875848716529
1.0,2.171510418180054,-1.063158008258359
1.0,2.975936100415093,-1.776558253852466
1.0,1.9440179108013294,-1.375099657846472
1.0,2.676305488058388,-0.0681912563751503
1.0,1.9483436350954175,-0.8396953818417497
1.0,3.2380664103534524,-0.21342781516841164
1.0,3.825907854535568,-1.0215725700885974
1.0,3.8427781258676452,-0.3704492643097137
1.0,3.3833178414351277,-1.3136591830481905
1.0,2.777406384191252,-0.8728671840485124
1.0,1.6258162073907847,-1.879085640660202
1.0,2.6632496512655273,-0.5385824347983397
1.0,3.4715250666017865,-2.2209204201211263
1.0,3.9321170831704055,-0.7017694441941309
1.0,2.9401332985007755,-0.5351399834574411
1.0,2.2202713583472304,-0.6950140189905909
1.0,3.2685820292951924,-0.7912684160145931
1.0,3.268154984749006,-0.7453007365928267
1.0,3.7365490700009274,-1.1095645257622833
1.0,2.998249366987064,-1.2678098382762018
1.0,3.208311282285785,-1.0913100994632572
1.0,3.878924503480666,-0.6799266734781657
1.0,2.965557213398453,-1.1774947998655756
1.0,1.9795647272385835,-1.386099655198046
1.0,1.5552348242332659,-1.9789579209721742
1.0,2.2221649568668083,-0.8815804548241047
1.0,2.234137854630592,-0.5610954168100979
1.0,3.330841909506827,-1.6792846666822552
1.0,2.368792642332444,-0.671089798117983
1.0,1.5121135440143474,-1.394268060292996
1.0,1.4435870167934692,-0.28223080101599857
1.0,2.7547616151246546,-0.9554353563506804
1.0,3.412646574811775,-1.016521760654725
1.0,3.2499127108072394,-0.3134027917870234
1.0,2.297606406735898,-0.8109096760835869
1.0,1.9324207985146458,-1.2068467028984655
1.0,2.329475244386941,0.058998922377856096
1.0,3.4118729846071467,-1.2601066032122636
1.0,2.6471646408009875,-1.246304737192774
1.0,2.467906571780903,-0.14071983098878685
1.0,2.106219533747036,-0.8663122455321313
1.0,3.074895865549854,-1.2549602858618176
1.0,2.572147606333298,-0.5148087729676188
1.0,1.3978463308216849,-0.5865727282189362
1.0,3.1170001012358846,-0.4852407950771389
1.0,2.151993871522273,-0.745823627515112
1.0,1.8370229306368355,-0.7531596242620101
1.0,3.3135324892316236,-0.48771175476715484
1.0,2.6166634248433525,-0.21447313819775202
1.0,2.4623111653587357,-0.2468419656627175
1.0,2.735151001301086,-1.8584630407958664
1.0,2.9012943933103745,-1.5901828689792101
1.0,2.114891288495082,-1.1389401601136713
1.0,2.1919790833387354,-0.8087828476110785
1.0,3.605171792392094,0.003113313897577288
1.0,3.746030867387214,-0.27038224347877504
1.0,3.6464191492226368,0.20874927979647542
1.0,1.713739866861898,-0.03759637605332114
1.0,2.9377212015987713,0.715920355841355
1.0,3.187464508035495,-0.4924137329769101
1.0,2.87786738075755,-2.9539181933017122
1.0,3.55966636468934,-0.3703067721477839
1.0,3.496012166873667,-0.6010694950395942
1.0,3.326806597951492,-0.09827481304357669
1.0,1.4518898502450253,-1.2591149976161184
1.0,3.037705802423403,-1.4480368500701333
1.0,2.2121234225395394,-0.701353613223914
1.0,1.9093764382305596,-2.437708999735846
1.0,2.2936868834596362,-2.0191275167071594
1.0,3.1383025544108607,-1.0839384919576502
1.0,3.463680791083899,-1.737070674461005
1.0,3.2874342196644677,-1.395188064817894
1.0,0.46593363835924007,0.10391973027198678
1.0,3.1115213939205435,-0.25668571120248257
1.0,3.064011788210586,-1.3895840812775078
1.0,3.6779084567730655,0.013538170478501435
1.0,3.6539607035708337,0.3306877649868558
1.0,1.9972318494789867,-0.675698269915494
1.0,3.5506376007926383,0.5005684437200221
1.0,2.3459942373367255,-0.15027272521541737
1.0,1.880449927875324,-2.362613485676622
1.0,1.995224680331727,0.10866985003570094
1.0,2.095390535035278,-1.2181686037248327
1.0,1.1763833889102357,-1.239644707973815
1.0,2.8230798335877747,-1.6292875153976991
1.0,2.8037173259923294,0.2518636937913278
1.0,2.404585435768234,-0.4350188299049753
1.0,2.081886076281713,-1.9286618395020818
1.0,2.581061071063855,-1.441899752151175
1.0,2.6917737605073087,-1.0828875898000458
1.0,3.5832414447025007,-0.43664150505253624
1.0,2.283967608892216,-0.8141357578731002
1.0,2.558394470499693,-1.418670442325842
1.0,2.8749155046118497,-1.128971953917281
1.0,2.542045578197991,-1.0077598363584017
1.0,3.3357435292495334,-1.3332882446616425
1.0,2.8301218064736346,-0.5351845392180271
1.0,3.906922613361661,-0.9294158966418725
1.0,3.4889448379777033,-0.9742821049869519
1.0,3.54019891558564,-1.3235398158145413
1.0,2.2338190430209877,-0.9293240174133189
1.0,2.6245473725675335,-0.7547361993280313
1.0,2.51779786670322,-0.1996876955501086
1.0,2.432647540341256,-1.146845332588632
1.0,2.785957276860344,-0.5094895171518149
1.0,2.761767651274644,-0.7230927218361568
1.0,1.1619345279557598,-1.8971765044225182
1.0,2.24300572330982,-0.9530068855055722
1.0,2.335109153096215,-1.0745395091397654
1.0,3.3413490139073074,-1.2695289999000003
1.0,3.2492125938995624,-2.0869554215432164
1.0,0.8907568964391115,-1.1341697587856208
1.0,2.5499635872021886,-0.48844247346974473
1.0,3.5955103050870325,0.07213674099548259
1.0,3.059849393645068,0.03938235832521509
1.0,1.4720443623417012,-0.837732639308877
1.0,2.988212328420059,0.4359089614331756
1.0,3.2474577560754674,-0.5470365150776733
1.0,3.068344367375555,-0.441423078174852
1.0,2.697515416056276,-2.4761277141786957
1.0,2.863175820210271,0.023867662735728806
1.0,3.093783320670425,-1.1466026294699774
1.0,0.8704899914964315,-1.058147860705682
1.0,3.3709060614278585,-0.8912246246404185
1.0,3.5388551548076514,-0.49011307586243014
1.0,2.8631912951284773,-1.5831419777654365
1.0,2.028693518105172,-1.4261352436614134
1.0,3.1776694263070873,-1.1523416762929368
1.0,3.389289145390652,-0.2016311306344298
1.0,2.5347692900609515,-1.0430505732526492
1.0,3.31324363204343,0.025347587570036068
1.0,3.9365274825753964,-1.2488483997223714
1.0,3.193324246069522,-1.0447974129693671
1.0,2.817570145123991,-0.4753893201911883
1.0,3.653609742643227,-1.187816760492509
1.0,3.689011572921573,-0.908981055435144
1.0,3.071993898603227,0.10867665819222953
1.0,3.491528336349623,-1.0549424344174867
1.0,2.577034643901982,-1.2004247885430854
1.0,2.202917383205815,-1.224588239534203
1.0,2.6809575828369887,-0.8924541105009879
1.0,2.621397077530924,-0.9226756860014045
1.0,2.456267519791138,-1.0964339056628725
1.0,1.945748231247315,-1.0394329289893918
1.0,2.1249328210818534,-0.810256965693496
1.0,2.050349060290254,-0.9456074989822292
1.0,2.3479677504055227,-0.7161725407740118
1.0,3.3944150734933745,-0.9397564800646253
1.0,3.3224571900292093,-0.6927099014590684
1.0,2.020605321718403,0.09078324724392832
1.0,2.717282394838942,-1.008397058295398
1.0,2.5127556194070335,-0.7583945947581956
1.0,2.701688965714633,-0.08805567296989932
1.0,4.027018501374035,-0.9349295167630003
1.0,2.0600218340451613,-0.6372579514782338
1.0,3.656283940831163,-0.792861886753577
1.0,1.7149048606710153,-1.3379161677888591
1.0,2.0545553907137157,-0.9037270644352395
1.0,1.3498495546133573,-0.7749880757167161
1.0,3.2893897478574683,-0.5629130408408615
1.0,2.3485516267261635,-1.0681143964694624
1.0,1.7065373818588458,-1.022820594894587
2.0,2.326550257034118,-0.9544322119564889
2.0,1.0010572130486217,-0.7845771867648935
2.0,0.9755120040299761,-0.17764821658026486
2.0,2.089769251011203,-0.9545039903368759
2.0,2.3677935821000555,-0.09780608184520126
2.0,0.3299520444453649,-0.1362738092023061
2.0,0.6969281632024614,-0.7068799647555957
2.0,1.8297887562672845,0.7604769338565501
2.0,1.5853077252611045,-0.7021978323571737
2.0,2.0941088294994574,-1.1902144510465549
2.0,1.136514218604355,-0.49676143208559265
2.0,2.29660691134167,0.42680635184567867
2.0,1.6252280733110158,0.03692101093198459
2.0,-0.5306305516667511,-0.052791263964913335
2.0,1.3057943216473848,1.3406710360357232
2.0,1.5913249403957137,-0.49630537273831876
2.0,2.1539031444434564,-0.5152520196777143
2.0,1.2911059203613346,-0.5960151859384795
2.0,1.8468453925139092,0.6355218644422466
2.0,2.8395697473321073,0.04549914830639658
2.0,2.326510613436729,0.0549306644831309
2.0,1.889404245085525,1.1118972111618144
2.0,3.013275453024437,0.027059755172920738
2.0,1.014407861700834,-0.7811847910189883
2.0,0.06274086809917365,-0.02831660417544589
2.0,1.203639720330034,0.35060240103518037
2.0,1.6298251301959439,0.1701528402919602
2.0,2.334609578878947,-0.7005982674171192
2.0,2.292830047689082,-0.6911486149179992
2.0,1.4194975978383426,1.3673386961833152
2.0,2.2549214462040945,-1.4746107678463816
2.0,2.109933751911614,-0.6025739432030315
2.0,2.512751320138157,-0.22469418447140513
2.0,1.4559880239653904,-0.612682578393647
2.0,2.5226534519983432,-0.9886174979854396
2.0,0.6785915888264993,0.593366181074142
2.0,1.9443380122751024,-2.5558755649285954
2.0,1.2119769201893171,-1.1561896954548092
2.0,2.269223310425017,-1.5790488727522847
2.0,0.08049864221317572,-0.43829447997888055
2.0,0.7931438139227035,-1.0373621647796356
2.0,-0.022995115043407694,-1.1487653019330029
2.0,1.8423508192211258,-0.25835239166155494
2.0,1.6682840054055355,-0.49579766478498555
2.0,0.2300836484965019,-1.4020779527599063
2.0,1.9123120287577455,-0.31538061238677934
2.0,2.1667669413915744,-0.06571538763608477
2.0,2.273370673481491,-0.010803788860831873
2.0,1.130443788587491,-0.46448196911548306
2.0,1.4670953850443278,0.21366333981585056
2.0,0.46666008914743096,0.29941042819528246
2.0,2.157434849703161,-0.23243441043176277
2.0,1.3695307726425587,0.0451662235169718
2.0,2.420159926090193,-0.856952625618473
2.0,2.7461060110508533,-0.6781564674106115
2.0,1.9617169933037426,0.4455659322619593
2.0,1.7123136869042668,-0.07102138712015203
2.0,1.832664930102697,-0.047502934577520736
2.0,0.7738054976224867,-0.32384007682652105
2.0,0.2313536714990121,-0.4226331229872752
2.0,0.9674877213524131,-0.27071628412582827
2.0,1.0950031826557867,0.3268908160063118
2.0,1.798969842852154,-0.1272653232973519
2.0,2.4577181059759075,0.010950904764142289
2.0,1.0073901683835753,-0.2687355549134624
2.0,1.5633258136278851,-0.018518850827528858
2.0,2.008675431345017,0.012248810653182543
2.0,2.3593212698850126,-0.08017024926270294
2.0,1.1851290219922148,-0.3899080737928221
2.0,1.2380957900948582,1.5052237232749022
2.0,1.8628998741864486,-1.1536697650768166
2.0,0.8814082141380668,0.4117185736893353
2.0,1.148658395418076,-0.1524521229482195
2.0,1.04394960432741,-0.7807589110461854
2.0,1.4898201347782514,-1.2124034469165037
2.0,1.4537098679381142,-0.11037326121682739
2.0,2.4325857037949503,-0.9533158758104826
2.0,1.9453061281429713,-1.4290581174052652
2.0,1.9263173435683623,-0.6735202195751399
2.0,0.7602914876828619,-0.24913619847323293
2.0,2.312753170495285,-1.3764200371272657
2.0,1.5964452990627958,-0.14382021020072985
2.0,0.4155546264762678,0.25874627294810815
2.0,0.9764985788225286,-0.18251329170341435
2.0,2.3175804122183528,0.1722022434730571
2.0,2.2097467300448694,-0.3083986449814293
2.0,2.0042776929784005,-0.5431341925503504
2.0,1.2376206547024817,-1.0442138825709555
2.0,2.6380561035098644,-0.036540741221391726
2.0,1.4418776111682312,-0.6858275159172795
2.0,2.4369870580533575,-0.3525485443714376
2.0,1.92175508216295,0.15931012036957207
2.0,1.5593312055400106,-0.5169429571217063
2.0,2.798505179093142,-0.5628758036336862
2.0,0.9875122293002164,-0.43691498086368996
2.0,2.486685711555227,0.7732777452858733
2.0,1.5357010568919702,0.38690821615475435
2.0,2.3369019328372875,-0.7181866393886712
2.0,-0.07159907909993057,-0.4297737940269727
2.0,1.777571696676768,0.2643782993062513
2.0,2.1966012194478823,-0.4315017455580367
2.0,2.6548523204374574,0.9994479232629866
2.0,1.9467778072527007,-0.2836286064105749
2.0,2.172912363481013,-0.7667585869675454
2.0,2.133023794295936,-0.37659138842520024
2.0,1.941469260369241,-0.7518435104131954
2.0,1.9603021426838518,-0.4568059524790305
2.0,1.9693932066113133,-0.2058826209980263
2.0,1.68226662656645,0.23951445971992844
2.0,1.7354790995403921,0.6493557347540053
2.0,0.10248593419612148,0.07116810659585303
2.0,1.6435467356506084,-0.6645270169835068
2.0,2.313744074173828,0.42390711205609755
2.0,2.2484158110377277,-0.8492735340824434
2.0,1.4621725476920733,0.4341628695077575
2.0,2.5018151649091944,-0.0637757651047368
2.0,1.6361436048770095,-0.7930944681539228
2.0,2.1257303563579484,0.5120044678538124
2.0,-0.028481563620671252,0.4188733809840286
2.0,1.37968763111871,0.22935422403539957
2.0,2.2522651035040995,0.16230887782882317
2.0,1.6250572354216448,0.2989716486971623
2.0,2.157278265000885,0.9225347649338664
2.0,3.42816936275435,-0.9017054527896312
2.0,2.878711323684044,0.5469138233671745
2.0,1.2670580021089324,-0.8077184409561026
2.0,0.3997684269449321,1.157047634483404
2.0,2.3746133433745436,-0.8558006659543169
2.0,2.2467163577854614,-1.179015846708911
2.0,2.958941023391578,1.121699940549242
2.0,2.0397065942862667,-0.5620603766313446
2.0,3.0963079438612153,-0.5971008823794689
2.0,1.361598025758483,-0.7015529473492578
2.0,1.8768556034594712,0.08916619329793304
2.0,2.28729774448856,-2.5561457382784605
2.0,1.3110117227062008,0.357152094036259
2.0,0.4976971963512274,-1.2482506571035938
2.0,1.3740730711204656,-0.3949737922293222
2.0,1.3764444320048972,0.05555342422924326
2.0,1.1909371077727668,-0.6178052958865315
2.0,2.151651086189944,-0.5979909096133066
2.0,1.826699706828827,-0.6798378916221066
2.0,1.2422018756158213,-1.2964089645952888
2.0,1.8889919279591194,-0.5243682462389594
2.0,2.0156065082489767,-0.4489852154464024
2.0,1.7944771624564906,-0.3486609409494093
2.0,1.003230101678076,-0.18391995995015564
2.0,1.5989166634963832,-0.28658008802632945
2.0,1.410468650059013,0.13913967944885222
2.0,2.2342141629795975,-0.33806372451454364
2.0,2.294488326004819,-1.1318353469154625
2.0,1.6708208697225349,-2.5101072925137915
2.0,1.6990824557634072,-0.618628305372443
2.0,1.9433562313817319,-1.135910715630775
2.0,0.7617084932788262,0.032160525739012055
2.0,0.5303612763631738,-0.9116897196484722
2.0,1.8202055451756172,0.32313120666720213
2.0,1.9794018486546816,-0.9325810966512205
2.0,1.6568706673505238,0.08810277772115241
2.0,2.530304674647013,-0.5116001634689851
2.0,3.5523291085386437,-1.186898983531021
2.0,1.531702866791054,-2.2072828015027603
2.0,1.9332783939382607,-1.2770845261879853
2.0,0.6514973205960825,0.11515043091339863
2.0,-0.16931380192252593,-0.6997907097539968
2.0,1.23666895484383,1.4517403706653416
2.0,1.8934148252892231,-0.0657486296383854
2.0,2.752640295208897,-0.18175036889557059
2.0,0.8718984463571613,1.7673368696962306
2.0,2.77964837138137,-0.3830644664956465
2.0,3.2112328996146156,-0.6954812063880669
2.0,1.3515570822111675,-1.0089840785476738
2.0,2.5924442872237554,-1.1314958691076582
2.0,2.5321418221329024,-0.8358694641466149
2.0,2.515888261861819,-0.9596218497129474
2.0,2.8236692926613234,-1.100752015513101
2.0,2.4162295331851236,1.2325232993483444
2.0,2.7428057512738917,3.1756846475584712
2.0,2.8785072374008713,-1.051643699422738
2.0,2.3621876549509673,1.4221079616706496
2.0,1.7322646539916946,2.241045127738424
2.0,2.606913579038288,0.1024569359415005
2.0,1.676599668648147,-1.5243121927864107
2.0,2.1727416341877612,-0.6622968394177053
2.0,3.093287954370783,-0.853499899402107
2.0,2.88132798162727,0.6859178693400313
2.0,1.8670844775776205,-0.3727019102517782
2.0,1.5387787338013343,-2.077322115152957
2.0,1.8770532803146207,0.04209239115823471
2.0,3.099654424629299,-0.8400279891014697
2.0,3.1706846584527533,-0.5642298712505094
2.0,2.568149733630765,2.5222848672562903
2.0,2.281695827768949,0.46254660432227546
2.0,2.2962475292169846,0.6053759287423245
2.0,2.0108467032452304,-0.2700903244051466
2.0,2.07269756406512,-0.1696327498051985
2.0,1.9973769529529166,-1.9233386174179214
2.0,2.4856544230308293,-0.3474619946586104
2.0,3.5550341208084113,-1.040299419565355
2.0,0.6414290310262526,-0.712201384512963
2.0,1.782795337936194,-0.7925996150122137
2.0,1.5273110826852943,-0.4024081246901577
2.0,3.2539471807477716,-1.1963895523134098
2.0,1.4171958919274223,-0.059234704349896625
2.0,1.2561189127073493,-1.018581926235298
2.0,1.7465669516194904,-0.8868790729615437
2.0,0.505940877631208,-1.1271161391498958
2.0,2.0093026350439773,0.44853836577369194
2.0,1.8257594931441417,-0.9098783857643793
2.0,2.677212706286061,-2.240259081559701
2.0,3.6404582156245078,-0.5973011843149457
2.0,1.8611331155322466,-1.1583016408132805
2.0,1.6744862610281184,-0.3122136098077439
2.0,-1.4021623922405926,0.6975750937082479
2.0,2.072201190706556,-1.0947706245563575
2.0,1.3922624888421868,-1.7359905770202615
2.0,1.6330287220488142,0.3112518239222891
2.0,2.5185996410858875,-1.0812239583025263
2.0,2.3172527776838017,-1.8689364395634542
2.0,0.9559821183296938,-0.30493275285008387
2.0,0.21777811983463113,0.14806389898973352
2.0,-0.5093929860544222,-1.0217055430787358
2.0,-0.15417244500957378,-0.16630281607208758
2.0,0.18821298129839192,-0.39610251552138814
2.0,2.3724189985946142,0.7210803269282251
2.0,0.7220206995986643,1.3431930703806556
2.0,-1.4722314344952185,-0.7054645421665086
2.0,2.626068575360603,-0.7217000070587343
2.0,1.9402917289731696,0.2363740384219615
2.0,2.0616033234135815,-2.526087858494664
2.0,3.319444994188463,-1.056253693110838
2.0,2.6479676885087753,-0.48622957695342334
2.0,2.249761741402347,0.39463481440946174
2.0,1.7544819554093343,-0.9082211184268734
2.0,1.490632167838133,-1.3843708959677727
2.0,2.0889987332818305,-0.6499504331676937
2.0,1.3779888890845347,-1.8635185284753646
2.0,2.3613566739338028,-0.2648532595611753
2.0,2.0565372481516655,-0.9637860805656794
2.0,3.362975433743696,0.6288020380495642
2.0,2.872130962484868,-0.35916920236552013
2.0,2.654131083572623,-0.7166886156221975
2.0,3.0045857399090483,-0.41816378935466064
2.0,2.972642618989094,-0.07672770656687104
2.0,4.279133390257555,-0.8389503197503487
2.0,3.107782438844619,0.16906251464480523
2.0,1.1054477383237902,-0.6849213458687733
2.0,2.9198964673647665,-0.6862675513157263
2.0,2.9950761981854344,-1.4653192788548202
2.0,3.9375839848836516,-0.7829607238003006
2.0,3.060306648622085,-0.3440133653758927
2.0,2.919010133789222,-1.311300088922467
2.0,1.9933245058951532,-1.080052148906331
2.0,2.4963116126520712,-0.94349099000737
2.0,2.0247653291990035,-0.37479095983713184
2.0,3.7848074399583673,-0.7831713169449184
2.0,2.001925613046303,-0.8110543696980486
2.0,0.9235871974972472,0.7229097114642888
2.0,2.6693105520980316,-1.836534810398592
2.0,1.9510004879104563,-2.0786518028080527
2.0,1.8816519954640338,-0.1727193238955112
2.0,2.409117701332133,0.27589226801135613
2.0,2.0299279674782236,0.062091848780630614
2.0,1.2646483999825484,-0.5349929102045616
2.0,1.4157996777919204,-1.033113922543336
2.0,2.1109281325653177,1.4284610979718295
2.0,2.476503349366885,-0.8195246282173766
2.0,2.7794477262302335,-2.3324901683353305
2.0,3.000119072200562,-1.1132814239535798
2.0,3.9413561476762466,-1.505431034691771
2.0,2.887502021733354,-1.4371089134869215
2.0,2.0170714652105457,0.26483941628558355
2.0,1.638498346989537,-1.0232736329428584
2.0,0.5901655401058407,-0.0018744630197635322
2.0,1.1938685672865166,2.7711348410456864
2.0,2.7695126811682385,-0.9711009933858451
2.0,1.575749049813319,0.7981872781464805
2.0,3.457079766187148,1.1924274266360004
2.0,2.5453585042680156,-0.9812545232281098
2.0,2.0390973966653845,-0.21904442822329157
2.0,1.6031834621787695,-1.6759722549226652
2.0,2.5125026774968187,0.18378502270947802
2.0,3.1405724915780273,1.2687133423796482
2.0,3.6154232601369274,-0.7786440111494762
2.0,3.4284917364065173,0.5745161004809346
2.0,2.0858211998032803,0.3013991035253309
2.0,2.536009829404306,-1.282857209971603
2.0,3.256380645805805,-0.6436110671366572
2.0,1.6595810226410312,0.12986509778783445
2.0,2.506935243824999,-0.9676941443049942
2.0,0.7818498826446656,-0.39839308455997435
2.0,1.9235324338878594,-1.344852213712505
2.0,2.704651066632207,-0.44832823836825053
2.0,2.138026552212429,-1.3175518278713465
2.0,3.320156259174839,-0.7675937048394027
2.0,1.9932952785166016,-0.28780060272803787
2.0,-0.08218548266466404,-0.40468426060041024
2.0,-0.057028143170992134,-1.312762093535696
2.0,-0.09626281176688711,0.4364984211298702
2.0,0.5934270602640869,-0.8207574025675878
2.0,0.9540339552259051,-0.4015001376812668
2.0,2.2172916367717885,-0.14318771591775126
2.0,1.5798245462494176,-0.21333421453770648
2.0,-1.8490290161567329,-1.4187893521110364
2.0,2.2909645727080794,-1.1757313110561536
2.0,2.4907853550776533,-0.882454899237895
2.0,1.908834882099846,-0.48910702883856294
2.0,1.8537028856666344,0.2654424719864125
2.0,2.236131440359657,0.08931242626081884
2.0,2.4595062354281483,0.002573275219117232
2.0,2.817438504799331,-0.5708932190339818
2.0,2.745677599129718,0.2990732077365474
2.0,2.258923392710813,-0.30411026805240315
2.0,0.36535042035997756,-0.9745188681442467
2.0,2.0575279754155122,-0.511929159012135
2.0,0.9547873145178002,-0.9118003641610253
2.0,1.70988726069767,-0.08062461421681369
2.0,2.2075451281867493,-0.6664535307336471
2.0,1.0345095728819613,-0.9898532770575871
2.0,1.469803836585879,0.7057310726218368
2.0,2.43956516438267,-0.7524282099111201
2.0,1.273421894964526,-0.13208809235520197
2.0,1.7585141319096762,-0.2374636335693216
2.0,1.6566323181093126,-1.398501307796964
2.0,0.7853543474044343,-2.0013501223151056
2.0,1.7904648725062582,-1.5446802694696598
2.0,1.2951007678283077,-1.7373066291022363
2.0,1.3108526253047295,-0.6251872745943501
2.0,1.9638031867222039,-0.22463644974342942
2.0,1.9339649354326738,-0.5959361925575267
2.0,2.2605042401270468,-1.2837077284326357
2.0,1.8522175319343703,0.17011613349419377
2.0,0.7280333960504597,-1.087936879195626
2.0,1.7483365239156228,-0.6118993623584491
2.0,0.9509665532627697,-0.6266564235855294
2.0,1.7979732137587427,0.014894285828321668
2.0,1.7092128318266666,-1.0851149508911921
2.0,1.7458978306859687,0.10984601336045692
2.0,1.4257674405227776,0.6790409038993336
2.0,1.9746182009272977,-0.6878187210208513
2.0,1.1155501844157412,-1.3011523168678691
2.0,0.1381240614821418,0.7372983762463561
2.0,-0.07951752069667314,-2.6312630992362256
2.0,0.8793205616864046,-1.0771603141853938
2.0,1.5745865101458614,-1.0832206353157245
2.0,1.1729727553334195,-1.3787935351616967
2.0,1.9310721156727242,-1.296857370687378
2.0,0.6443334480015429,-1.4227623338964324
2.0,1.7917411249714637,0.3128255265123078
2.0,1.0423278988078906,-0.719781315085523
2.0,1.6185484477339875,-0.7666641031700996
2.0,0.7561521709386109,-1.8879070581040487
2.0,-1.3770957660338734,-1.3076033528243802
2.0,0.9549352762957174,-1.252887379738513
2.0,0.5172433407452696,-0.5720145986588865
2.0,1.5610194238056836,-1.2796480158175332
2.0,0.497489912435028,-1.0481754136737997
2.0,1.4864899732254282,0.11103685000093595
2.0,1.3214226206291346,-0.1758507102751826
2.0,1.5159310288775796,-1.645689625304315
2.0,0.2847390106599388,-0.9838050104920739
2.0,1.8922699142376502,-0.30635623598643386
2.0,0.7676600829437509,-2.029476576824113
2.0,0.048809434789535706,-0.9901140897814715
2.0,0.3058635145973552,-1.861403320631034
2.0,0.9437459043689825,-1.2108544525943277
2.0,0.9640385590245848,-0.5056148331567392
2.0,1.4971074218951033,-0.8727245927828406
2.0,1.3108713845148474,-1.7610887217255982
2.0,2.0052398680285393,-1.1244313284079421
2.0,1.7733479701295385,-0.8521274191455832
2.0,3.0025492052176728,-0.4681348129169062
2.0,2.143040209345235,0.1301294792772971
2.0,1.9287621385507876,-1.5794619728642085
2.0,1.870336912897869,0.3344397689784244
2.0,1.4811807349577235,-2.119455062266901
2.0,1.3348116804725634,-1.1825197876596891
2.0,2.831294561159097,0.1441941265364394
2.0,1.0491717900067226,-1.3294744673728298
2.0,0.05647972800895043,-1.0925426003016379
2.0,1.1742472681693106,0.5371153418424434
2.0,1.4786420564462974,-0.41728221900922213
2.0,0.45574296184918067,-1.825460048774098
2.0,0.048611429566609195,-1.1518604145486913
2.0,1.1113948853718691,-1.3633566249675457
2.0,1.0812208973259478,-1.1295383847860359
2.0,0.9586821913086974,-0.529074320003069
2.0,1.300765605575043,-0.9274118077860499
2.0,1.2139370124368605,-1.4820400548235722
2.0,0.9496197345887503,-1.5106583382475698
2.0,2.4898031156519806,-0.6250632452320037
2.0,0.8560167353585042,-2.879645412871537
2.0,1.4429500548485874,-0.6401558321477884
2.0,2.6110095189126583,-1.0547982822503281
2.0,1.8418283513272078,0.3967544455176344
2.0,1.287294809146174,-1.7303974752318103
2.0,1.4673513296036362,0.6949194676125565
2.0,2.4679256092923194,-1.1175877950231174
2.0,0.7552458473072403,-0.36391957604154773
2.0,1.482660258037545,-0.08124707410954181
2.0,1.8327986547691335,-1.283103920777067
2.0,0.9896643182816567,-2.194573597299977
2.0,0.03263070668058061,-1.0959636154566323
2.0,1.324271219516098,-1.992018604788984
2.0,0.778261367458885,-1.1487567836816435
2.0,1.456027455543222,0.12891990211953663
2.0,1.3336409974113133,-0.7667240928291543
2.0,2.108429526571284,-1.2216793959929735
2.0,1.5254814454684915,-0.09923017764435751
2.0,-1.3114594196476412,-0.478076277321536
2.0,1.4430143388753947,-0.6490233520409788
2.0,0.43891071014434574,-0.5247527922777255
2.0,1.0254036953698606,-0.4688407382519912
2.0,0.903474786393234,-1.0463303510337658
2.0,0.8247833332991763,-0.04659294186086333
2.0,0.69502173895016,0.3643344882772665
2.0,2.9992405970704765,-0.1292797153478058
2.0,1.0043019186520992,-2.072250088073541
2.0,-0.5359328435011116,-0.948195434402958
2.0,0.9719059824403118,-0.20880643160339626
2.0,1.0433303751620373,-1.6961540297554034
2.0,0.8831747670195448,-1.3451703073500156
2.0,0.27035973783639833,-1.1314510512143592
2.0,0.8433115112389774,-1.1285274511579124
2.0,1.3373304726109991,-1.491537306263153
2.0,0.09844495071108432,-0.3263471808903893
2.0,0.5695406408647932,-1.166326923851552
2.0,1.2432638622779904,-1.8325285329590801
2.0,1.6514954565755753,-1.0129549141950847
2.0,0.38801195518581233,-0.366191861435069
2.0,1.2103857745236124,-0.8302311343458645
2.0,1.6819409469791884,-1.2769003731325854
2.0,1.3118065985002656,0.3759743926527627
2.0,0.7272412987962705,-1.5658563969674808
2.0,0.4186967151156852,1.0712156602849652
2.0,2.2447241700384093,-0.997389322908826
2.0,2.500505193651729,-0.7026057695889909
2.0,1.2376092608298537,-0.7648502675296404
2.0,2.305164722086886,-0.3248241515754362
2.0,1.631500183888233,-1.1859640847333774
2.0,0.7046055748762338,-1.4918891500113243
2.0,1.5755467322073884,-1.8971655636720888
2.0,1.3116260555338684,-0.8035096225500021
2.0,2.935684283302985,-0.10760234684662381
2.0,2.285370015826111,-0.6479866755647748
2.0,2.113134912224924,-1.1454028244691308
2.0,2.926439934851875,0.22918188597210146
2.0,1.8772291722025076,0.06687792296580333
2.0,1.403460500148327,-0.8115026466052587
2.0,2.1139340347010354,-0.31444851311862587
2.0,0.7892064829952679,-0.8620358992411302
2.0,1.2261598517207337,-0.6374912159722983
2.0,1.7926327901054098,-0.6222466717217033
2.0,1.348872986088791,0.11119432246697256
2.0,2.219376703908394,-0.4519114671699768
2.0,0.9269214157518724,-0.3194436719748694
2.0,0.8104637870843062,0.7863648792984915
2.0,1.8745097239657678,-0.9003885894299318
2.0,0.6553297162070767,-3.0141825257520396
2.0,-0.04854387704757096,-1.6789733173389572
2.0,0.644183632235917,-1.198144624975449
2.0,1.4646796299224942,-1.8066413488881388
2.0,1.5580056891144403,-1.317348985871368
2.0,2.162355075995806,0.36405803259804453
2.0,2.06624831591617,-0.651642782960719
2.0,1.7410182873462539,-0.6232507985734186
2.0,0.36143383789158645,-1.9815552946641466
2.0,1.2815775493522292,-1.2141552273644605
3.0,1.5590712342430846,6.757639019736949
3.0,1.0704039852481406,3.5374068988621143
3.0,-0.4571577104934156,1.1764421019815074
3.0,0.850559037171324,2.4039167204952414
3.0,1.9513610284807177,1.8312737725896806
3.0,1.7498233441051818,1.880432649468246
3.0,1.202486827776553,2.8312784482282187
3.0,1.2728180629108872,2.274959330307258
3.0,0.04708747939830364,5.132431396739354
3.0,1.409722920993071,3.327617391224222
3.0,1.266873150482971,2.7031973258722806
3.0,0.9759935235117967,2.446606306698707
3.0,1.9344235237107235,6.348352759492727
3.0,-0.006983849293835148,3.034032368711308
3.0,1.5405928028422677,3.958479507221161
3.0,1.0119119081971661,1.4973414925062134
3.0,0.5948159751561359,0.7240604810377564
3.0,1.201233671842385,2.397352016930368
3.0,-0.32473986376281466,-1.058975167591862
3.0,1.2910953221745474,0.8757267795989415
3.0,1.7350708123663658,0.8714337496386384
3.0,0.6172094575736584,1.0651153386015686
3.0,-0.036184961325353995,1.4447047907699355
3.0,1.7491699766027784,3.904450181336585
3.0,0.545084648503123,2.877241302523628
3.0,-1.015769401766485,1.887270134365791
3.0,-0.16270340952375542,2.750069673676946
3.0,1.3348388085553715,3.3261810720105376
3.0,0.7110459463651487,2.9316410664718955
3.0,1.3535849075828177,2.668845156061419
3.0,1.151630919652325,1.3448726709725944
3.0,0.404938731030955,3.127992326140433
3.0,1.6359378198074346,1.4250497898026353
3.0,1.601768474425003,4.822169270179522
3.0,0.6464477431130539,1.3305361592491112
3.0,0.9778356918002591,2.1513840965120177
3.0,1.629398635354977,1.6429222682325788
3.0,-0.38026773554445725,3.985261518238198
3.0,1.1029104671070398,3.025267930771693
3.0,0.7888979224368331,1.6203522329112658
3.0,1.0522963217831607,1.7576204314850292
3.0,0.9097142431989069,3.304417473426011
3.0,1.2445222306623132,0.322269289007057
3.0,2.009186632191313,1.8150713340789264
3.0,1.7666664557701794,1.6614136682237397
3.0,1.2671129929818747,2.2578367102447228
3.0,1.647783238056669,2.588778224617238
3.0,0.3368792410487337,3.5226070923908614
3.0,2.0084227070047764,4.622096258099577
3.0,0.4873787036200836,1.9475588199661598
3.0,1.5030450878465944,4.597730292478169
3.0,1.1133072838731926,4.960248264872644
3.0,1.7691637879887034,2.4478187131658466
3.0,0.39930653117249826,1.6714470765726255
3.0,0.7009695095050467,2.2862909508815292
3.0,0.9612499403624788,4.456249023883535
3.0,1.8946182895753896,2.623879135267368
3.0,1.7845145057419642,2.455023069514793
3.0,1.9385687752146747,4.473283959348281
3.0,0.8993999662491388,2.204146293405482
3.0,1.0877466231118893,1.2228451702251022
3.0,0.6224329078609006,4.576024497628064
3.0,1.6550636199035347,2.640841645218744
3.0,0.8887631706695932,2.8516169457863882
3.0,1.2039845275097303,4.52126335457653
3.0,2.0150671894132333,4.592051479347039
3.0,-0.9964655173914725,1.695374395991335
3.0,1.5406515356187165,2.0174523623926404
3.0,0.382665613447447,0.9276760732647442
3.0,1.6790348479527577,1.2233675078542428
3.0,0.26729613383950873,2.705619796807406
3.0,1.1916352646429262,4.845602953903341
3.0,0.7922780309398023,1.6318866622828008
3.0,-0.4735824478993792,2.428511295935899
3.0,-0.42340796436310324,3.3663422003000933
3.0,-0.12020920870832635,3.608072681066513
3.0,0.32369222004566933,1.6139550945558718
3.0,1.7359570140512457,1.570802571233231
3.0,1.8347056077565282,4.490526934673278
3.0,-0.05982273665070569,4.668952014788875
3.0,0.9310796022993211,1.7742803740372954
3.0,0.9633161528540292,2.919285515742278
3.0,1.1819817128450425,5.355234308333045
3.0,2.0290029177294504,5.909719610825655
3.0,1.9623596892291895,1.796499864068348
3.0,0.7542381836815445,3.6582232133206327
3.0,1.704977733692733,6.283650678240987
3.0,0.6361915240386192,3.435873341674011
3.0,1.9103024530865291,2.6084753129588685
3.0,1.8862317455217565,3.740859667139887
3.0,0.9639438609307305,1.9728583969572384
3.0,1.621835555222254,1.2311856238743946
3.0,0.37008269677817934,1.7895038029064627
3.0,1.2407224068115386,3.223466960897479
3.0,1.7251075675342793,1.3333391865153588
3.0,-1.082269272124312,1.1439710529200076
3.0,0.600576549625082,0.136938684179036
3.0,0.9391998856644994,1.0709704879176003
3.0,0.7061069651176184,1.502397960145005
3.0,1.000405037212299,2.2507397912589755
3.0,0.7572134750476346,3.54581600890881
3.0,0.9155899454560734,1.9482532089627675
3.0,1.6301040644138183,2.8170714522352234
3.0,1.5148928299560211,1.7625796342533901
3.0,0.17623588234669973,2.413377334421227
3.0,0.7179500550458691,3.7809925830666256
3.0,1.7927494770208732,2.2381633552985947
3.0,0.9119683557728901,2.0425268306864663
3.0,-0.15818603011399104,2.9506152560648533
3.0,1.074154683685412,5.034498355732173
3.0,1.2981489639369816,1.218262753459252
3.0,1.4528110375952796,2.706110038821319
3.0,0.9631727590779058,4.976743936792776
3.0,1.6815530676359518,1.8292920769590195
3.0,0.5711236434181433,3.337547902732516
3.0,1.0841004226830022,2.3530960701942556
3.0,1.3869243121549777,2.981620570215958
3.0,2.360002570083074,2.575667308076008
3.0,2.153002359388802,1.8272507669014924
3.0,1.5595832113315111,0.2994581159139873
3.0,1.2466121231193679,1.8702855176652085
3.0,2.0470826435663962,3.8711538503428526
3.0,-1.088698584463188,1.5877052360722628
3.0,1.344224383048209,4.674600074683558
3.0,0.23347454897705802,1.780871342440611
3.0,0.04687513088587897,3.2631432971976215
3.0,1.4493928136938452,4.3082945136072945
3.0,0.6055300396304197,1.6390418258061545
3.0,0.8790495455743385,1.8619937726435065
3.0,0.9042344968522215,2.3548690223340025
3.0,0.22254284864728216,4.211383934687346
3.0,2.5784128403431716,2.7709225758291463
3.0,-1.2656110267676492,-0.5679558350961177
3.0,2.2666756802832824,7.569791404424756
3.0,0.3605376365123823,2.796139240830286
3.0,0.1062591682240765,1.3294407519434253
3.0,-0.42563918176255827,5.439650830255387
3.0,1.2223275188242795,3.3628291575354616
3.0,0.6723249884787544,1.0328877187770285
3.0,1.7843339157594416,5.3160002753669415
3.0,1.3770062224125224,4.784554199354139
3.0,0.775500725177661,1.2411178358928903
3.0,1.3265218896128306,2.3749733267080924
3.0,0.4403966155865709,1.4198034057684403
3.0,1.9696900677131026,0.6472493885744297
3.0,1.2360471449250998,2.941094219696441
3.0,1.6529776748615712,5.930412526218948
3.0,0.741129575700595,1.3023079006656413
3.0,1.1766793029015616,2.4897271593975407
3.0,1.745852807009063,3.1692947870143473
3.0,-0.0009743498198018144,3.633524921067213
3.0,1.266703751651328,3.8171638943123654
3.0,1.2385348260065596,1.6085491027803511
3.0,1.3618189446234186,3.729505427959416
3.0,1.1571504314898626,5.161540632487047
3.0,1.4633569629137768,3.504846724389966
3.0,1.0572943937828219,1.8842826434582454
3.0,1.6826804238665756,2.5240318215979185
3.0,2.5642436577830203,5.412000285124539
3.0,1.3328500764077382,1.934409499593572
3.0,1.9132921979125213,2.852351299632731
3.0,1.2882254001993323,2.0149195078288358
3.0,0.42539568099385344,1.693939350792604
3.0,1.7079385667806806,5.037362888473713
3.0,2.4315833254414674,5.188644341131416
3.0,0.7768574263111947,1.4854159562058509
3.0,1.7469259368902037,3.295293300274643
3.0,1.7807523338811164,2.8274762077658617
3.0,1.0468891051063411,2.4908218218848486
3.0,1.202349400300871,2.1538773773136977
3.0,0.4376685262709807,6.657187429463971
3.0,0.26174658057954225,1.2160049589251674
3.0,1.030858005450691,2.1340114138722353
3.0,0.3839169299085683,5.935982025254856
3.0,-0.1918947333495248,5.088962944692371
3.0,0.18766250823613712,2.8446749775689457
3.0,-0.11803385683103174,1.9940633369229996
3.0,0.6619593579495612,1.5100432945114222
3.0,1.6964501997887276,4.363246400607388
3.0,0.39080863106666547,3.240955075894382
3.0,1.8928591982695573,2.7666760475342898
3.0,1.9018085696625187,3.9168949615761757
3.0,1.9270503461554465,6.122659249796202
3.0,0.28652812336031674,1.8804317154270198
3.0,0.8966699870615993,2.935131788949966
3.0,1.6341336176617147,5.976361239181457
3.0,0.87654502795402,4.716561677072842
3.0,1.3159233288208496,0.4140136292121949
3.0,1.86382876044261,3.1259357295089694
3.0,1.17819618085005,4.051332261851165
3.0,0.4477061953656968,1.012511176189998
3.0,0.8480732085325404,1.9188245120132117
3.0,1.9044637930617716,2.745992565451986
3.0,1.4399578364811276,3.07780297765222
3.0,0.04476166862172226,1.410288878980309
3.0,1.3903607303873395,1.2704664642996666
3.0,0.9379075377009973,1.4257590555816302
3.0,1.5645305682162909,0.7804187539914669
0.0,-3.0942412489219415,0.9518483758352752
0.0,-5.377804728256467,0.10531837144956667
0.0,-3.0315003083144236,0.6801477769468454
0.0,-4.12647507968213,0.07943789556365395
0.0,-4.00831187029163,1.4608927351072987
0.0,-4.532159421835702,0.596059906173768
0.0,-4.204276499377413,0.03521744349207881
0.0,-3.5239485927588534,-0.12334707012172587
0.0,-3.0000302672386048,1.0750435953267383
0.0,-3.0814384834418935,-0.2880160163783962
0.0,-2.1610831966022164,2.591968748274602
0.0,-3.041330507075693,-0.7243637895754435
0.0,-3.8689488529221476,0.09391909911623278
0.0,-3.908817032219416,-1.1768373272354489
0.0,-2.4360261186385257,-1.1893108839622348
0.0,-3.9091008340288873,-0.23374469681405957
0.0,-1.3803791701853214,-1.2556770239971617
0.0,-3.4318824353339727,0.22287307650335203
0.0,-0.9656022091514957,-0.7700436646365426
0.0,-2.9547621668751214,0.8569645834146609
0.0,-1.5425949944949662,-0.7355594522438136
0.0,-5.172645941963017,1.5644973147975563
0.0,-5.450425717802717,0.2887620678469329
0.0,-3.853679525407053,-0.9664778621634791
0.0,-3.8757709772796076,1.3309322961340364
0.0,-4.879329215745671,-1.0839458414870542
0.0,-2.312630792452656,-0.42827138810230675
0.0,-3.6335960969619157,-0.3999853973772543
0.0,-3.443927385853789,0.2055446154039226
0.0,-1.5237340597792264,-0.2838825899634733
0.0,-3.3409588421447722,-0.3051188845138333
0.0,-1.172554765811002,-0.965475357026519
0.0,-3.3740113687719444,1.6193746188895546
0.0,0.03449633506931956,-1.2163479170945248
0.0,-4.481959078682939,0.712369511877145
0.0,-3.4992645298486593,-0.021110008589916608
0.0,-4.718748299056006,-0.7185971324312908
0.0,-6.428989728044346,-1.6585594540320594
0.0,-4.235330427185858,-0.6250188707557482
0.0,-5.02094186659642,-0.5348607040501331
0.0,-5.482366731234158,-0.9364394285677784
0.0,-6.529665834169459,-0.5691984659871531
0.0,-3.419373351420094,-0.9340406007043756
0.0,-5.0118619064065095,0.11181017973248171
0.0,-5.466067912824367,-0.24452234155082794
0.0,-7.978029212876633,-1.4803283991704939
0.0,-6.129410686546598,2.8241396306330504
0.0,-4.351475572283051,-2.1370627599710437
0.0,-5.898809697769265,1.7874196214995073
0.0,-5.208347812856568,-1.244019080963389
0.0,-5.893528345620535,-1.1662361431843349
0.0,-5.897009005827642,0.7225167005625028
0.0,-4.922203335308203,1.4772192950957275
0.0,-6.99908706396927,-1.0553996108557975
0.0,-7.312083303090865,-0.8210593888797987
0.0,-6.018511638885627,2.124024441060636
0.0,-6.6381540202021645,1.2854041967669785
0.0,-4.865541934988705,-0.9613381801556127
0.0,-6.07929712985948,-0.7747339876147378
0.0,-3.0118425446152357,-1.286513600937147
0.0,-4.316604624908494,-1.405178373316344
0.0,-3.693068648926301,0.07306675210942647
0.0,-4.292153457957122,-0.40824306007059047
0.0,-7.009842959716294,-1.6199696318474346
0.0,-5.110676780000215,1.893769662746876
0.0,-3.9543181448692994,-1.906504234019237
0.0,-5.282048187814569,-1.640610164610503
0.0,-6.514075916275734,-0.777518824919204
0.0,-5.311652918839205,1.4502149797474186
0.0,-6.252756402786106,1.2733410198444588
0.0,-6.155985970044528,-0.06577355404020244
0.0,-7.4581577483465535,-0.7796847293907183
0.0,-5.141689086370369,0.061616025646184965
0.0,-5.374950894299115,-0.14515247555389363
0.0,-6.732186288273418,-1.0267491715798398
0.0,-5.187867951080296,0.025496729158011617
0.0,-5.1679094141286,-0.08073850736636987
0.0,-4.861775730163933,-0.3043458578275324
0.0,-5.822025537280553,-1.059400269810066
0.0,-6.124771398676286,-1.0790192256867188
0.0,-4.143315771670739,-0.32828488405464057
0.0,-4.9973666348641546,-0.7103570739186099
0.0,-5.619872685078895,-0.7277727584331272
0.0,-4.770060175254862,-1.049351926798687
0.0,-6.855345739359485,-1.8285179162796488
0.0,-0.8246360910729448,2.1971632542470307
0.0,-3.0962993650441413,-0.23492786768855037
0.0,-7.2862943038913786,-2.507307204428669
0.0,-6.85454464578044,0.5012662090107028
0.0,0.02845774402042947,1.6987662610743173
0.0,-2.696147330443422,-0.6523335514416869
0.0,-5.786708317360346,-1.61431517314004
0.0,-5.419627693432287,-0.9741762208358052
0.0,-5.728604698603766,0.682555772012254
0.0,-4.968921528165606,-0.35101035556922056
0.0,-6.071426736794934,0.2686911575034878
0.0,-8.212403523180123,-1.777816978867182
0.0,-6.464461915181414,1.1988804723474284
0.0,-4.4357143222889395,-0.5931821702605227
0.0,-5.29037287146321,-0.24628689242377674
0.0,-4.729080685710364,-0.9023480806646335
0.0,-5.865286611097889,-1.851809194986315
0.0,-0.22226442806440178,1.5403509105079807
0.0,-2.98174194381929,-0.47221067618905344
0.0,-5.140660498617923,-1.439213144812393
0.0,-6.490081531836368,-1.9212928301361927
0.0,-4.77190776243751,0.18617292667184648
0.0,-4.598748891953825,-0.6322676476917266
1.0,2.071054040016836,-0.27834565706718356
1.0,3.4103456265419494,-0.21871091168786558
1.0,3.121385803815032,0.98900108831507
1.0,2.403964571072484,0.4477847767378064
1.0,3.0391364044940503,-0.19643395312287454
1.0,2.058028589370856,0.9808442000628851
1.0,1.8283386206849193,-0.2508795122587766
1.0,1.7434125424644646,-0.4213919488796082
1.0,2.7278839934631094,-0.6390176590601628
1.0,3.102150892317336,-0.05497707895218125
1.0,3.060243845650714,0.13234102462590192
1.0,2.1335573175143145,0.35148102666176234
1.0,2.8247463511855417,-0.9617509732321775
1.0,2.081778233353973,-0.051592125109168295
1.0,3.0577481979109313,0.23823245726369613
1.0,2.9639272163807497,-0.22303312939331604
1.0,3.233938246652488,-0.03368093025802554
1.0,2.773925153666472,-0.3523862413714423
1.0,3.0393272508609623,0.4332306192208597
1.0,3.4672274541301396,0.7922253424959624
1.0,2.8728727292272054,0.4100444870014064
1.0,1.9035826594808758,-0.7970471158153041
1.0,1.9283570375067645,0.7164320907699199
1.0,2.177844627005152,0.28365144426588745
1.0,2.4881283352266443,-0.3668973903264416
1.0,2.5091896802725473,-0.18777533059378315
1.0,3.1712908181637816,0.2623896198945243
1.0,3.2502433912313955,0.01443686838361663
1.0,1.8971538933595962,-0.7668995691957259
1.0,1.7288456971315125,-0.32586100888348973
1.0,2.572675195026093,-0.28993389215215715
1.0,3.1556838231496154,-0.27757383925650336
1.0,1.9063775277158026,-0.36882173210909436
1.0,2.529098908553632,-0.8350280734795659
1.0,3.205069396268203,-0.3187641880728666
1.0,1.6518982299075562,1.6603843293187568
1.0,2.6859518196148686,-0.41676215259619215
1.0,3.6231236529735606,-0.3126001734267684
1.0,1.9037091159137103,1.2583289711247903
1.0,1.36824500702384,-0.3770872153444004
1.0,1.8318027424479129,0.5007591939091388
1.0,2.8523962387418393,-0.4900879074633668
1.0,2.8875042686468073,-0.6024884715670688
1.0,2.357587408774528,-0.1240726581088887
1.0,2.482430948408991,-1.317589902187073
1.0,3.9335817013362884,-0.3635322716848642
1.0,1.280009926273376,0.6929586563800638
1.0,1.6161789976370873,-0.30093087152420006
1.0,0.997809667456252,-0.4367788205289557
1.0,2.75170652155338,-0.301563011142752
1.0,1.650756696582725,0.3215326176104058
1.0,0.6678037895487008,-0.019194612370387124
1.0,0.8412061767900961,0.37678071016334336
1.0,2.6959910488416092,-1.3288391593155808
1.0,2.2897818815715834,-0.0431265714462412
1.0,1.4200653600655626,0.03835272277607175
1.0,1.2345976628311461,2.1351804864684816
1.0,1.6442032046012773,1.4477597033072378
1.0,1.5780923769833965,-0.13228797865867253
1.0,1.3354454872627801,-0.5362593270813352
1.0,0.9716717978831279,-0.5633655959704289
1.0,0.9486254600003791,-1.263003815071298
1.0,2.7257459589673965,-1.2373142634123298
1.0,4.568860378105884,-0.3566730114329044
1.0,2.4435808265202024,0.5962884456369756
1.0,2.631749460370188,-0.9203994908669199
1.0,2.7008129717457567,-1.132439826439163
1.0,2.6815499405305734,-0.02638549122507603
1.0,1.9337992010989333,-0.7502745781532042
1.0,2.1112820889150874,0.8651237229559742
1.0,1.6791754210496608,0.43080825961467695
1.0,2.132061043156725,-0.19310189688598808
1.0,2.626377794220348,-2.1014701120618313
1.0,3.8077461646911233,-1.669376870469803
1.0,2.8275978371259023,-0.7463988948445188
1.0,3.249568980968661,-1.0161066397006797
1.0,2.794717055744717,-0.10154259107742593
1.0,2.5170946766900535,-0.405595550450126
1.0,3.149183115705261,-0.8079470496783567
1.0,3.3190891921456576,0.7636888756757109
1.0,2.786060426645554,-0.559397520182842
1.0,2.9450302481619977,-1.1523968088551673
1.0,2.7740013295462806,-0.9350685311421005
1.0,2.6905499492940605,-0.6387548577956289
1.0,2.102423244295743,-0.6839873625426302
1.0,2.7033817092428167,-2.0310430453393162
1.0,3.384271817052128,-1.2461945729082626
1.0,2.035400812829129,-0.30664109054988165
1.0,2.852889956553722,-1.744485604846554
1.0,2.910166112683575,-1.1661818802424173
1.0,2.7676817419225967,-0.8362713463980694
1.0,3.432263272342312,-0.6234845337465105
1.0,3.2639069919111816,-0.48615050874390575
1.0,3.165703908228836,-1.8152467885788501
1.0,2.748266119933642,-1.8070860586751945
1.0,2.8443418970836842,-1.3094365657404177
1.0,1.8922509929953348,-0.7345836653918184
1.0,3.3142384493278723,-0.9330914954914972
1.0,2.2082891707206724,0.28944551222169607
1.0,3.3304488800479444,-0.16082952714029636
1.0,2.634070992743018,-0.6915884722320048
1.0,2.284383656754395,-0.20030958273107446
1.0,2.4382373126158954,0.39007311366056385
1.0,2.4454334186163664,-0.2569613162284307
1.0,3.028564176659021,-0.6192704139831897
1.0,2.768618219941093,0.7059916184746167
1.0,3.219544084796847,-0.9805861581983076
1.0,2.593217158596691,-0.8778487455153275
2.0,0.7598147412823708,1.556593667470079
2.0,0.7414007494539157,-0.29460016281500095
2.0,2.438642087043674,-0.51739963629483
2.0,1.9750872871303435,-1.1497462545703596
2.0,1.9109396370141956,0.030103859196904562
2.0,1.368315709016761,-0.661549763108872
2.0,3.3152126730318026,-0.5840952567662312
2.0,2.3750347538019336,-0.607684570795965
2.0,2.2847457638270616,0.011344701790148052
2.0,0.8694673897380749,1.2893420750074092
2.0,0.507551899166328,0.9485796346487655
2.0,1.902645907950778,0.28971308318484673
2.0,0.5116417499915775,1.2839067541612956
2.0,-3.189604530840765,0.3698075634732584
2.0,2.2386782696678287,-1.2493449358223871
2.0,2.1542165427848996,0.956052595193113
2.0,1.0285708049853488,-0.8675930793816364
2.0,-1.8765807634778526,0.9023145568937871
2.0,2.6793370630102906,-0.506984264790798
2.0,2.4264379689700832,0.5814909241199738
2.0,0.8744324529443235,-0.06632907154127676
2.0,1.0522890988881546,-0.17606192373307594
2.0,1.721386520066781,-0.21834351450401623
2.0,1.289596812589396,0.6263389886817964
2.0,2.61159587896605,-0.5520323745395008
2.0,2.0062188952476547,0.12518923290845105
2.0,1.8303725345901853,-0.314996508700405
2.0,0.07573778534559476,0.10377515537096013
2.0,0.938947267046906,1.2910784234951627
2.0,2.425600118546077,-1.2444247283599255
2.0,-2.390195706478248,-0.31121563186071843
2.0,2.5075345098249495,0.3690055902554113
2.0,3.0266972779477834,0.554029855209174
2.0,2.041567367018314,-0.6621573011041878
2.0,2.6364618351963656,-0.8341219111490482
2.0,1.2275261091437992,-0.6959580513642756
2.0,1.8176132148457071,-0.41853502984975016
2.0,3.3785560795265868,-0.5282099957165488
2.0,1.438564223402831,-0.7992662896752535
2.0,3.6936836630989722,-1.366017369824908
2.0,2.3549500940474495,0.4355271092805629
2.0,2.7468076436813242,-1.3988101327574398
2.0,2.4856908549465757,0.7888860976415433
2.0,2.2157989951037558,-0.34005813381327515
2.0,1.7849183542511249,-0.0014701113606800536
2.0,2.3858707264219072,-1.2097441504175626
2.0,2.456410415144599,-1.4377974886472087
2.0,2.3290244637509705,-1.0907369249919432
2.0,1.2300661084240239,1.0352214740545878
2.0,2.407238621576372,-0.684172161371167
2.0,3.7289139563731184,-1.2935501388002904
2.0,0.4163213262055295,0.16733888612733333
2.0,0.5156616508172762,-0.7571245135040596
2.0,2.3279541553994507,0.8481288569541321
2.0,2.125040316666511,-0.7110501574235035
2.0,0.805939083302326,0.7589633650034635
2.0,1.4854705021597374,-0.14078391923100794
2.0,2.465583979370001,-1.2127115320729605
2.0,3.972199225362221,-0.974058892240004
2.0,0.8464094682742077,0.8614612500760045
2.0,1.3107859175257495,-0.6479087443104472
2.0,2.1862728627881776,-0.21900064961843368
2.0,1.753568935105489,0.11446751166753048
2.0,2.76435278444761,-2.2169953723117706
2.0,3.241697595468627,-0.5926271255713554
2.0,1.3887417447240866,-1.8281350034598334
2.0,2.975904530950441,-0.5730724755550064
2.0,2.749628036966046,-1.7982104494836797
2.0,2.689792264469848,-0.7175276892576719
2.0,0.5203919782988282,-1.683363452560366
2.0,1.7535893240787932,0.7414923419534668
2.0,2.7334082099837014,-1.5756839767750823
2.0,2.227779413457319,-1.1217728274196206
2.0,1.782299113516936,-0.20597486923939382
2.0,2.3666473821350866,-0.2040179502114988
2.0,1.6712599650120008,-0.8756445533692242
2.0,1.4808366982353032,-0.9405586087566494
2.0,1.874528314863173,-0.37960725987713906
2.0,-0.03489637502963927,-1.3470871090507683
2.0,0.7094320940956809,-1.5436768577444484
2.0,2.800309947537691,0.18675525895873923
2.0,1.0968297056395466,-0.9226308567341783
2.0,3.3828268081464885,-0.34382552763641416
2.0,2.8306632687224456,-0.8526067468985169
2.0,1.3865443119820293,-1.3457721627924404
2.0,0.8492196449611917,-1.0600180441182636
2.0,1.8306444742935235,-0.07777887241857823
2.0,0.7466869062568402,-1.178208494356515
2.0,1.9881641354675699,0.4425830697793343
2.0,1.2077697981730886,0.24427326771642396
2.0,1.0299681206001279,-0.7777732157392497
2.0,2.855973725915728,-0.20106185479191843
2.0,1.8393387046141731,-1.0052861684833487
2.0,1.8079027010532653,-1.0732403377863455
2.0,2.1121763010253765,-0.21585882023694422
2.0,2.932610073282821,-0.050617021741212215
2.0,-0.10414524721136557,-0.9444909890072728
2.0,1.1991635941227448,0.6453279227696224
2.0,2.1146937915078277,-0.9848543238462467
2.0,1.6598580731707402,-0.3863849530536989
2.0,1.3427888606693257,-1.7235682872445077
2.0,2.4897571995487784,-1.5937422891498987
2.0,1.2961590580980695,-0.8632984964868089
2.0,1.2991668478061498,-0.5371753143041723
2.0,0.34142564525657154,-1.3193310180397655
2.0,0.9243894599908731,-1.027438959753189
2.0,1.606427819178794,0.17124992999024968
2.0,1.720536533473158,-0.636866805486322
3.0,1.3172098047508498,2.3155386640114894
3.0,1.8099632915840542,1.8224300205783615
3.0,0.8660051070005653,3.652132936976103
3.0,1.003317696424489,3.8023753411710324
3.0,0.9497570137159829,1.9698871069682902
3.0,0.46708208686752245,2.346824086544582
3.0,-0.08007953363353297,3.02653184943451
3.0,1.1361738116400586,3.3918048632916875
3.0,1.012133605721227,2.047918110764842
3.0,1.223529628734363,3.7086818528400514
3.0,0.8606184827241236,3.5193615328003367
3.0,1.512031724005684,3.339921639548156
3.0,0.9237112987850222,0.6473920335478607
3.0,0.20900177593863584,3.01152565835573
3.0,1.382379485234582,2.3706565830524915
3.0,0.9132362882097045,1.2319404890388599
3.0,1.740831608543486,0.09562001818054378
3.0,0.8773956198420247,0.7639401660558297
3.0,1.5728300492009415,7.002970429610212
3.0,1.8280577174801467,4.180204704986524
3.0,1.4093808326977795,4.014784919620489
3.0,0.977290084489562,1.5039835961144996
3.0,0.4415737744341138,3.1260029551900668
3.0,1.2919836195928354,4.946927952568961
3.0,1.739667707317645,4.024807076113294
3.0,0.5455490506194747,1.1079281163133763
3.0,1.749822338412278,2.8041989927075557
3.0,0.4364662485989821,2.4236415770096125
3.0,0.541019534313506,-0.1032050806502487
3.0,-0.1580674580661697,2.4331975109442445
3.0,1.9683485345989273,5.243796775901041
3.0,1.1783964743194197,1.9560034710296397
3.0,1.3392764964537978,3.0029148663194163
3.0,1.4503745911716253,2.474915518142838
3.0,1.5282310716478535,2.502126262779031
3.0,1.4282792715463712,3.1504167333346245
3.0,0.49734119220178774,4.211746807507329
3.0,-0.49819818799744264,3.315786374076097
3.0,1.6495017773207543,2.6775544867090133
3.0,0.9980273720822121,2.2728818295074076
3.0,1.6473369792404717,2.8458250186331835
3.0,2.0143169808693484,1.835301038652684
3.0,2.0032652901276506,4.505271928760886
3.0,1.537940416929592,0.8014894043225742
3.0,1.2835024700023834,2.524457397278685
3.0,0.45262411345478315,3.024342942621545
3.0,2.75255510800987,4.884025278852602
3.0,1.0055300584211788,3.391961707637989
