0.0,-0.8542573329403408,0.7661845525572036
0.0,1.3640522507073243,-0.45480954718136
0.0,0.8704485421119256,0.005911678642069026
0.0,0.37633519923619185,-0.5797123739589787
0.0,3.055546920240016,-0.5885787223020083
0.0,1.328542140062174,-0.8633431371400868
0.0,2.6181023109226254,0.1653638977456995
0.0,-2.0992342878020076,-0.8021704668226317
0.0,0.018812393633558064,-1.7225171181962762
0.0,-0.4743581205018134,-2.025708718900161
0.0,1.6858873929549307,-0.8456154270381451
0.0,0.04440049365948734,-0.6624269141261963
0.0,-0.37920885651318487,-3.0040253385856945
0.0,-0.611304239560929,-1.6932262208365878
0.0,-0.32600368254778544,-0.269560185429381
0.0,-0.7467867392032709,-0.13408835426372884
0.0,1.0959542751802596,-1.146170573636917
0.0,0.474170099618808,-0.399055316792974
0.0,-1.603128287002628,-1.595067309396908
0.0,-0.1804262526498977,-1.451844304112768
0.0,0.9550458765821676,-0.14066673019529952
0.0,1.8824634790890318,-0.04189198027266812
0.0,-0.27928638927910376,-0.27692846284784967
0.0,1.2466990222380803,0.9636852798382547
0.0,0.9191285582024343,0.8616171695794501
0.0,1.3692889613778245,-0.03593161614105308
0.0,0.033287948462895435,1.3639125654817885
0.0,0.3079165302135331,0.006279241742874552
0.0,1.009027484338091,-1.1395475830496633
0.0,0.7694262145509,0.27552416490868653
0.0,1.4412485539415782,-0.19083017411334732
0.0,-0.8154746737225086,0.9509947143669456
0.0,2.196012050554957,-0.23628841745669257
0.0,0.9304519283933681,-0.27639230949874316
0.0,0.6108412054511787,-1.6631137506661617
0.0,0.18034029291272266,-1.363603815751822
0.0,0.11496345617582973,-0.6375451104547473
0.0,1.0986013037328277,1.014150601919115
0.0,1.054879241482685,0.23513574882831598
0.0,1.0983855512009169,-1.5611442030116518
0.0,1.6573588949597853,-0.3268676751250532
0.0,1.1663049265491359,-0.34622501010552725
0.0,1.7488781910228932,-1.0996875485446016
0.0,1.6668492699493522,-1.431168669546114
0.0,0.9624719249855135,-0.9331663398136223
0.0,2.0106231348290886,-1.6743479561295953
0.0,2.594290340101319,-0.42639639294846887
0.0,0.20610128005095193,-0.12876291382331256
0.0,0.6968003181070662,-0.9277558142634477
0.0,1.1200737850273115,-1.1609471187573384
0.0,0.32011473796331064,-1.6519288378192156
0.0,0.3996216743261352,-0.4758768751576926
0.0,1.4935512656155934,-0.8958965807250344
0.0,-1.8369111909691436,-1.309734300879041
0.0,1.4641790706348095,-0.981541642821199
0.0,1.264529815625497,-1.947485851917241
0.0,-0.7056387103969514,-1.1568304159063738
0.0,0.06575964400614859,-1.8981226537163425
0.0,0.812848471501834,-0.9022053729406188
0.0,-1.3877447493261033,-1.7392844122008688
0.0,1.0063827940709256,0.42900521596088353
0.0,0.6570876206707617,-2.1842568185552196
0.0,2.590314962555377,-0.4053861112470097
0.0,0.7720758028578117,-1.949973582681785
0.0,0.647387686191963,-1.1572440489456814
0.0,0.7483584841480524,-1.7030734980793791
0.0,-1.3269250548899163,-2.0290783740589173
0.0,0.5113615996644975,-1.3994125883694248
0.0,0.04907342306241975,-1.1133081576663888
0.0,0.7136049352572524,0.0040892474899567295
0.0,-0.8892530426960983,-2.9341433312959837
0.0,-0.7804545723476911,0.33914842393050565
0.0,0.9909376904043499,-0.6765656463162223
0.0,0.043297554322226484,-0.20194061834547042
0.0,1.7629949980292583,-0.7174368122812949
0.0,0.9599449861330518,-1.1500567293545494
0.0,-1.3736387077884151,-0.6304375505785467
0.0,0.6423173228590718,0.10038198643052147
0.0,0.2508675848384345,-0.5947851193525993
0.0,1.7919225835140078,-0.550382945713924
0.0,0.8892788190277379,-0.5566628525482683
0.0,2.0553865081472757,-0.5001154707962945
0.0,2.6318245557345343,-0.8239815959245144
0.0,2.720556112702032,-0.41311135501708685
0.0,0.8220770948173006,-0.2942021016278554
0.0,-0.0543890231707592,-1.4901457929851232
0.0,0.34637692451710633,-0.23307486595895535
0.0,1.8585241461689566,-0.533871939986052
0.0,1.0278457196318664,-0.10660211801999873
0.0,1.1096720930323405,-0.9049549891301876
0.0,-0.2909023394135515,-0.0862928022395671
0.0,1.2894646982212608,-1.0083647781069038
0.0,0.8692942440164604,-0.974961925297932
0.0,-0.10315439114053802,-0.6998525170493382
0.0,0.6794765006786474,-0.31313773203955697
0.0,-0.20163867521997408,-1.2119023985379882
0.0,1.5548076449810007,-1.8572634786354152
0.0,1.8267619603113179,-1.0005749526287444
0.0,1.4892874199189199,0.03808256311174911
0.0,-0.9668999707036031,-0.5777300883803649
0.0,1.065115624209759,-0.28090791345151
0.0,1.4345670608140355,-0.6966985728379407
0.0,0.7145069131613808,-0.6099597309116714
0.0,0.3445393039928772,-0.11684860231366584
0.0,0.9713003006934671,-0.43891920380606314
0.0,0.06576234113153996,-1.2943958988821436
0.0,0.26766584691559,-0.7176183500270454
0.0,1.0561331585910263,0.0666645307439985
0.0,1.7468259846731924,0.0671048918581392
0.0,0.5302135932010023,0.09019265410791309
0.0,-0.05715985642245285,0.0019187593012763814
0.0,-1.4633559888766066,-0.33013096247854345
0.0,-1.3423748001898392,-1.5671014596027453
0.0,0.9687434089398504,-1.7682348168224218
0.0,1.4190164916152292,0.38696350699071524
0.0,-0.6783438030500895,-0.08545209186972276
0.0,-0.4278290382761317,-0.6613508594306272
0.0,-0.5748595840933941,-0.34344181672936147
0.0,1.5835950418878233,-0.30882940297620753
0.0,0.9209468114555743,-1.412301175066153
0.0,2.049094833461082,-0.515095920549227
0.0,1.0668242191707853,-1.1011883337715431
0.0,-0.44067342358706263,-0.3685961540188717
0.0,-0.8110294494421724,-0.5393564067157596
0.0,0.38656659157190665,-1.0181843398615624
0.0,1.069219768931919,-0.7656842668240875
0.0,1.377198657923241,-1.00703204530001
0.0,-0.7416604658786277,-0.7737261738887486
0.0,-0.13919031338288473,0.011706370837592047
0.0,0.9899950175496655,-0.715780837828668
0.0,-0.7055433522912166,-1.8667654078288514
0.0,1.4549916320990743,-0.7814990259336667
0.0,0.47335341740949194,-2.4453572219433912
0.0,-1.6031433524558918,-1.3090685226540026
0.0,-0.14451075690142595,-1.8847558956210277
0.0,1.1051274758030576,-0.9671095373644045
0.0,0.5073087016808027,-1.9738711298308997
0.0,1.3380548600226672,0.8123026416496221
0.0,-1.046926499824271,-1.085955938678294
0.0,1.4549439201050658,0.5447768581385102
0.0,0.6546364980273034,-2.0469607613517073
0.0,-0.8825387645932522,-0.47421549305172495
0.0,-0.47757073377981835,-0.682624270400857
0.0,-0.38769413116675766,-1.4672775356939296
0.0,0.7804398930418671,-0.7926808574843613
0.0,0.5350100000756487,-0.7881319155067306
0.0,2.038722973728075,-0.6247800453561345
0.0,-1.932189708663688,-3.4133839004030753
0.0,1.9440779366794352,-0.9596916179828455
0.0,1.3477851645830234,-0.8145574757314923
0.0,-0.21152401348223554,-0.6889601291668712
0.0,0.2515757754579084,0.444687009138943
0.0,0.9775919436325351,-1.1487973405849818
0.0,0.8666530121897206,-0.9306393401746145
0.0,1.6611099661645354,-0.9209522400499232
0.0,1.6859306852475835,-0.18810912623700515
0.0,0.12063902543411871,0.8664917451691537
0.0,0.25122795743294485,0.03523060394117432
0.0,0.2648377697312271,-0.3362111994538299
0.0,0.6851438936916618,1.7047228207954317
0.0,-0.39868953847387273,0.7245876258171927
0.0,-0.02893038352969585,1.7406136749033276
0.0,-0.12028131717100139,0.907402582684505
0.0,-0.6419003213473202,0.22399203008850815
0.0,-0.425363438109865,-0.25927654888105517
0.0,0.6103116666426923,0.30959161228967524
0.0,-0.5404275539475267,-0.15484732723012073
0.0,-0.6745675466708998,0.3966214292349754
0.0,0.6706006646287427,0.24124789164153748
0.0,-1.646024247284311,-0.5893585367315147
0.0,0.23766267865163287,0.41425765263611947
0.0,-2.243168470240979,2.081617512759449
0.0,0.3211749036892865,-0.15305387672304555
0.0,-0.811764021936603,0.15073089529326125
0.0,0.831173493251411,0.3953432845918341
0.0,0.31093442588090053,0.6109774085373403
0.0,-0.4796352300097865,-0.2934558561932519
0.0,-0.20583256631868405,1.8826765831126657
0.0,0.6714621272240019,0.6037321821640051
0.0,-0.27539765690819695,0.4152971391630792
0.0,0.48540872430117477,1.2878042496909572
0.0,-0.3211704531139794,1.0457273792062074
0.0,0.7429147462362611,1.0756505145606512
0.0,0.8260199753603263,0.8043929853584861
0.0,-0.4112311071353369,-0.08313374694202472
0.0,0.05531792791523766,0.3702102888988668
0.0,-0.25986377215571466,0.37800595328877823
0.0,0.1453953934548294,0.008686624518632263
0.0,0.2939426873812098,0.3592043386884613
0.0,0.5522108444458732,1.27866831135197
0.0,0.3403195276611471,1.326327169197314
0.0,0.08833420932147901,1.5086292738808542
0.0,0.1385823979636421,0.8065713951997628
0.0,-1.433533356507064,-0.5694357481798838
0.0,0.07761298633227537,-0.07324909075794825
0.0,-1.1660935288454493,1.9758817946539413
0.0,0.8026804929874825,1.4264792134128588
0.0,0.6853751450610562,1.5625356522066072
0.0,-1.0020505646769577,0.3482692579285356
0.0,0.3033221653132444,1.57208221020297
0.0,-0.17536256870648026,1.1628988691210334
0.0,0.7703820749004487,1.7075794268790254
0.0,-0.20088799478444083,0.8155992419724544
0.0,1.114888369604049,-0.40986394353706734
0.0,0.5321901355435491,0.49503720645531496
0.0,-1.1106604903978397,2.0085073022913824
0.0,-0.0036750180246552374,0.5827710985644902
0.0,-0.11436803290987703,1.8821701745168662
0.0,-0.19391580662014116,1.8945101898644132
0.0,0.050450593570063096,0.2097005265909027
0.0,0.5573640167587418,-0.36759609622206574
0.0,0.9143472850770529,0.2642705268414544
0.0,-0.13654196052229767,0.31516365947009434
0.0,0.38944008475461017,0.7350208110415738
0.0,-0.7278551221545392,1.0578603592939024
0.0,-1.7414014318575186,-1.1167583058042765
0.0,-1.0572036995620901,0.464526553680647
0.0,-0.8632809181972897,1.0270717800378009
0.0,-0.3304341272899953,0.9454971219066359
0.0,0.4360447812426167,0.046324853203775836
0.0,-0.6203460305668732,-0.186801122560531
0.0,-0.2005574895853509,-0.25549699253322733
0.0,0.8162687567377187,0.02997622990111892
0.0,0.04922889100892176,-0.18040203174932298
0.0,-0.24157480741861606,0.36654211700714356
0.0,-0.5318970218072475,0.5064688240437013
0.0,0.05221474274466053,0.45239769785201417
0.0,-0.00504078341174801,-0.2296721980382836
0.0,-0.29848347032293177,0.14631851670076904
0.0,0.6811479983694901,-0.8595549910253101
0.0,0.49814767896639667,-0.3611012569037965
0.0,0.9881273844465427,-0.6331030698103179
0.0,0.04245752748094072,1.161568564374291
0.0,-0.3470146441622273,1.0691569783506443
0.0,-0.9498635799820606,1.8697297414110645
0.0,0.08014432582730273,0.08212476126607765
0.0,-0.1251692551142631,0.8485113039125518
0.0,-0.7693206664639876,0.28636312862487906
0.0,0.19934119449778695,0.5932335339674187
0.0,0.4889027007892937,1.281387271033599
0.0,0.5349937670995061,0.8476403919849091
0.0,-0.21194987920905617,0.3161340961415996
0.0,1.1167330166656864,-0.13550294552618591
0.0,-0.697267437206663,0.8972368147572325
0.0,-1.5024460211645472,1.5545584206455278
0.0,0.8035551469613735,0.8182506652996242
0.0,0.1721414294489078,0.9737767560618374
0.0,0.6173593947550274,2.609929745714592
0.0,-1.449355914113846,2.232595103281257
0.0,0.6977275915382174,1.7026049805928882
0.0,-1.26462810068341,-0.8088797653400308
0.0,0.5064107290151404,0.1536703231381606
0.0,0.0726440508647425,0.8035777900276255
0.0,-0.46883191271089286,1.16364754129399
0.0,-0.10203976290337159,1.4056730367141865
0.0,-0.6580158877169046,-0.4333466674635704
0.0,-0.022490231290369506,1.1754877932810048
0.0,0.039122139332935915,0.9062372470481794
0.0,-1.041154435516924,1.9985629155561264
0.0,0.9049535915773703,1.3605721267420838
0.0,0.38642490887839803,1.6509729479770505
0.0,0.5468611941729031,-0.42488359252957536
0.0,0.969544860893678,-0.0025528036027425674
0.0,-0.8129318604736213,1.0549250443665503
0.0,0.046322566009161195,-0.011292528884734941
0.0,0.49187488924097983,1.042737145059763
0.0,0.21097260300347165,1.4465944920441764
0.0,0.5695921103958322,2.2740444438486955
0.0,-0.12506018412483202,0.23444787207322593
0.0,1.2950865213924239,0.05903277019812833
0.0,0.8479586305811022,-0.9065262943060628
0.0,0.016462320714765034,-0.1876914550871518
0.0,0.3143697926696314,0.5341483228686538
0.0,-0.8240053690891983,0.7850707754838012
0.0,-0.6262490524572092,1.8497612611108691
0.0,-1.2951965035892234,0.3517860587688722
0.0,0.44530759322620134,0.8312942064907849
0.0,0.5775930113961911,1.273710799283521
0.0,0.8537315962237135,1.0930618664392138
0.0,-0.5429185781836254,1.7738671907636536
0.0,0.3328671095378401,-0.026090228277870484
0.0,0.260410536123922,0.26162415249173543
0.0,0.08281540516041061,0.04981239583090302
0.0,-0.5387121654399827,0.6186082820170273
0.0,0.7555753074078295,0.45049894144199004
0.0,0.6472985200754584,1.2517113015675332
0.0,-1.6524248530715988,0.32211385176331897
0.0,0.5370142861996542,0.20018680278055254
0.0,-0.8598666093024131,0.2192127445185877
0.0,0.41938268372190474,1.0028284858222867
0.0,-0.6196148242109376,0.6899213367135787
0.0,-0.3838787965299024,0.7938988569873154
0.0,-1.224632104311533,-0.08825524933227079
0.0,-0.55754403432117,0.31872504698900334
0.0,0.18076648682850474,-0.1912714805113551
0.0,-0.45425213254759106,0.518397003405431
0.0,-0.65129518726704,0.723698712080794
0.0,-0.08427551772146097,-0.16985009404938578
0.0,-0.29233730399667257,0.2628674774375452
0.0,0.2639436628869183,0.10113832487818368
0.0,-0.6888550511564954,0.4800578746101143
0.0,-0.6735739265533931,0.09648185359668876
0.0,-0.9659378832931508,1.1926394162253657
0.0,-0.20416112354232693,0.7876501360012707
0.0,-0.3274464968780347,0.6191349060012579
0.0,-0.5072543756759578,0.9776964638018114
0.0,-0.5047165738601728,0.5059188266132358
0.0,-0.9275815781797705,0.6787155845871996
0.0,-0.9113040082821355,-0.31164697454284324
0.0,0.4743138693916383,0.3889833856663671
0.0,-1.727433193165212,1.2629330814511117
0.0,1.0045413961129364,1.654539626447006
0.0,-1.144330396627095,-0.37577102869409257
0.0,-0.9219130118659719,-0.737166767284202
0.0,-2.040451949667067,1.3965897412396857
0.0,-0.42872897276573263,0.6019006758114047
0.0,-0.03775555872261138,-0.5312218936962385
0.0,-1.0272900281422084,1.5805358905242948
0.0,-0.47904601672713054,-0.23685559289163913
0.0,0.39809374277237675,-0.23550806818831282
0.0,-0.14035093219156936,-0.4297762664711354
0.0,0.8253398430814718,0.07290213690251603
0.0,0.5264866951129511,0.7612489739697361
0.0,-0.13636283040761424,-0.9131929641053754
0.0,1.1904725565565326,0.5555204984896667
0.0,-1.3359410397104619,1.4998344067082705
0.0,-0.5284076084180973,0.0703421079137204
0.0,-1.7283642251793738,0.17522042257039155
0.0,-0.19333389823022437,0.41258860239464723
0.0,-0.3466725896267724,0.14277311286012617
0.0,-1.116042782103968,-0.3784536186952757
0.0,-1.3854783251018055,-0.3945795489175166
0.0,-0.2123755814528351,-1.2026218006980076
0.0,-0.12550593096230403,1.3253292778688843
0.0,0.3209565247119548,0.9112114482814917
0.0,0.5153836257726699,-0.726556736326159
0.0,-0.5279142821041496,0.29719403397521627
0.0,0.3524952663658202,0.3196745793374848
0.0,-1.1606483629390947,-1.1844554355449464
0.0,-2.270386459322537,-0.3018811117534878
0.0,-1.413098188070117,-0.6757695285516838
0.0,-0.5387556170423832,1.126311620169467
0.0,-1.302991106646521,-0.2478622777247658
0.0,-0.8260633312487388,-0.9746962088628743
0.0,-1.5408607414467637,0.6751568854089887
0.0,0.34324142536431695,0.07870616683314537
0.0,0.49178089379573353,0.12748944201708343
0.0,-0.8299137254760346,1.4571623463040047
0.0,-0.9071516968175195,-1.0855704206679475
0.0,-0.621177763449339,1.523519140207335
0.0,-3.2844908796112415,0.971644980597123
0.0,-2.944547541956145,0.8390153515427128
0.0,-0.9988813846473409,0.3085758205759502
0.0,-0.5386040574910768,0.9538062198565614
0.0,-1.0815942996344288,0.6723664033840666
0.0,0.2372418144359969,-0.004598547000755497
0.0,-0.41749901653057336,1.9816322147850802
0.0,-0.7738633140952874,0.5196203000352205
0.0,0.17270657624220345,0.6918299013326071
0.0,-0.8784022379208435,1.41017364655134
0.0,-2.0125880460519427,-0.321049470721742
0.0,-0.26360463415201607,0.6474005929216679
0.0,-1.2715471325335652,1.6503924797546652
0.0,-0.6976871317750751,0.8399617483456292
0.0,0.6303361020541156,0.4300452722100711
0.0,-1.3044298908748833,1.795343154840661
0.0,-0.24818109837266636,-0.14968736940016558
0.0,0.4275852145023005,0.7161135649532185
0.0,0.9976695281565472,1.1105646314713717
0.0,0.7539046648654938,0.13830701411835844
0.0,0.8516142759317625,1.0025887534533748
0.0,0.3065016165482151,-0.48157523844282674
0.0,0.04510209133680414,0.4769147655232327
0.0,0.23586715265857605,0.2051608966940489
0.0,-0.09107689554358171,1.566531046375117
0.0,1.9496854064188378,0.8132676445089533
0.0,-0.18500138258935542,0.6995788880103911
0.0,-0.7050943483054094,-0.8007019640182372
0.0,-1.2963543949572671,1.230671678255707
0.0,-0.5835000016389411,-0.3514794118563261
0.0,-0.013081011424181261,0.17006647607504713
0.0,-1.7433721683916992,0.21909325399164392
0.0,-0.17353164030229026,-0.8450108160681992
0.0,-1.4302558486793575,0.5574224800380094
0.0,-0.23144014747577146,0.3700823682593475
0.0,-0.7224523782074387,0.3989291357937257
0.0,-0.8394558929811886,0.026459097208644845
0.0,0.03265416376390842,-0.14411277578546183
0.0,0.035439483772701445,-0.3511014541766294
0.0,-0.565661879201247,0.8913987300081935
0.0,-1.4309886823987403,0.06368321495564701
0.0,-1.1562966780129393,0.9756564082117913
0.0,-0.8173909209076032,-0.21688451990946064
0.0,-0.7137130515569015,0.4456620888476382
0.0,-0.35500181923083496,0.47236282551437697
0.0,0.773032620764788,-0.5778045001524678
0.0,-0.40021321293535245,0.8552678737755391
0.0,-1.0770807313705253,0.5903966554310615
0.0,0.6849410053896076,0.6408121023968085
0.0,-0.2662801294674838,0.807622453362271
0.0,0.28231554940093384,0.39672383014968016
0.0,-0.11184422050341011,2.7502359289605933
0.0,-0.322692154166394,-0.6377740346430671
0.0,-0.004826953462872089,0.11303591759403192
0.0,-0.8206420992581839,0.0900993507616043
0.0,-0.5578533053361874,0.6050415943661716
0.0,0.1097919857558073,0.5223866858443823
0.0,-1.4996232077763443,-0.34483361291205733
0.0,-1.5881686248188087,-0.14857705212956687
0.0,0.7229551942604323,-0.14769717025046697
0.0,1.4093172509124396,0.6210882317520098
0.0,-0.23301028287018144,0.796945621475004
0.0,1.4519758789831676,-0.5002825139168032
0.0,-0.985298320197541,1.0859421056395642
0.0,0.12044406256691582,2.1750970704479085
0.0,-0.9123955510928284,-0.8163122286659112
0.0,-0.3809586054328804,-0.8640863351269815
0.0,-1.0283072122526622,-0.44565200300006647
0.0,-1.3787767450991715,-0.6017663173520647
0.0,-1.0238487867021533,-0.39786906416395945
0.0,-0.3675632862673809,-0.846542122990552
0.0,-1.1273057030963196,1.3089848160329958
0.0,-0.21778219076759686,-0.13030906415203958
0.0,-1.606989048443742,0.18196547514029943
0.0,0.2311597208980053,-0.5032451515299287
0.0,-1.4013788667407383,-0.9059312843911389
0.0,0.49689934064777663,0.5215683720487211
0.0,-0.26313633691289134,-1.069243826824022
0.0,0.17703174922133164,-1.3191264014036714
0.0,0.08678004306312387,-2.205683015167074
0.0,-0.12629354901765558,0.11845919273066416
0.0,-0.6029160853433811,0.48232869165905856
0.0,0.5662459005306802,-0.3745576924355388
0.0,1.2600545965236236,0.4843605585314734
0.0,-0.3818356082550723,-0.7158892313841722
0.0,-0.18451254038131695,-0.5433061647799237
0.0,-0.7245664518285659,0.03069283846795209
0.0,0.5729177142178787,-1.6995022330121723
0.0,0.1634365580484154,1.6379031573963851
0.0,0.8560721878940575,0.7955633210880982
0.0,1.0256342338859417,1.148545317194898
0.0,0.10304380758628567,0.5738511506948959
0.0,-1.0960313039058405,-0.03430038248584937
0.0,0.42380329744353595,0.4810476937392369
0.0,0.154508450617908,-0.17207111344971457
0.0,-0.06578656475839732,0.8318417001053515
0.0,-0.5698065156544677,0.05131630045244043
0.0,-1.4871451988879092,2.590481627293926
0.0,-0.13317837344367459,1.5709854420880138
0.0,0.10067991982049107,1.1794613895910722
0.0,0.15606746532481255,1.6071018006413786
0.0,0.5432771791254078,0.4932889517738475
0.0,1.4853499446723801,0.897072619071439
0.0,-0.794392032768779,1.0215559527506213
0.0,-1.976606123834006,0.8540296026893511
0.0,-0.9685203621347259,2.2846301920499896
0.0,0.05191542758998554,1.2566589709243143
0.0,-0.1385054128438198,1.4193446470471955
0.0,-2.0411545839694694,-0.09087984695745305
0.0,-1.5612972599768737,0.26112879827199154
0.0,-1.3588520447348764,0.20008505135206311
0.0,0.6617382331166838,0.3046275337405774
0.0,0.21939826201610702,1.2594272451820707
0.0,-0.794150924436675,-0.11576243395206766
0.0,-1.1810752691905269,1.388293702923796
0.0,-2.6586816077518804,0.5173275453362506
0.0,-1.9226789044082127,0.621493983530057
0.0,-1.115996460897941,1.1513298859916985
1.0,0.04379580371163652,1.8379985555137899
1.0,-1.2289483352442223,2.713361762507356
1.0,-0.45433100514135877,0.8434708902276948
1.0,-0.8323731428086627,0.8297530792321118
1.0,-0.556341319876115,1.5943659481037435
1.0,-1.3540593784872972,0.0730930765490369
1.0,0.03430330315002249,0.6662786420923055
1.0,0.24533556386950792,0.8937986964109632
1.0,0.5622543282121653,1.8012787148289877
1.0,1.1134298071813593,0.40960541389818467
1.0,-0.37171030411200195,1.0501515369289336
1.0,-0.695027961349667,1.9512380389025763
1.0,0.069353816747231,1.0200906889693773
1.0,-0.4912431693408411,1.5692857776288418
1.0,-1.096414089174836,1.5606142971758867
1.0,-0.4039926100366727,2.1829872456726496
1.0,-1.1126440082388374,1.5806876279076134
1.0,0.2995160089999096,2.3364713341489223
1.0,-0.22344728455222376,0.6491379654779743
1.0,0.2458236196961662,2.172105152468834
1.0,-1.175942517094431,2.598963197082701
1.0,-0.6528825707397664,0.7817202053711633
1.0,0.29272745560805097,0.8716266757417224
1.0,0.4267853150092182,0.7646894325819301
1.0,-0.07121331964678142,1.7714926281994574
1.0,-1.0522863855254274,0.6452113097885527
1.0,0.9047626891492156,0.2026972749018202
1.0,-0.23549318524892066,1.2705680633183511
1.0,-0.8352609439113238,1.48178367165386
1.0,-1.2857776408589412,3.592909944631522
1.0,0.4990898882312105,1.712020344057347
1.0,0.09297535196554373,1.4846256475792476
1.0,-0.9368544391271508,2.4378154758124237
1.0,-0.8197993733681728,1.132155035582323
1.0,0.04254033939965833,-0.9637474174850397
1.0,-0.6522093915987538,1.7684795465846277
1.0,-0.6266152373529396,2.7974255414892086
1.0,-1.7321049628759184,0.6924422070320085
1.0,-1.2646073407559004,1.0814333051981189
1.0,-1.8925646277680488,0.7046220716432029
1.0,0.33424145223044693,1.7889248250584129
1.0,-0.4154095692895583,1.5404618441484481
1.0,-0.7042548750575216,1.2238194138415233
1.0,-0.5992208947650185,2.591709474490114
1.0,-0.39368010120523533,0.9713187320602424
1.0,-0.5703115587315393,1.8018735262703824
1.0,-0.0842756246236954,1.0272818800937356
1.0,-1.2067729968057324,2.2334435836107103
1.0,-1.128743573400533,2.6994491739327597
1.0,0.03798030704722174,1.6324767419587602
1.0,0.12626429598289143,1.0281513370368047
1.0,-0.7222417317730605,1.7787415807257143
1.0,-1.0976145415864222,0.09378647060546143
1.0,-0.9834738384989837,0.908601562828351
1.0,-0.8183235835314565,-0.297514369299341
1.0,0.047420266640827845,1.2488907723150218
1.0,0.17119617331199968,0.16086675086820326
1.0,-0.04401374838430304,0.955604083916454
1.0,-0.31427004334245084,1.2196947236062239
1.0,-1.4818298614416383,1.3819468297751423
1.0,-0.6971308388707403,1.502369501874825
1.0,-0.5980794475490091,1.9581499231522905
1.0,0.04288232833095658,1.1904151194291142
1.0,0.7319125418288451,1.7921875255222612
1.0,0.49863989668416625,0.7302223254253456
1.0,-0.2924660696943864,0.32202693210593725
1.0,-0.8850269337882201,2.1998983082246784
1.0,-1.0361772271789131,0.769115642540329
1.0,-0.9095860768629042,1.6819486719976378
1.0,-0.3094934995139269,2.599898597815454
1.0,-0.613892660142572,0.9122720713861647
1.0,-0.33504945171273026,0.6727368797193007
1.0,-0.3899177158437626,1.9528509403543561
1.0,-1.0085787355354021,1.0339681821556517
1.0,1.8689871038560255,1.4707249056766305
1.0,-0.5708066031623471,1.8255369017283116
1.0,-0.5420939405995255,2.8533824915509998
1.0,-1.3247736464679942,1.952063092736707
1.0,-0.5138544761311451,2.309720795239512
1.0,0.7117939438223507,1.6510972369932726
1.0,-1.2632221817060854,0.2832835248102819
1.0,-0.5012474392536592,2.7471307477648113
1.0,-0.40373872693135426,0.9090877751140763
1.0,0.2871478987070989,1.18551322105869
1.0,-0.3458406377630973,-0.1306880689719771
1.0,0.10630126841363452,1.3848399452463627
1.0,0.9976461377954595,1.8993759911948345
1.0,0.10934895521945115,2.4746519359196353
1.0,-0.2573832386300735,1.9337933006938919
1.0,0.3404041573827999,0.706895952769802
1.0,-0.4657975452230981,1.9346606356550353
1.0,-1.3815053530819466,1.8594837365277916
1.0,-0.6192739316724865,1.2994636477128185
1.0,-0.6855386070856433,1.6357525303184899
1.0,-2.3092563127466628,-1.7273976087212248
1.0,-0.524399771952546,0.5448039791770024
1.0,-1.2744028317853222,-1.1686968834074365
1.0,-0.04590950874506236,2.718535266270436
1.0,-1.260088285688975,0.4385091140874485
1.0,0.3528221900872214,1.791680710576631
1.0,-0.0881098755377494,1.4028884614331842
1.0,-1.4381595805103145,-0.15635516237561484
1.0,-1.4392847485555165,1.2541010335882978
1.0,1.122650858388219,2.7376392349889938
1.0,-1.1876158292013075,-0.009076880361466042
1.0,-1.2683072292207311,2.149450612952983
1.0,0.04648956953576723,1.0250105507025864
1.0,0.19752062930619582,2.3170384019952475
1.0,-0.18387372947195588,2.3118236452864287
1.0,-0.3006500040908356,1.1139881677201589
1.0,-0.20789748849693554,2.2156590357440624
1.0,-1.0501536898126136,1.9639696249816712
1.0,-1.0477403774718943,0.7962266039499821
1.0,1.1011321662146645,3.1012932715974744
1.0,-1.3973420621219768,-0.22944976297615663
1.0,-0.5590125701161915,0.9343908889400709
1.0,-1.634378663453656,1.025870915941693
1.0,0.1069172093311577,2.8080790441775907
1.0,-1.1355762058805163,1.6291057136131488
1.0,-0.36892016331970995,1.8802885262172016
1.0,0.26909344481028546,1.794310755249488
1.0,0.5230094154919086,1.746343121763603
1.0,0.2980188666452335,1.481443122743966
1.0,-0.548426215264464,0.3970933703706755
1.0,0.2832174825261181,1.4994665538423728
1.0,0.08814431906843172,1.6919786782149926
1.0,-0.20104339694994824,1.5520529000703338
1.0,-0.2587240910870211,0.8884450975834529
1.0,0.24213387518876045,0.7658375621507746
1.0,-2.128399348677046,-0.21369211965185964
1.0,-0.8680740501461204,0.7327422839030905
1.0,-0.9926385086526555,-0.20255058133042195
1.0,-0.306723812851905,2.4651184762052663
1.0,-0.6217767452269702,1.9432385043329712
1.0,-0.48229535087691167,2.6120833847513105
1.0,-0.6905079403336354,0.8396156974658756
1.0,-0.6588436680732438,2.3907257632289576
1.0,0.1572384634919348,0.2624097029837507
1.0,0.4960273104501944,1.872343046354656
1.0,0.35002361429457535,0.9880802481092891
1.0,-0.8670282108366661,1.8116215465081318
1.0,1.0382843905121342,1.0032443064377048
1.0,0.516399763331158,2.004054991182226
1.0,-0.5447729773025204,2.149802168694808
1.0,-1.7781398668250332,2.924629490272871
1.0,-0.15825745146906947,2.1580982617563236
1.0,0.3280883024583603,2.166406358784575
1.0,-0.3449706714568843,0.7724443257187907
1.0,-1.0595141527565963,2.4131651594769927
1.0,-0.6178792250528735,1.1973787203743238
1.0,-0.16627192896941084,-0.21014299291056196
1.0,-1.2822143085537065,0.5314208387377776
1.0,-0.0763459800093771,1.354389209053281
1.0,0.21555895903691746,0.6334779369994848
1.0,-0.9989290889311949,1.5705314587540633
1.0,-1.6505930242901548,1.1256289087678746
1.0,-2.0222867624061145,-0.8199847810420172
1.0,-0.9825717411562714,1.487123334846915
1.0,-0.618983295313124,2.3974754821593547
1.0,-1.3304375352674631,0.16055537535396272
1.0,-0.7585807515418617,1.2729046176644627
1.0,0.8144987915450239,2.1957943663768407
1.0,0.5833767043269543,2.762212859219557
1.0,-0.4801907417929834,0.21236283901076655
1.0,-0.16199322589736137,1.0237300224840153
1.0,-1.8595776319151662,2.402944182859403
1.0,-2.7356776615336758,1.3469643108244944
1.0,-0.4651640198441455,2.296877682075787
1.0,-3.602051468192706,2.2541505882668624
1.0,-0.22828843052193243,1.267496142612313
1.0,-1.3037017802293698,3.056023613291782
1.0,-1.1136037530002134,1.9708556117668192
1.0,-0.6687476338863262,1.1551797792364704
1.0,-0.6618043858994032,1.8657185079509717
1.0,-0.9662051142654763,2.903244431846279
1.0,-2.7071695114772574,0.7711554283737627
1.0,-0.44996809794881587,3.0336282095448994
1.0,-1.724234375302108,2.180501820022254
1.0,0.5756041506846128,-0.5597437096223584
1.0,-2.635809956489729,1.701408325048385
1.0,-0.4265311895755416,1.5506981346310897
1.0,-0.71985665954309,1.9401589592431432
1.0,0.8863039124832373,1.3072593929064136
1.0,-2.2698906802768946,0.746815592376431
1.0,-1.04632956335063,2.90882733659133
1.0,-1.162842677196993,1.4610417288086495
1.0,-0.8849099200509145,2.0486935045026113
1.0,-0.8854040095854794,2.777189799420123
1.0,-0.9174177264839625,2.3707654229329127
1.0,-2.3527400627198842,0.21608368945635986
1.0,0.09550186951340979,1.3071304686183196
1.0,-1.2846546733885051,3.480524856189779
1.0,-1.8598686391675134,2.3168693299461016
1.0,0.01983370133432639,2.0943728526542102
1.0,0.027065853354638163,1.829967323809957
1.0,-0.015168836042775535,2.0232955363056924
1.0,-0.7359813728316161,0.6415013416795545
1.0,-1.9557559473824946,0.9976707210344016
1.0,-1.8702012777267487,1.4549125190452217
1.0,-0.6708354638689736,1.1940544741920263
1.0,0.6078240064459439,0.26109869206696695
1.0,0.6062170957383511,1.060360677014391
1.0,-0.7521629963395026,2.292085416992465
1.0,-1.3197301314877656,-0.591929831674013
1.0,-0.12643975976357255,0.66684723051185
1.0,-3.3132290168177443,-1.0060855965192201
1.0,-1.3169360059695474,0.8736711849202063
1.0,-1.2651512684247177,0.26070563714731776
1.0,-0.7828274366266602,1.291928150463093
1.0,-2.89971895569561,-4.703974290488058
1.0,-2.0539740495249914,0.4190671716310249
1.0,-1.940923450796746,1.012109526221414
1.0,0.31870558507232416,0.38182972268479315
1.0,0.38051318283556196,2.302344659854087
1.0,-0.47382203767572495,1.0123264422013045
1.0,1.1783459398233316,-0.5932710892702853
1.0,0.34998176571479167,1.9196961051602766
1.0,1.5180353087066565,1.6205222543513953
1.0,-0.44439607632494454,2.651047070676232
1.0,0.30951262420122955,2.8563852171141932
1.0,-1.3943275306295995,0.8455010079697848
1.0,-1.0733337315349936,-0.013222425129499695
1.0,-0.7406126454708706,1.1738773898870154
1.0,-0.6912662306906858,1.369553805279702
1.0,-3.0170601509176103,-1.382250914892474
1.0,-1.0071753721459717,0.6312353292576994
1.0,-1.926362258031995,0.5512327186797932
1.0,-0.13809573688232013,2.192219122799167
1.0,-0.7512311723297175,1.4913608968269434
1.0,-0.40867542529588063,2.4047779543527503
1.0,-0.1566084920509523,0.7857446476041594
1.0,-1.3507666934085347,2.604294348991785
1.0,-0.5844863434029025,0.0052158880931720076
1.0,-0.38644108035594815,2.463963188240836
1.0,0.1919603872534643,2.0933374910242395
1.0,-1.0871747885721108,1.143041535612927
1.0,-0.9533055956520338,0.38952928108917745
1.0,0.31700892158504507,0.8364745413738417
1.0,-1.186480822664448,2.383507199679854
1.0,-0.07848487487236262,3.2034222575951605
1.0,0.11493795900793038,0.8854182322457832
1.0,0.8778496696433868,1.7649683719085334
1.0,-1.8781279206942765,1.6770802216255516
1.0,-2.5231628521558114,1.9248903095051622
1.0,-0.5893929038188137,3.154766506017705
1.0,-0.9315545810151864,2.3512994799388256
1.0,-1.784274338561888,1.309884241647899
1.0,-3.558152786503338,0.3207351053621575
1.0,-0.9310902453509217,1.4320521511871538
1.0,-0.1510341409344888,-0.6346854562211053
1.0,-0.9180293429178987,2.74003011731764
1.0,-1.8723717128428004,1.8245859617736728
1.0,-1.0058729724281446,1.7112901682280037
1.0,-0.21149158809312985,1.459332667754695
1.0,-0.6101809483410262,-0.22614953623249484
1.0,1.3857311728265587,0.1385287990233247
1.0,-2.7459447345764456,0.11162807707367478
1.0,-3.014554280929909,2.976155296797665
1.0,0.1703497298974347,0.6619334421891437
1.0,1.344195822446734,1.4570700978055746
1.0,-0.41197352370426144,0.32983251314923023
1.0,-0.6775571957964203,1.7720009244301351
1.0,-0.3267536908929402,2.207282537367832
1.0,-1.9506054114311089,1.5616183781338453
1.0,-1.3217505448597398,2.610589842880351
1.0,-1.7725156222845218,3.102598442639717
1.0,-2.6329392327487806,0.051189389527743365
1.0,-1.4490676146049108,1.7441226127649712
1.0,-4.041737873943632,-2.4270522555246794
1.0,-1.2954022846789928,1.2554187116151863
1.0,-1.3724070069787422,2.3861581975523336
1.0,-0.3721644247007867,1.3550564983702988
1.0,-1.1759162401061523,1.0276135323468891
1.0,-0.4375403825978382,0.6679489261455087
1.0,-1.9388416899223455,2.4035708552872497
1.0,-0.4233423119701267,0.6486785367498586
1.0,-2.4560657097262237,0.8363431347687557
1.0,-1.6653816929651255,1.9695023998896082
1.0,-0.230686461995043,2.1901588967921612
1.0,-0.8729702632509242,1.4288140510620146
1.0,-0.5741569103072436,-0.2549996966969631
1.0,-2.151886176339917,1.5982247994740861
1.0,-3.2342320631604493,-1.7121737732700577
1.0,-0.5722200284140295,0.8905753728784274
1.0,-2.2133778580445025,0.5343217548179855
1.0,-1.145139496928388,1.14674036646645
1.0,-3.772244567558156,-2.45789942858017
1.0,-0.5627581272346844,-0.09907012173283
1.0,-1.1832338906807998,1.2941829568352932
1.0,-1.6877921756792296,1.2067377310354914
1.0,-1.3283658592358265,1.2025954408101498
1.0,-0.9725482768513528,2.0702380495776156
1.0,-0.30100842868481764,2.4198485193034265
1.0,-0.6178348624882021,0.9439528690001888
1.0,2.1240082551414763,1.3576553314078135
1.0,-1.9653860354363193,2.508447702329383
1.0,0.5665049945348399,2.1174482633601683
1.0,1.3009793508209095,-1.316170236823496
1.0,-1.7292582096356492,-0.08467846880825677
1.0,-0.5097150685391777,2.1704984090026325
1.0,-1.9891142511977447,0.3379551758812537
1.0,-0.8941880362296054,0.26819590884085653
1.0,-0.9938324417960164,2.9363859176150395
1.0,-1.0381529429582583,1.3122313650392454
1.0,-1.7680369869210435,3.3466729632860073
1.0,-0.552687613397343,1.7429164777995376
1.0,0.966243393526356,0.3675020762350631
1.0,-1.7020170596135313,2.0451025459793146
1.0,0.021456738297717357,2.0335394523708077
1.0,-0.526499899839714,0.6558365287725605
1.0,0.29642514317231716,2.4154394220673923
1.0,0.7622507591764827,0.6053320370670193
1.0,-1.495285845189263,1.1838442264070281
1.0,-1.106793342942075,-0.8937832575794806
1.0,-1.7070600418148778,0.21397979632662578
1.0,-0.6129312838806803,1.9171380949368741
1.0,-1.2329952007874607,0.8082065505718307
1.0,-1.3892050446010982,0.7320995984298037
1.0,1.353566362144647,0.8550123442167232
1.0,-1.5839629923747343,0.8594652577112742
1.0,-0.053850997680570625,0.28205352564630926
1.0,-0.8670955502045936,-0.01356424853639182
1.0,-1.1020261176614643,-0.5139593268714703
1.0,0.22593748494435972,1.747622183218814
1.0,-0.6528436349534503,1.8954790856624748
1.0,-0.11836011334413946,1.2305551869161502
1.0,0.3139934909990051,1.325889771837482
1.0,-0.7474531037359508,0.5473910374901951
1.0,-1.0277521937656464,1.2383186619929059
1.0,1.2709469508977955,1.2929066692211895
1.0,-1.8495507736910155,3.5473642651440915
1.0,-0.6188650067518812,3.133557291207517
1.0,-0.45163375820964163,2.348778170557524
1.0,1.8581193165659617,4.085003794521133
1.0,-1.0819029530335251,0.7989379640742998
1.0,0.003089857559159165,1.0110155233183804
1.0,0.20160720542489327,0.6532311301393653
1.0,-0.4258727786387842,2.652791432224364
1.0,-0.2701564586111052,0.39709962010337746
1.0,-0.971374559994376,1.2054431232772045
1.0,-0.9193928738334678,0.8393099013976567
1.0,-0.5531184682125707,1.2108288373882905
1.0,0.3815807474217791,0.232201571737075
1.0,-0.8299223644172435,1.93684113813534
1.0,0.061172822020772614,0.3142131981969859
1.0,-0.8503496976056942,0.15733173464827177
1.0,0.07700706478927809,2.6768332594166027
1.0,-0.9080585255221071,1.7635853996268145
1.0,-2.016931508999118,0.16395634780266502
1.0,-0.6337789630293841,0.12039254614118051
1.0,-0.8934359936364992,1.0758019200778195
1.0,0.18767253275424522,1.1522352094511745
1.0,0.44598326643098873,0.7061518182457807
1.0,-0.7935927108519301,1.6143471265415419
1.0,-1.3339868099679055,0.6322946136045156
1.0,-1.278948340463067,1.5235372862839742
1.0,0.587084896884074,1.2435897155178381
1.0,3.0809665608570334,2.677285766288511
1.0,-2.1231873308170317,0.3508270619371424
1.0,-0.5754629297202544,2.4169149710489797
1.0,1.2579082111721156,-0.9856536706576257
1.0,-1.0070626383835992,-0.7526537825050702
1.0,-0.5409196676187104,-0.6483502008486496
1.0,-1.0299353999801875,0.4730693917392078
1.0,1.973618529641974,-0.7080484897251662
1.0,2.7739444280208,-0.44664457434853
1.0,-0.21814799860822778,-1.4296506596038154
1.0,-1.1248055103945582,-0.6996434186236834
1.0,0.3562967802869247,-0.5589580148254061
1.0,-1.7741772736839447,-1.0015654240854062
1.0,-1.644993193643288,0.21212016529561578
1.0,-0.4919706616966835,1.4016702508624728
1.0,-1.6269786641473927,0.6071713970537367
1.0,-0.7849685189406982,0.7414502770177719
1.0,-0.7480429964673376,0.9329958783025561
1.0,-2.410600385949875,-0.9422287986737655
1.0,0.22628656650377982,-0.10830946086566814
1.0,0.9635333493713991,-0.6818150246177224
1.0,-0.18760243112078842,0.7219888180226537
1.0,0.9586977046323217,-1.4162672506540421
1.0,-1.676286018926228,-1.0880980472471338
1.0,-0.19293064162898202,0.47711167026178836
1.0,-0.5369086771255862,0.9401153756222835
1.0,-0.4335062013918367,1.1798689344367843
1.0,1.2676545578329108,-1.9068188900089718
1.0,1.364775670165908,-0.5271199430275522
1.0,0.98882568235685,1.1745892108962244
1.0,-1.2258011825042427,1.062919905433238
1.0,0.32880420509290575,0.3293850500365417
1.0,-1.1577719025785478,2.1779078190378076
1.0,1.6325114571810304,3.370616411533072
1.0,-0.0019937692805560552,-0.9571051260191862
1.0,-0.8267689970938364,-0.3691327354991551
1.0,-0.5829442268517856,1.5732695513793007
1.0,-0.15480765843608135,2.470948893292001
1.0,-1.5837622906481643,1.5830686264140836
1.0,-1.3606353716058275,1.4052348175170086
1.0,-0.09465053881244469,1.7991203050397266
1.0,-0.7145844906570946,4.7825270698459
1.0,0.24045290407824355,1.3814135266789058
1.0,0.8024670352008265,0.25280527346491166
1.0,-0.6724982410273338,1.418169854391785
1.0,-1.6275037243975115,0.14042039994562414
1.0,0.40554424506819353,2.144079569648482
1.0,0.007240727933641057,2.424895802310188
1.0,-0.6522661055778614,0.02307525808612905
1.0,0.4257917136547474,0.8636574960880904
1.0,-1.2603476227711357,1.8714810446043233
1.0,-0.4819554205336881,1.8344617688663232
1.0,-0.8079084398222245,1.4578824135362152
1.0,-0.22104167062003316,1.9723982196018854
1.0,-1.0738153694675243,1.7801053828088547
1.0,-0.360656199542393,1.2284468142206948
1.0,0.2663093984373961,0.4001978762215928
1.0,-0.4367171135049426,1.8037263527574072
1.0,1.1645639991164687,2.3646434459187007
1.0,1.9452479971605752,1.2233021934432462
1.0,0.3835182765616114,0.7056868786384218
1.0,1.0626076616849744,1.983855929537377
1.0,-0.25532749117555903,0.9125240764595888
1.0,0.10487436820540194,0.9682872953028907
1.0,-0.30674891246286323,1.4026686602809502
1.0,2.1078172349237048,0.2901201979681404
1.0,1.690475909793852,1.1283607190041975
1.0,-0.11747112717131712,0.6691589025472157
1.0,-0.30606602738980665,0.6366534157285799
1.0,-0.6778731920140816,-0.05937553541084036
1.0,1.104000714961278,0.5975416051299384
1.0,-0.7825700000198268,2.9491317263832117
1.0,0.3679000142134528,1.8032414180312337
1.0,-0.9367214849077212,1.6254432448764118
1.0,-0.44654449034797394,1.2837264744021741
1.0,0.5203739941636266,1.436330198060067
1.0,-2.0885898517648123,0.9230736647464475
1.0,0.09349739801199115,1.9419058024051314
1.0,-0.7841249815610863,-0.7968496446241609
1.0,0.00458107375139914,0.9789913696862962
1.0,-0.5688088296435668,-0.2583466966224868
1.0,-1.0733682453429743,-2.2047555839331485
1.0,-0.3113407215722898,-0.9291197105461417
1.0,-1.3499583055887987,0.24454232786942232
1.0,-0.16034642852325723,-0.4945460558716015
1.0,-0.38841517720060226,1.28511156676713
1.0,-1.279885154597928,-0.48802324145443493
1.0,0.44123539907570736,0.41922868343646147
1.0,-2.154915731366308,1.5319106863162406
1.0,-1.9156512740951863,0.8507081814679033
1.0,-0.2981522515479292,0.8048940008743207
1.0,-0.1704215023302442,1.0855900234507172
1.0,-0.21340203897765914,-0.255157720975285
1.0,-1.7382139572450535,0.42696507006332196
1.0,-1.271470230066909,1.27127145975481
1.0,-1.1212376284385355,1.1376739849463395
1.0,-1.1671923916674456,0.43625623140356
1.0,-2.0113826166798536,0.9502945880777011
1.0,-1.722210862620574,2.0252678564410687
1.0,-0.8777695525977974,-0.896413266381848
1.0,-0.025596494612008604,0.15274847512623127
1.0,0.661770777833967,1.5554188587907578
1.0,-1.2157470430336863,1.6795988309886676
1.0,0.41274675581431686,1.777293257168294
1.0,-0.5771322146871845,-0.7070949858532181
1.0,0.41933182838347177,0.3372326527687278
1.0,-1.1137269090125987,0.9603551353281365
1.0,-0.3684147847436852,1.1952076967983951
1.0,-2.0636034424532244,0.9643650687815044
1.0,-1.09874201042181,1.0396857653457827
1.0,1.5215210083996467,3.793674107622637
1.0,0.41115504444889844,2.319515828954208
1.0,0.956725275284087,1.402123592981453
1.0,0.8070469797115483,1.896876764005581
1.0,-1.388199596615632,1.3938880968669847
1.0,-0.7474425959205282,1.5285980278204214
1.0,0.5309712307616639,0.12073448471674655
1.0,-0.6462563919598798,1.2104387817427942
1.0,-0.7207525730768107,1.7655194585918836
1.0,-1.7707478617769972,0.8444252744680002
1.0,-0.3120418514196844,1.1432030276338443
1.0,-0.6726465059328507,-1.175871956018455
1.0,-0.728937973613256,1.0908948957469997
1.0,0.10913401142860644,0.9172509421830969
1.0,0.06651988968814589,1.1660576698214637
1.0,0.7545269645365739,1.8100046092140085
1.0,0.2616774212758719,2.3750620169819614
1.0,-0.9464137544896606,2.312638563619781
1.0,-0.9995173827798249,0.6204733459367267
1.0,0.033572463203732174,0.7437895066146851
1.0,-1.4409587967302204,0.7735087691565881
1.0,-1.0120717566630961,2.1388760186262394
1.0,-0.03714363684844287,1.456806524123085
1.0,-0.20678193075914453,0.9300560019528266
1.0,-0.3680645608547413,0.38578420855748574
1.0,-1.0477601410326571,2.3025662666500057
1.0,1.1361843218975147,0.27512334597758537
1.0,-1.3461022179592674,0.3640968293606049
1.0,-0.7683583810873069,0.8114388307519738
1.0,0.9574113019173071,1.296838616946703
1.0,0.03872794064669724,-0.15040442820848307
1.0,0.2600418247375681,1.08210173975285
1.0,-1.3515694283449036,1.1627785798081471
1.0,-0.019757890822577458,0.9456174251809336
1.0,-0.6202275379408222,1.661887717003818
1.0,-1.2144431647393659,0.792248058191321
1.0,-0.9754289842657922,1.5573954409834954
1.0,-0.5326472402084074,1.658761575648505
1.0,-1.7993842101063828,2.2551728597480576
1.0,-0.796099698529566,-0.7062018833119101
1.0,-0.7050483919065857,0.9493755987518279
1.0,-1.6626333865649123,1.1157616628865765
1.0,-0.9601292636316258,0.5456944029321052
1.0,-1.2503227474699412,1.5449284484217223
1.0,0.09978522021650796,2.027903445106919
1.0,-1.5454571668293557,2.251849694604459
1.0,-0.438214490994217,-0.5188901006892852
1.0,-0.887190770937607,1.6628955151732732
1.0,-0.34380567322099587,1.222602125089949
1.0,-0.4102076029284275,1.205974824494699
1.0,0.8557501529555881,0.9275330247599722
1.0,-0.4076797373063479,2.0303039219766306
1.0,1.8944191450466625,0.7033968097147445
1.0,1.2307973262527454,0.7944927938995815
1.0,1.072046738891832,1.6427011658698885
1.0,-0.9669422287231432,1.9480627689880852
1.0,-0.4117039117295174,1.3952628813863528
1.0,0.5568957074793894,1.8938457100256803
1.0,0.8551501896177394,0.5622042485989774
1.0,0.073586547904572,1.1560900982848448
1.0,0.5502488747147354,1.9448336438049683
1.0,-1.432393578995386,3.3807996005030474
1.0,-0.3234854876717983,1.4890893007942918
1.0,-0.5652441991969742,1.68441061841972
1.0,-0.008708472707117314,1.56774414599667
1.0,0.2694575235842624,1.6617684526944771
1.0,-0.04636306624509488,0.016173516468248952
1.0,-1.5515415917799757,1.3406949398441084
1.0,-1.325173273293323,-1.1874518951996424
1.0,1.7167378549092949,1.2437669109091887
1.0,0.7106934108474688,0.6671712039088331
1.0,0.5856278870299793,0.8314573204952299
1.0,1.182579419463894,2.1688573194778193
1.0,0.24929693315015108,0.9770543884163125
1.0,0.9976568722887352,2.725617500607029
1.0,-1.5659110801759464,1.7877664449274027
1.0,-0.2275824468653033,0.9201158220885913
1.0,-0.19074209049316432,1.5229947319143624
1.0,-0.5624947222985691,1.7325719173651188
1.0,-0.02810238241257835,1.5518696212582872
1.0,0.04365352725451781,0.8475085414124919
1.0,-2.0370029914794707,1.9050220619226226
1.0,-0.028528746689361575,1.2280482726535702
1.0,-1.3045391198180591,1.0314757694881103
1.0,-0.4751906299056352,1.6033095974316183
1.0,-1.778498114296013,0.44399027897050075
1.0,-1.853016960417097,0.7275870573205864
1.0,-1.2912397218075997,-0.22615171747174212
1.0,0.5122455467399649,1.7884307500319454
1.0,-1.0848696558926871,0.5838767951388305
1.0,-0.7837673923340427,2.2193475124589024
1.0,-0.40772569940186904,1.5842173347455932
1.0,-0.0287343905217734,0.7554269253380148
1.0,-0.45997108386013813,0.9252848728973817
1.0,-0.7297287738135099,1.8506224622057295
1.0,-1.3487588745006582,1.5631608256638314
1.0,-1.8728908837269362,-1.3976673686307959
1.0,-0.9671274263158339,1.5333493561990212
1.0,-0.7734783053666923,0.41189770106388385
1.0,-0.51226367093846,1.5574748245683598
1.0,-0.07545149629148021,2.812691358922295
1.0,-0.8125110511843284,1.3244391247627845
1.0,0.5007087813316274,1.0416300672523278
1.0,0.698293154996367,0.4037517631685002
1.0,-1.5921089364334284,0.07116548287106819
1.0,-1.0907217751164067,-0.6496514757379279
1.0,-1.033371376575074,0.8694546698062097
1.0,-1.0646421844896814,-0.44803108236110806
1.0,0.6749650156173712,0.9818747463899757
1.0,-0.9048114309522305,-0.04302311412686477
1.0,0.7987369333895376,0.6301013521866791
1.0,0.5776162934169804,1.1725452260131644
1.0,0.32347587261632155,1.5244403248973848
1.0,0.5749000861218275,1.494413902817666
1.0,-2.2607599071102715,2.382798264777527
1.0,-0.8123220501680328,1.1478363486918801
1.0,-0.5053313112928557,-1.6545295268179094
1.0,-0.5172375611065267,1.7371698362777537
1.0,0.057077403179013456,0.9317120641625646
1.0,-1.4885093904020334,1.662622638469383
1.0,-0.5641855776323712,1.724601700664635
1.0,-0.2627686424121431,1.6084212615955287
1.0,0.12132571922265388,1.515685826021843
1.0,-1.0601651833403,-0.05505088213062967
1.0,0.58143439042686,1.396107364916226
1.0,-1.7720418876239592,1.589527248964607
1.0,-0.4111012942139256,1.3831818322380052
1.0,0.4290895408936161,0.8979552553433036
1.0,-0.2492302226186363,1.0111269688727103
1.0,-0.3015506375647103,1.9218580295434171
1.0,-0.23536450133176293,1.2902584926713647
1.0,-0.1889705668648142,2.5773494053972947
1.0,-1.2365299045316889,1.7754426843901343
1.0,-0.42159339723019496,0.6077817295492481
1.0,-1.237010883912787,2.3388238275785147
1.0,-1.056440036098665,1.3777162402537402
1.0,-0.834667402772416,1.4800242025649328
1.0,-0.6801907270343952,2.660510797282178
1.0,-0.7082189709461232,3.0072022234593634
1.0,0.5397475200499854,1.5142600090548923
1.0,-1.2343332741088247,0.9234335154746971
1.0,0.41860385043776294,1.3710618743655827
1.0,-1.5845845460054524,1.7706920680620803
1.0,0.4190047504673713,1.8826023511057302
1.0,1.0896154880007722,0.9756920543896481
1.0,0.10400906772337158,-0.5261819659138736
1.0,-1.2495869874553929,0.7974563795454268
1.0,0.17525903999481085,1.277988623207837
1.0,-0.3850938176036189,2.632053216736732
1.0,1.4507277080988505,1.1921074609007607
1.0,0.41580913435955363,0.7862268832854987
1.0,0.9345071843305095,1.4466781112044858
1.0,-0.3753958075723593,1.604724392344937
1.0,-1.0730484765514372,1.0837742369575438
1.0,0.42329121028940353,1.536760581573339
1.0,-0.2698784976190469,0.05298391813775618
1.0,-1.1501419031032034,1.127109461592559
2.0,-1.4865475400885875,-2.0258052789283867
2.0,-3.1105099792811233,-1.9080967127876447
2.0,-2.3701417794384696,-1.7201462480684238
2.0,-3.309178558183587,-3.8174975488728062
2.0,-4.290857533812296,-1.1471913977449004
2.0,-4.382496243430497,-2.5610419160593
2.0,-3.575260494511605,-2.056550369831626
2.0,-4.583381741048349,-5.2873367880482816
2.0,-3.7241952904454956,-3.3468040756637345
2.0,-2.964410004464648,-3.816269340015542
2.0,-3.1421030804349113,-4.658072272057896
2.0,-3.3597583129835047,-4.256153733950207
2.0,-2.0344125997344196,-1.567505651296102
2.0,-3.7478820516645506,-2.5898767521212798
2.0,-1.950164739653803,-2.0576772798456426
2.0,-5.06913315473914,-5.338692448687569
2.0,-3.6043056810515735,-1.9176181111894963
2.0,-4.942562027305991,-4.425999905454432
2.0,-5.186875605122156,-2.789132930388992
2.0,-5.57215343395968,-4.2448589924597675
2.0,-4.190348063124855,-5.105246610797355
2.0,-4.159765399371831,-3.8561183685020737
2.0,-3.4775398882402615,-3.0348026432401
2.0,-3.883809837657044,-3.418469203089604
2.0,-3.091464911483616,-2.0747860780044722
2.0,-3.2386944376015245,-3.0625085219614023
2.0,-5.504341260949924,-3.9572323980059436
2.0,-2.614072636620592,-4.018104417348805
2.0,-4.454372465381665,-5.1344778975606165
2.0,-4.801958016528822,-4.002444307298269
2.0,-4.377858088700792,-1.8418876306247804
2.0,-3.6600936566535185,-3.832021470295609
2.0,-5.023622210116948,-2.0601072363300212
2.0,-3.8301007924791004,-3.2839624311784306
2.0,-3.256456158855711,-3.021155549383749
2.0,-3.0916652316094724,-3.6238119167482186
2.0,-2.2995235993497882,-2.0088910398678625
2.0,-4.161435941711919,-1.9534887109806307
2.0,-2.9117196874684765,-4.965669329573829
2.0,-2.8835556496774846,-1.8705384333034347
2.0,-3.0643481757662077,-1.9605618876875714
2.0,-2.6262061044086575,-4.528578700501267
2.0,-4.298319281860806,-3.314231591464876
2.0,-4.113846868103278,-3.9669783500150015
2.0,-3.4339569419379106,-3.7276496955625453
2.0,-3.002267227059887,-4.294903390560832
2.0,-3.5967952028330474,-2.335097014671742
2.0,-1.3417250874949311,-1.0394572288981176
2.0,-3.130122127793192,-1.7948414257710843
2.0,-2.295855998815382,-2.9288879574517215
2.0,-2.5091556397525276,-2.197767624395166
2.0,-4.543262595577748,-2.749813045395511
2.0,-3.1881682353975473,-1.9689549851622092
2.0,-4.3496017434953265,-3.851809058860037
2.0,-2.9216348458696215,-3.926357799875805
2.0,-2.0184521936768185,-2.9145930671724565
2.0,-3.591146293207709,-2.3985591084739877
2.0,-5.162026446994077,-3.236215195397956
2.0,-4.205542840236008,-2.9429667105551762
2.0,-5.335567407789199,-4.517751070306917
2.0,-3.6507318437880683,-2.6349786603215186
2.0,-3.827586429322314,-2.548008644607655
2.0,-2.731806451283844,-3.690317493618992
2.0,-4.224245150533073,-2.5613359738089607
2.0,-3.8958646878435483,-4.102247796284132
2.0,-4.342667552532007,-4.0706898210486235
2.0,-2.009959071634971,-2.588991050253369
2.0,-3.242065246673206,-3.0091102055465666
2.0,-2.61158887096562,-3.292343633318657
2.0,-3.0046775825497445,-3.1626382745951123
2.0,-2.237832795075984,-0.6202389128011268
2.0,-4.579893394288771,-1.8277240278884195
2.0,-6.010767055859398,-4.398765101165711
2.0,-4.1969401708076015,-2.3729049018736412
2.0,-2.3833686048323908,-4.0113571704824444
2.0,-3.287681624527117,-2.9899318678257796
2.0,-3.935434185364084,-4.269940565287587
2.0,-4.40909689967876,-5.7993606281520105
2.0,-4.673759035837211,-3.046022171810618
2.0,-3.5247082665480924,-1.3584254419387134
2.0,-3.144698495100343,-4.375626488638472
2.0,-2.167756996481134,-2.2764774128040046
2.0,-3.017311530762339,-3.0916369871290965
2.0,-3.1256425291276315,-3.500725616837633
2.0,-3.8829341832903435,-5.468429591085609
2.0,-4.397352132731115,-6.493017066506016
2.0,-5.10136864333843,-4.072539071390902
2.0,-3.327939815231742,-3.213443954944994
2.0,-3.4189885297060796,-4.632431006156257
2.0,-3.2148297215535533,-4.048774032007094
2.0,-3.2904134580975746,-3.4483344510144125
2.0,-2.362603721554823,-3.4019079961377154
2.0,-2.2369665918002246,-3.464887881924024
2.0,-3.1313621189881173,-3.6164791104962046
2.0,-4.525633769565087,-3.6427795450969978
2.0,-5.480659336277456,-5.281796137217869
2.0,-4.953939500782388,-3.0945773016466434
2.0,-3.432589190394536,-1.9267438598176239
2.0,-4.594551890367837,-5.3474827317173785
2.0,-4.436066852155077,-3.9823544241946336
2.0,-4.782831669423785,-3.953826401900925
2.0,-3.189360199515243,-1.387099503006891
2.0,-3.493114488181311,-4.155380429033885
2.0,-5.348606968202325,-3.8079819697635164
2.0,-3.5764133715961375,-3.772226450652233
2.0,-2.9882861142943162,-5.264560008696188
2.0,-3.3930765090263164,-4.3717150355651295
2.0,-1.9266113436384342,-2.879999798187188
2.0,-3.918051839008526,-3.1519143113910157
2.0,-4.263048948689383,-1.8058810114215513
2.0,-4.3399862146578965,-1.7552533814927012
2.0,-5.348007520386263,-2.2136622383958047
2.0,-3.5057428364174794,-2.832503960578353
2.0,-3.8225757484264733,-3.2967516213272567
2.0,-3.5166212805712296,-3.45966148659382
2.0,-3.937130337344286,-4.37500096373642
2.0,-5.103013981674815,-2.994579073577691
2.0,-3.6119605869654743,-2.1784709195259016
2.0,-4.825459180924716,-4.147887556189911
2.0,-2.964721401897282,-3.1053665878634926
2.0,-3.0355282079072876,-3.455061543214085
2.0,-3.8649613504310176,-3.3590750562296683
2.0,-5.4434650674480505,-5.711235449327838
2.0,-5.628059460156057,-3.214266342627521
2.0,-3.6038740533530436,-2.473840463269004
2.0,-3.9379262603537293,-2.574805445323498
2.0,-3.604398839451431,-3.366310083286915
2.0,-2.2977105237485866,-1.9482624647596878
2.0,-3.4204466656954287,-3.2754318898753176
2.0,-2.6942280364260305,-2.176908822441596
2.0,-3.84615312943004,-4.360182364697567
2.0,-2.754055992573254,-4.047707766718865
2.0,-3.7746577900811884,-1.613860243512354
2.0,-4.860665552982254,-2.731516547170675
2.0,-2.3680448959202605,-0.6149650392331593
2.0,-3.3821795755858752,-4.2903771297459
2.0,-4.323981934285612,-4.21320671880955
2.0,-2.031232051610085,-3.873543978084439
2.0,-3.100199745660934,-3.52025709643968
2.0,-4.402892814424734,-4.951369677998489
2.0,-3.0271955416442036,-4.508930143274106
2.0,-4.975713555712909,-5.279837499301952
2.0,-1.3660190031942125,-3.755562822942863
2.0,-3.0896327355676885,-1.8489836876330117
2.0,-3.6748804786464513,-3.2973414124407845
2.0,-3.7035652310702263,-1.8115561189591114
2.0,-4.650953711458826,-3.243760908534233
2.0,-2.0376437791919266,-2.987972387323168
2.0,-3.8354388814580163,-2.379871417060239
2.0,-3.5179867611357065,-5.397452775524554
2.0,-3.2703116620598798,-2.3209764296104396
2.0,-2.3042538106320385,-3.046960288859139
2.0,-3.6915018261077304,-2.840140435439167
2.0,-3.9652852170182347,-3.177806794363862
2.0,-3.3637608381054434,-2.9883728234700206
2.0,-5.024380342182593,-3.220416955059998
3.0,6.20714442916675,-1.7179479476269273
3.0,4.550682641620478,-1.9710272538771556
3.0,6.630925542654009,-1.059149044586158
3.0,6.297342642975608,-2.8878489682321478
3.0,5.063887199673864,-1.2073437504962647
3.0,5.229662575845205,-2.4068329386068896
3.0,5.31063812684712,-1.338605582970796
3.0,5.166327326010227,-1.4059477667301024
3.0,4.836586152165683,-1.9558335345663074
3.0,6.1978115035032175,-2.0737666693773167
3.0,4.309358667076786,-2.6740750104164532
3.0,5.302886625275603,-1.7164140629256368
3.0,6.428744250534158,-1.5731512515643484
3.0,6.398119080249085,-1.3444458300400048
3.0,4.64054387572607,-1.2420747307057995
3.0,5.112449112419053,-1.5391537661980021
3.0,6.136904105271228,-1.4818640206290392
3.0,3.7046126198793776,-1.726763624473891
3.0,3.015343601607596,-1.285744677828081
3.0,8.549258450604215,-3.018629510726833
3.0,4.161112078793836,-1.1616974356662695
3.0,6.29316549311201,-2.6821358358274576
3.0,3.6411242335752894,-1.487795187373725
3.0,5.229537146456104,-2.0375629806489486
3.0,7.118572066509242,-1.4858756211416835
3.0,5.332344135675804,-0.9348664209424523
3.0,6.319739429020052,-1.415912388988584
3.0,6.744124660045711,-1.4919833634676734
3.0,4.910211456678344,-1.1970296828733538
3.0,7.384798806322386,-0.9684587009106029
3.0,6.99375522036061,-2.006722459763922
3.0,6.108161298170542,-1.594041523949307
3.0,7.116834040363798,-1.861246290511571
3.0,5.756494548536788,-1.8705085184288204
3.0,6.503892790813111,-2.628196033803843
3.0,6.614052092904176,-2.665413142653092
3.0,7.702016391259648,-1.9874350210994243
3.0,5.733875733698122,-1.2675876178843797
3.0,7.489169852805777,-1.0939095964845358
3.0,5.611915182259,-1.7445274453694557
3.0,6.778462687862627,-1.7488827539968244
3.0,6.719945523126752,-1.8504080666097595
3.0,5.730029603797465,-1.1564460689187441
3.0,4.564240108775421,-3.5200404922305295
3.0,5.048530037276997,-1.3160647592871482
3.0,7.021644497943686,-2.2955604003259364
3.0,5.169055343072239,-1.0378565440403653
3.0,7.430385963111581,-2.0952335958961115
3.0,6.377067024941152,-2.0114869618808653
3.0,4.997266102029674,-1.2749317577968236
3.0,6.333115203097069,-2.5090528661902716
3.0,6.543753211493444,-2.5048239500684746
3.0,5.005807580707059,-1.2859236456292304
3.0,5.586040363073747,-0.9559356750004118
3.0,5.33262797750111,-1.2129590761513833
3.0,4.581672923242392,-2.2293157488494875
3.0,2.6186318409903517,-0.417646619395697
3.0,4.784627641232638,-2.2205389718375015
3.0,4.142118818846502,-0.7381364130559653
3.0,5.53848761234066,-1.512504400031281
3.0,4.877371240625226,-0.8099621731700064
3.0,6.514512425006184,-2.6773696568085272
3.0,5.023794485087254,-1.0330472822862502
3.0,5.010941399664747,-0.8155789642060589
3.0,5.03486826653511,-1.3161784047516258
3.0,6.992978598345012,-1.6976092132726814
3.0,7.614241589637614,-2.34082985306881
3.0,6.49652720962033,-2.184938956416835
3.0,6.653288302675323,-1.855675814330633
3.0,4.649898463067588,-1.1173632674511962
3.0,6.812898935579011,-1.1266766586126102
3.0,7.193108473038652,-1.8430956043060378
3.0,5.431079750432732,-0.7294989783935922
3.0,6.156844748123571,-0.6198419660308989
3.0,4.653303656426561,-2.0892815831720117
3.0,4.239198139735248,-2.45285390132375
3.0,2.6985630592055068,-0.6058347373497077
3.0,4.452662276088799,-0.4714035803535971
3.0,5.444784374321062,-1.6859888657841497
3.0,6.456566935500063,-2.6622614848026456
3.0,3.4333733139027625,-1.9706966570993631
3.0,6.363063663613106,-2.0875799482591066
3.0,5.178816669824164,-0.9121941658834557
3.0,5.627373981140354,-1.4729420629664636
3.0,5.537263280411747,-1.3555959973314415
3.0,4.948218643409989,-1.646575720861618
3.0,6.588381094497972,-1.3296985819468978
3.0,4.645418365864567,-2.1621459400369556
3.0,6.196003670517785,-1.5661545352882476
3.0,5.910785566966581,-1.8177499718288483
3.0,5.44911898658971,-2.2056120342613856
3.0,4.531639659549982,-1.3059382376352124
3.0,4.643428299359552,-1.9743886811986935
3.0,6.299195191220285,-1.5130484820029506
3.0,4.276759708978388,-1.191965898555453
3.0,4.260248835387682,-0.9512938679577767
3.0,7.915749319103514,-3.2150928666342407
3.0,4.225105690556763,-1.4210791453199625
3.0,6.377608665198213,-2.822671929760389
3.0,5.208367327148399,-0.7024095852155731
3.0,4.651793855739002,-2.179844000494701
3.0,7.345601134455234,-2.7911853102877866
3.0,5.124261554831757,-0.9126050924434274
3.0,5.951135500650637,-1.9980929416300977
3.0,7.665105775361995,-1.7724597937614759
3.0,7.813162889826013,-2.50026486102729
3.0,7.210269139487122,-1.2504512427597365
3.0,5.093879142770857,-1.1944549307554988
3.0,6.517721424714191,-1.6396029593131634
3.0,7.95582203701558,-2.6407258835146035
3.0,5.254024084291585,-0.8301283790093089
3.0,5.824606358522484,-1.287152581754657
3.0,5.361407732067208,-1.9408395981604312
3.0,5.452807588818172,-1.5402922900175549
3.0,4.915151890373218,-2.4813407086658743
3.0,2.1298110762704656,-0.25856047333349075
3.0,3.961007668936786,-1.3368813915717386
3.0,5.463300551799437,-1.61862362888958
3.0,4.432745383702267,-1.2413134632419442
3.0,7.358046260702877,-2.1072885114386417
3.0,4.263920090762039,-1.9202593151563094
3.0,5.172796931190577,-1.3083504203666814
3.0,4.735178345671794,-1.8434319888051054
3.0,7.046560434915442,-1.9812544397735918
3.0,4.589973687734019,-1.8294951852537704
3.0,5.758122925711636,-2.109985759262875
3.0,4.455671385530246,-1.8261547354388088
3.0,5.637541027701822,-2.386883199203809
3.0,5.236629883010225,-2.3457556978459038
3.0,4.605344006751452,-1.9206013204095143
3.0,4.598915291525677,-1.8059114253367283
3.0,6.3810257710844605,-1.6401915896104673
3.0,3.9430615294739177,-0.9725974871667923
3.0,4.241000771613104,-0.9389892449024458
3.0,7.005597832216269,-2.254050345287229
3.0,8.045311961837314,-2.841655868661174
3.0,4.098022895993591,-1.3336754563506656
3.0,6.488711006534244,-2.504108309165988
3.0,3.655217644732349,-0.9762246881961596
3.0,5.490667292003456,-1.6886509221127952
3.0,5.070835247723196,-0.6625993492822444
3.0,6.248140860152465,-1.4576583186860919
3.0,6.308478188275309,-1.429728771657726
3.0,4.912913835356545,-1.349849824504899
3.0,6.566851578652367,-2.402093689267968
3.0,5.653275824703387,-1.112053194576964
3.0,6.527502529254629,-2.2322385444602935
3.0,6.270755322931323,-0.8723392197895061
3.0,6.704120288917494,-1.528333926450761
3.0,5.741026306925731,-1.6872448462515979
3.0,6.752991838856602,-1.6746590194061666
3.0,6.855781879184993,-2.6126252622302393
3.0,4.877467168292173,-1.5009575562246251
3.0,7.64560699727739,-1.182468864979307
3.0,6.295491054873183,-1.0824127020477945
3.0,7.08547805509107,-1.6880416100760613
0.0,0.8710600388572189,-1.0458890205613989
0.0,0.848229747124888,0.9904179361721861
0.0,3.6210421399954615,-1.0440685586935545
0.0,-0.5012902272806667,-0.853315655775235
0.0,1.3082779032531056,-0.7566967623977903
0.0,0.886521439737897,-1.0446812062080633
0.0,2.3344921749914533,-1.1702527428869265
0.0,-1.3667921177109623,-0.18030181142690727
0.0,-0.8977687945170139,-0.6329010408759359
0.0,1.7357427427870253,0.3082100294526336
0.0,3.149742348696296,-0.13312002697276923
0.0,-0.4981428291070465,-0.7932066472232409
0.0,0.9216029585093007,-0.4696914788122481
0.0,1.368946234530775,0.05037877628068546
0.0,0.10266490520239713,-0.20011516403047808
0.0,0.8374589370556503,-0.3488093885822877
0.0,1.150325207625042,-0.6158048136548846
0.0,-0.18517493454116912,-1.1577429000559707
0.0,1.5327376364570113,-1.0666574314782085
0.0,3.8368616551955417,-0.5005504845088312
0.0,-0.1829083200857344,-1.2158140095063228
0.0,1.1003571979392517,1.137207055839722
0.0,0.22873255940070422,-0.5946516451244681
0.0,0.2456131271052826,-0.4672472048977211
0.0,0.0500260025470606,-0.4505206063510062
0.0,1.2189434453960792,-0.671904794874365
0.0,0.8642730798687831,-1.318683182776792
0.0,0.963458891869603,0.7247227358167686
0.0,2.4348058030007955,-0.7011110675821469
0.0,-1.7506448645033108,0.29840553207565623
0.0,0.9635416169026687,-0.5588438812477254
0.0,0.7305557784406996,-0.9010659731760283
0.0,1.7790483622386397,-0.1384221209361814
0.0,-0.45893263901758174,-0.26875041163207575
0.0,-0.05514631249302152,0.26551387481608324
0.0,1.1461435621617313,-1.0259383037820653
0.0,0.47147529464266547,0.11793199071340052
0.0,0.03371926157422973,1.408247486099264
0.0,0.3466418431236147,0.30276130694607106
0.0,-1.4585261070953297,-1.0093412736188871
0.0,1.4622249404205183,0.20953462962738212
0.0,1.2910883039577787,1.2433891588334276
0.0,0.22090685707897084,0.4926323232734452
0.0,0.13184158815596858,-1.3407348905074286
0.0,-1.2006955858649935,0.7174970469023483
0.0,-0.4197613904184998,2.1830023710667965
0.0,0.15289064291833393,-1.1369039542126211
0.0,-0.0360718540024729,-0.12160189258887939
0.0,-0.0861341215714106,-0.8221011790742988
0.0,0.6554510968562417,0.6640153941779011
0.0,0.16863010174680682,2.248569767787048
0.0,0.278215651709232,0.07958283269352787
0.0,-0.7221254740707002,1.4263820520112702
0.0,-0.28004221309369526,0.1769147186014196
0.0,0.31030202322422945,1.832755254046128
0.0,0.252315783326651,0.006939730377932909
0.0,0.5648738078243746,0.36751861961381094
0.0,0.6878423552684703,1.2444497480747259
0.0,0.2849679557618408,2.0592491525932006
0.0,0.13161078381380553,0.13174092590867947
0.0,0.7461654648782693,-0.07538668806526962
0.0,-1.141916179179601,-0.9455658359165067
0.0,0.5091803092369911,0.16968260403148516
0.0,0.44468703630001455,1.7829568910479419
0.0,-0.34646809649838434,-0.4962418405583114
0.0,-0.049313368561978106,0.5420924852176578
0.0,0.5775549171708262,0.4538258581052364
0.0,0.515658787162072,2.450624699042222
0.0,0.3915054301543319,-0.04534892611742034
0.0,0.7005595833643196,0.8416456166251701
0.0,-0.13204976040172495,1.0192892218889944
0.0,0.4905789665497845,1.8160891125457856
0.0,0.8501718219374991,0.1342438410162911
0.0,1.4488290006883848,1.0843510070494524
0.0,0.01124732979910935,0.885187362887529
0.0,0.42226291944890587,0.4106943137553953
0.0,0.6546794366252126,0.5489569911159851
0.0,-0.5935591611217298,0.26182083097911835
0.0,-0.13852782019630788,1.0548166547610782
0.0,0.04457146942726532,0.47595493337828565
0.0,0.8355467561906319,0.7802215222475758
0.0,0.3770631116868727,0.9441923230212393
0.0,0.44017359182221477,0.8899871254030921
0.0,0.7903404264023145,1.1503673607083797
0.0,-1.7440439109863968,1.5451475443782792
0.0,-0.45704862486594827,0.1888459535023404
0.0,0.7093785343792265,2.898002430491582
0.0,-1.5322254208375292,1.2187323165710995
0.0,0.3342733713939969,1.2669851371370295
0.0,0.18897802074379866,0.3584263376427179
0.0,0.3691060145044846,0.6589491990603907
0.0,-0.2081729082905184,0.34025465350816947
0.0,0.7599519574019026,1.9135813219721003
0.0,0.5038472067663722,-0.4405549263718839
0.0,1.437857122785461,0.8182951093917138
0.0,-0.2952595066273274,1.9588279244325804
0.0,-1.137609886478094,0.556212849701795
0.0,-0.8638175377112461,1.0287644913398608
0.0,0.3403523404397261,1.6001530555950683
0.0,-1.3140806523455757,2.6267712760398347
0.0,0.11520314555698949,2.2670685935253054
0.0,1.273050847532921,-0.049038382088267336
0.0,0.7251336941186922,0.11407853865868167
0.0,-0.3278943592549238,1.462053242427952
0.0,0.5022169319756654,0.7332011894694623
0.0,1.042181854401999,0.5237851930357179
0.0,-0.5421279481062946,1.2697020871909277
0.0,-0.6280521564890909,1.557611335014535
1.0,-0.5930941720146274,1.6501895288287693
1.0,-0.33839516730503905,1.5745491701876022
1.0,-4.426218854916772,0.9497835307789213
1.0,-0.6672464692244651,0.986725156525573
1.0,-0.14004209590840141,1.7903900185129487
1.0,-0.7425755812525732,2.298067711008051
1.0,-0.6931794776025714,1.9754642673335363
1.0,0.13739871452225025,0.2731768413107747
1.0,-0.5616222595180441,1.7836961290247186
1.0,-0.8852344840214896,1.3958147744871938
1.0,-2.298115350096872,2.035482620731758
1.0,-0.2773630932558567,1.168652036661183
1.0,-0.7330310289894848,2.6327640309897307
1.0,-0.09455884290772275,1.9456717834243957
1.0,0.29962865992960264,1.3979529942845967
1.0,-4.006299062396791,1.0188843527556217
1.0,0.017813959878717343,1.9819954817479002
1.0,-0.06499090625993306,1.7914603177308743
1.0,-0.29850951756913835,2.0935874027685735
1.0,-1.68083114070319,0.9386876778604566
1.0,0.2397916785214384,1.427951576841179
1.0,-0.353241833634427,2.056731737342149
1.0,-0.3161934706907519,1.2778279840362936
1.0,0.11434121956623908,0.759599967860133
1.0,-1.5425597221384668,2.3496307847861138
1.0,-1.0325498096537427,0.8087064623022522
1.0,-0.3779904584398078,1.6715658758890393
1.0,-0.7134784170845693,1.7204200929749756
1.0,-3.7742030272545772,1.7415127781743474
1.0,0.6706077122774143,1.1871663205764271
1.0,0.15119596494047122,1.6886909454234318
1.0,-0.4008653700848508,2.431361829534152
1.0,-1.8383440061899794,1.4472836790522636
1.0,0.430754830803337,1.6774992353341522
1.0,-0.3543249912600112,2.1808774567098608
1.0,-0.5889208679545698,1.0859244800580878
1.0,-0.6536967503807671,2.1398791601035114
1.0,-2.4487293325530772,1.953626767176965
1.0,0.8311250468677744,0.8984317805471839
1.0,-2.084550617904628,3.677117261970295
1.0,-2.071096430481328,2.205142376931381
1.0,-0.5316376855410563,1.5514783687875657
1.0,-1.571130079924576,0.8508297442384525
1.0,0.34055727005753833,2.785811269277386
1.0,-0.930399724412438,2.6217203730149365
1.0,-0.6986013860809596,1.8360508538713816
1.0,1.3093581361682245,1.2960208021121777
1.0,-2.201875591389605,2.195298186499623
1.0,-0.8388786843641708,1.9285872854853174
1.0,-1.1824473121435877,1.0873489504519258
1.0,-1.2490199236748993,0.9015271766135535
1.0,-1.0782347711764706,1.4484267806655684
1.0,-0.9135322275156736,1.9210459561872157
1.0,-0.9047074743181668,1.9700808458806789
1.0,-0.8702424896975061,2.0594078840665966
1.0,0.9043505664189756,-0.2983921350945097
1.0,-1.0158520012914178,3.0670610597829793
1.0,-2.3534929535985287,1.795777609655121
1.0,-2.3388436080493875,1.6834943811880283
1.0,-0.23096924905779445,0.7853809616507738
1.0,-1.6263369244721098,0.7218120646169659
1.0,-0.5111891022121395,2.6825679326144884
1.0,-0.9257430391206571,2.1483532448624447
1.0,0.7298271024499781,0.5461541340178765
1.0,-0.6180203568796875,3.171857397493742
1.0,-1.2478094453441821,1.1525264195667535
1.0,-2.504612642685227,2.801683435279646
1.0,-0.5563376565870151,1.5555029104041325
1.0,-1.3322530774364267,0.7682582609836986
1.0,-0.4593306818853161,2.439657188343155
1.0,-1.0256340739713592,0.9726491050150889
1.0,0.525807993843177,0.7799267216914034
1.0,0.8499822445071984,0.4187282761489213
1.0,0.6664831949743785,-1.281900244402638
1.0,-1.154800069744071,-0.3328572940200229
1.0,-0.7383006351559549,1.3645537758165778
1.0,-0.5592506839301316,1.9129866258195094
1.0,0.5402343431412213,0.498726186673349
1.0,-1.0048610832002212,0.7407173664698842
1.0,0.20770759403036287,1.7792491412976503
1.0,0.12176191179510708,-0.26471099207109594
1.0,-0.5771924492403883,-1.6561994208579363
1.0,-1.6650098190774452,0.7241664278848239
1.0,-0.894337091904543,1.1053099124971246
1.0,0.3768768681607987,-0.10280430590470592
1.0,-0.14913444990508912,0.34341901972875066
1.0,0.833871658728731,-0.23914405820146434
1.0,1.1130296338181813,-0.37994464978844994
1.0,2.776165791503023,-0.7120894816070218
1.0,-0.835049022395468,1.3147130142960042
1.0,0.25522590661245204,0.21454652497972518
1.0,-0.9574310678860162,0.5568723734726398
1.0,-0.9788681794727389,1.237420121936812
1.0,1.035788894408152,0.46289032704609195
1.0,0.1731785164963417,-0.4043266692531781
1.0,2.586719245366219,0.0700678141990846
1.0,0.37199652082077134,0.6211103821206236
1.0,3.1770169650546944,0.1546113378027216
1.0,-0.7873630940527988,0.21409131213506782
1.0,0.3685091295207705,-1.2068371481125977
1.0,-0.9714067213942414,-0.09304361102700547
1.0,-0.10861249195311301,0.7804381124482199
1.0,-1.1276806686604228,0.2703969146428296
1.0,0.849467222542136,-0.5990723815073771
1.0,-0.7789180668762139,1.5206007444909868
1.0,0.24111768341857961,0.73784798217209
1.0,-0.3089247978868893,1.3025694626854134
1.0,-0.7190368648869502,0.48435533352396376
1.0,0.16824996484475774,0.19158868594985712
1.0,-1.0596512516570462,0.4451073567721223
1.0,-0.8150626325588037,2.2089049165852916
1.0,-0.9272291095926484,1.5272040340525306
1.0,0.7812974993243189,0.5375865227709788
1.0,-0.4663893882018765,0.6988752297488555
1.0,-0.043175172163059834,0.8631700573218476
1.0,-0.6595094098566099,0.8928807696716583
1.0,-0.7417439397936055,0.11189029763021695
1.0,-0.0987501386090354,1.380558124756466
1.0,-1.5102145552681192,0.9791162084864881
1.0,-1.0515049861932277,0.947572499409189
1.0,0.13281556847159148,-0.10334741434406666
1.0,0.004024317649639264,0.5820032489020928
1.0,-1.3555041311181977,1.4407393812042724
1.0,-0.49221522521633626,1.9258503322786888
1.0,1.2481821445534396,-0.05206416304609397
1.0,-0.6697393944883789,0.4847731430202863
1.0,-1.1881000323476432,-0.5887225896296056
1.0,-1.360934320490066,1.4237389017398685
1.0,-1.1509091871962174,0.4040651952587535
1.0,0.7018247901279593,0.4790405732869533
1.0,-0.6795543493162542,2.149922193112415
1.0,1.0776049162817956,-1.0608592733758313
1.0,-0.1477466749115305,1.5556923076998508
1.0,1.063959815729757,-0.20955344003330983
1.0,0.011492481540772408,0.2676663529960479
1.0,-0.05298927626521278,1.9589731322267858
1.0,-0.5369239572459183,0.7887053886473043
1.0,-0.37588288002993697,1.59387735080931
1.0,0.46169051650380666,-0.5321685529048326
1.0,-0.19564211045626131,1.0615506107140213
1.0,-1.3633578885603026,1.6625790958457993
1.0,-0.6132080581855438,1.322044345358055
1.0,-0.5863626041682115,1.572059936258264
1.0,-0.6653502958158016,2.0135147682234513
2.0,-2.8640445660569407,-2.7065343541168514
2.0,-3.610137572247176,-2.8680769078925574
2.0,-4.3729351769384,-5.030703957756793
2.0,-2.124460870161985,-1.7166158669479812
2.0,-4.039698534733918,-2.8812103455974722
2.0,-3.998346903731539,-3.9055053884652993
2.0,-3.58836353402957,-3.1896346126371706
2.0,-2.4454464097020954,-0.43493575008986346
2.0,-2.8721650694326364,-1.58249617387619
2.0,-5.045474178754435,-3.302822475912198
2.0,-3.8559308965489465,-2.537705652772501
2.0,-2.491986469725745,-3.5117989016029223
2.0,-1.8620477127391983,-0.8987045727400347
2.0,-2.9781770208687206,-3.7080084498570645
2.0,-2.4717041371294934,-0.30858511843968184
2.0,-1.1108157105044318,-1.6246088929027114
2.0,-2.951606270233153,-1.7038530517299686
2.0,-3.6143513283079307,-4.246340795625606
2.0,-3.388796744626879,-0.7710563135814211
2.0,-2.8877274201982357,-1.608280252912575
2.0,-2.9773405467273615,-1.8055620481856078
2.0,-3.025422319551345,-1.5149776871393406
2.0,-4.862306381517672,-3.691154818449114
2.0,-3.3673022668976613,-2.0672288980646703
2.0,-3.142309937200913,-3.3063872510129224
2.0,-2.571262106657452,-1.8091429053698551
2.0,-3.250266977175994,-2.4103964865657823
2.0,-3.2644220934709174,-3.054701850786644
2.0,-2.5250727836838007,-2.4372816543868865
2.0,-2.340436496276182,-2.0358827498672927
2.0,-4.077545216633504,-2.6740411148572663
2.0,-2.4305752722271543,-0.36532593855753925
2.0,-2.3201272514053466,-1.422540627815558
2.0,-2.397276012601345,-1.8667429384101066
2.0,-2.948450842344832,-2.7911395003566124
2.0,-5.474812375141138,-4.283510136367083
3.0,4.459920803156374,-1.9518368669406285
3.0,4.674875333428495,-1.7113755678176794
3.0,3.8183371830557014,-1.4824132252652718
3.0,6.5532200804582725,-1.1608406226354437
3.0,6.89873931722231,-1.7999068332146588
3.0,7.67757065467462,-1.7496037064225685
3.0,6.715717756561254,-2.3126312044975457
3.0,6.450966017657175,-1.3916103729586846
3.0,4.719280862024338,-2.263268274193332
3.0,4.3153943377654915,-1.9545825456183672
3.0,4.217203940411012,-0.8958729392802961
3.0,6.216920043030915,-2.0331801852216267
3.0,4.937138109167967,-1.1400650304131894
3.0,5.402539337770508,-1.3699646823220715
3.0,5.800620801286441,-0.596039648257152
3.0,5.901928020854739,-1.398634401134988
3.0,6.266007985532544,-1.5361839269736675
3.0,5.719955383821423,-1.3029228343554984
3.0,5.44357164831715,-0.5370587239557663
3.0,4.209168841434774,-1.1312307248815405
3.0,6.701808877537342,-1.79855202047974
3.0,5.322560513779822,-1.014576246761567
3.0,5.5995297539829405,-1.3971400230080808
3.0,6.141698725835334,-2.447521246420161
3.0,5.38950552589937,-1.7779546870138647
3.0,6.246802660153661,-1.5361621547112339
3.0,5.978043619415914,-3.115640708612997
3.0,6.75048439142646,-2.3660271533342394
3.0,7.236175350492857,-1.6979531330174247
3.0,5.985282508529626,-1.6262603099630042
3.0,6.7840022599872185,-2.2275321892432323
3.0,8.127050786202105,-1.6160536606024738
3.0,8.079374425603328,-1.9846602892343692
3.0,6.23897523992702,-1.3526126160983745
3.0,5.776636453873567,-1.2537707335462014
3.0,4.9916596740959465,-0.9727966718779343
