0.0,-3.1761337634181683,-0.7825694799100104
0.0,-1.9546391342650244,-0.6520478312546353
0.0,-0.8025837813864182,0.4217618620240018
0.0,-1.4696166075312291,-1.0207691314137717
0.0,-0.416899571423342,0.1545687445368833
0.0,-2.97023120543237,0.6409449411103414
0.0,0.2525196357278805,0.5358794197284551
0.0,0.21945074519137733,1.4042677529177667
0.0,-1.3903817657527482,0.3849457942607108
0.0,-1.2377808664682126,-0.6468708704028288
0.0,0.3609908576364334,0.3885860829119021
0.0,-0.48554720946263724,-1.0886525969994698
0.0,-0.3383188182209587,-1.435382242357023
0.0,-0.7005833656576534,2.588722481542839
0.0,-1.4781380756302969,0.17669396923441147
0.0,-0.40542109377119995,-0.621685167847887
0.0,0.9649019553332562,-0.5124615659759953
0.0,0.4657283110513161,-0.655623393793422
0.0,-0.19444435618422684,1.7475919743637858
0.0,0.06532736260290098,0.9920176865907949
0.0,0.3224318618969815,-0.20315423082997888
0.0,0.8021543942836028,0.32500694927071444
0.0,-1.5068427285164536,0.7762903876130445
0.0,0.9866017417782296,0.38770866020625355
0.0,-2.012604007033278,0.8856376766049375
0.0,1.980906087172142,0.26477619417388937
0.0,0.6930463353196222,0.6214084315258794
0.0,-3.2848911955992666,-0.024075336110197198
0.0,-0.830604763936473,0.1317212177310892
0.0,-0.3465736669491999,0.15735402712004393
0.0,-0.8333419975727098,-0.6130778290055072
0.0,1.7783280081032309,-0.43646193318051146
0.0,0.2831720098859346,-0.4169073394101394
0.0,-1.1628462620221307,-1.064436251214343
0.0,0.4598930162149304,0.6127669523609833
0.0,-0.8166399304742344,-1.1233027043144888
0.0,-1.7274947006858017,0.8694617811122916
0.0,-1.7153665133578826,-1.167165875379673
0.0,-1.1899234953292568,0.8574436931939692
0.0,0.32629335362095446,1.3843574271302521
0.0,0.1102486053462306,-0.13865417291631196
0.0,-1.254890421309477,-0.6992911629444937
0.0,-0.9807003315115075,-0.016664024738804337
0.0,-2.296668571134525,0.7123661621146661
0.0,0.07639386075503847,0.9199551503315607
0.0,0.12176449282810366,-1.210824676831079
0.0,-0.490423473996553,-0.06067864101386834
0.0,-0.5133289795568236,-1.4621551884602146
0.0,-2.168074639600685,-2.5311064784152313
0.0,-2.643317721483897,-2.913796631127446
0.0,-0.9277021998672336,-1.9865057941025064
0.0,-2.1480810809604325,1.3031569158688967
0.0,-1.4284061344264518,-0.8775468773685376
0.0,-2.8600551320354946,-0.5519821908397123
0.0,-1.4583011759170528,-0.4144263932248703
0.0,-0.1665894890705439,-2.874645305309018
0.0,-0.6374005433458763,-0.959379812272839
0.0,-1.1170115700921348,-0.04779208799184662
0.0,-1.6216433680720763,-0.3712824753000882
0.0,-2.2625091994952946,2.075927100577983
0.0,-2.380496893068065,0.026477623903524827
0.0,-1.2312563815699824,0.07991489171034596
0.0,0.36585793694586843,-0.07588459813925225
0.0,-0.001772141833360727,0.6027986538822139
0.0,0.17324979018185357,1.6412961455955648
0.0,0.4150423332889855,-0.0905781718667202
0.0,-0.7688122242851385,-0.34334483758726503
0.0,-2.231488658773002,-0.8817702613752659
0.0,-1.6853592285805363,-1.043971002343279
0.0,-2.1948512632161816,-0.4314177185005502
0.0,-1.337018937151784,-1.3192007880860748
0.0,-2.4453283632035077,0.8695701333654565
0.0,-0.579133219556108,-0.879753188316874
0.0,-0.5690095817083946,-0.27196809713614856
0.0,-1.2981301352012942,-0.1560348055156708
0.0,-0.2893284102028062,-0.14426395764628092
0.0,-1.2023020498696513,-1.3658947408230397
0.0,-1.430476395519494,-0.49672621756879287
0.0,-0.4692503773103049,0.8353691857752021
0.0,-1.3487587121602915,-0.4617174467190444
0.0,-1.341489817150087,-0.4233768780295753
0.0,-0.6613125043006592,1.4362422250755353
0.0,0.03485224951815361,-0.10264607862114022
0.0,-0.9634389488386201,-0.017103808122378144
0.0,-0.37814861041075704,0.9566923968488587
0.0,-0.7662796127304506,-0.5107675024656426
0.0,-0.1435432060062309,-0.4020386892961232
0.0,0.5980018089467346,-0.601809336748087
0.0,0.05200201825071743,-2.8674644998557297
0.0,0.595240444305578,-2.0549674141463727
0.0,1.2908072068039786,0.38082935462329315
0.0,-1.841755019608514,-0.4012493128489957
0.0,-1.296058769547909,-0.7415858756581143
0.0,-0.3736043834532858,-0.3228847065906113
0.0,0.538722145711693,-0.6452380686860447
0.0,-0.4620257909746989,0.4508403320714754
0.0,0.6375915530626116,0.35575190624557257
0.0,1.3513141034106986,0.20240765829839885
0.0,-0.9317344013192551,0.2916324044751715
0.0,-1.4104069932884775,-0.18563742477870268
0.0,0.1922375308251316,1.101250574231586
0.0,0.03954280152964287,-0.10771610895019623
0.0,1.9428204864874634,0.8403557288201993
0.0,0.1999391362371785,0.37406791018627134
0.0,0.16869175203719533,-0.17569257546883327
0.0,-0.2566077511097822,-0.3919293333967529
0.0,-1.4803700720030548,-1.0034854374978455
0.0,-1.98229602727195,0.24555471061977263
0.0,-0.6032465702478423,-0.681626195326987
0.0,-1.3531432996106116,1.0730949730954087
0.0,-0.5857036309547212,-0.752950351687857
0.0,-1.2544435944559014,0.031599738475234375
0.0,-1.8256785760312941,-0.9419550660908537
0.0,-1.8964233724575272,-0.6101634228726486
0.0,-0.24293870439642368,-0.9251058088788829
0.0,-1.4831495438152693,-0.25478290951236254
0.0,-0.6107108529874584,0.9428048737979517
0.0,-0.6798083333398026,0.6574963462310324
0.0,-1.2102160809279066,0.11564189816406999
0.0,-1.1831973564931846,0.8304765135089367
0.0,1.9830127706366707,-0.3258824163297141
0.0,-0.2444389008972817,1.1245388636184233
0.0,0.5766508042812,1.7154900136290303
0.0,1.007144253007397,0.2850319670696682
0.0,-1.0135110655771633,-0.15853945508466652
0.0,-0.7671097042140264,-1.792391002718316
0.0,0.7128631373694897,-1.415916469782722
0.0,0.37039948208671497,-1.770860065340857
0.0,0.32514452335302574,-0.23973919380014483
0.0,-1.0430096601821006,-0.37815607224197995
0.0,-1.494863829833611,-1.6905250912855827
0.0,0.5665224397604048,-0.022036048994473822
0.0,0.4926445942615385,-1.3832173651838582
0.0,0.36218640302398797,0.31128153435354494
0.0,-1.313659457041243,-1.3049065821451846
0.0,0.020020497209985888,-0.27100604846276977
0.0,0.021411537039731126,0.7834701613543246
0.0,-1.017980550339941,-0.42220382082487684
0.0,-1.3497580997197425,0.04319491509932599
0.0,-0.2805695649521786,0.6985034302979658
0.0,2.150916398251735,0.22542881589515418
0.0,-0.2243411768341571,0.21731081204215252
0.0,-3.5668014165240844,-1.2880645815342204
0.0,-1.7808988066077773,0.30651741448401665
0.0,-1.753051725351187,-0.05395946645513632
0.0,-1.1651261655564653,-0.5001855462407345
0.0,-2.1958307852458447,-2.244178562293025
0.0,0.7721515496697532,-1.7634438612378913
0.0,-1.3980817493346218,-0.6113011186087347
0.0,-1.6008954474284114,-0.28731466738138745
0.0,0.677977781911791,0.2961083862797667
0.0,-1.0864903394548684,0.23698909140871044
0.0,-1.8548187229247093,-0.9654448719114148
0.0,-0.8918756376677535,0.5658979851956849
0.0,-0.48945971962786244,0.9972949089763443
0.0,-0.4459448071975215,1.383491919234742
0.0,-1.5083804431527428,-1.3133028107590448
0.0,-1.1320387893880501,-0.23097865698733533
0.0,0.7126054181046982,-1.553243408397493
0.0,-0.03525495195723918,0.4223897428671861
0.0,-1.207309238496641,-0.8378574864051704
0.0,-1.282670050379813,-0.6528114496737963
0.0,-1.5828208534825243,-1.1266571295519243
0.0,-0.6225349059831836,-0.9308960252239126
0.0,0.3731826445365174,-0.8391945920833769
0.0,0.5837647760692442,-0.522221781416861
0.0,-1.977549924707574,-1.0502558244315394
0.0,-0.49701572283464485,-0.7896520757146318
0.0,-0.6200306576636946,-1.0740996166851837
0.0,0.8736538567903762,-0.3439459754756042
0.0,-0.3829568349078806,-0.48904140422820375
0.0,-1.598170219603153,-0.5997295423677002
0.0,-1.029023800988692,-1.0853891254838266
0.0,-0.4522146201685403,-0.31676373374466066
0.0,-0.38604234320896774,-1.6485204045601802
0.0,1.4728105810574144,-2.327028650269116
0.0,-0.9955902234884284,-2.3149784720689177
0.0,1.852450017278777,-2.7672417175410184
0.0,-0.6959417329972766,-1.923339285432305
0.0,-1.1768102075554605,-0.4598432576272145
0.0,-1.1850530652152467,-1.0357948305790543
0.0,0.05177148740749773,-1.7331628545433035
0.0,-0.2010990205366473,-1.0100141651317782
0.0,-1.0367106530518664,-0.6521319280499221
0.0,-1.3482082036580465,0.44197495952720073
0.0,-0.9003477615260544,-1.683826692519728
0.0,-0.7157435308072239,-1.453021720387051
0.0,-0.7362233868656086,-0.779216941475106
0.0,-0.17123542880257941,-2.2127787660868488
0.0,-1.2130465320233563,-0.918803501290296
0.0,-0.9404913317317808,-0.5539916773179254
0.0,0.8581505516484327,-0.8110069326247371
0.0,2.554028052326631,-2.152903926249772
0.0,-1.157084529988123,-1.408978979749566
0.0,-0.4833184271824895,-0.5434788431152888
0.0,-0.9016681376789227,-0.7120091215537822
0.0,-1.5802217413130717,0.8165825749582307
0.0,0.4836166595367892,0.3410961042554291
0.0,-1.3920825154018015,-0.0017085646766904917
0.0,-0.623519613387474,1.5650808368202052
0.0,-1.1332175729367167,0.03321706418119903
0.0,-0.6568766082199542,-0.09931360813187705
0.0,-1.8614056481326633,-0.888910713963156
0.0,-1.0951021406878747,-1.089620820897881
0.0,-0.3651841615208215,-1.2730242430931962
0.0,-1.3304091681629155,-0.017524619141362347
0.0,-0.3424444865243555,-0.3394474075350134
0.0,0.13499578634446027,-1.1085056035508416
0.0,0.3833778217851831,-1.2187111388320682
0.0,0.9324623629787788,-0.09128966656484729
0.0,-0.272566803886791,-2.2058219075723113
0.0,-0.31743107349450134,-1.307233548681078
0.0,-0.6755055163629804,-0.09580298441583643
0.0,-1.4189302624090037,-0.39142536216603835
0.0,-1.1699391479138121,-0.6405963901440311
0.0,-1.1218316581607874,-1.360514673497483
0.0,-0.05670003830307123,0.36495609922955063
0.0,-0.6560757710650039,-1.5370680528062668
0.0,0.931020075733576,-0.8104328310512621
0.0,-1.1590841509957126,-0.32726513925469847
0.0,-1.3030048398991436,-1.9749908325970595
0.0,-0.01871454010434695,-0.2762238421219297
0.0,-0.7989772954780545,-0.63797183183106
0.0,0.07612880708592508,-0.8225478630893852
0.0,-0.562591862378658,-0.6386230117451936
0.0,-1.485875782546105,-1.0379347215614605
0.0,-0.5945499789811817,-1.283925741653538
0.0,0.5686738475658141,-1.4721132107335746
0.0,0.9790778101987166,-1.8742656623466514
0.0,0.7074567124777533,-1.1094778093446107
0.0,-0.16359163899813087,-1.8052895269706535
0.0,0.3296839541295207,-2.2174488163406285
0.0,-0.444584160908948,-1.1035519294499252
0.0,-1.4562290523410182,-1.031729949913618
0.0,-1.23407079398327,-2.3768152801939983
0.0,-0.6995749550100586,-0.9938242701966302
0.0,-0.4379372113120075,0.41915733957711887
0.0,-0.46316694430023503,-1.839430862471899
0.0,1.2222697362360517,-0.9881117259894685
0.0,-1.0210474981953848,0.932125815170834
0.0,-0.18159870078467016,0.6389867254828269
0.0,-0.08176175707111988,-0.524776160231103
0.0,0.6650608444346363,-1.5325000833845002
0.0,-2.1962939244322333,-0.7710645132968504
0.0,-1.184213779383592,-0.4246369917340486
0.0,-0.38726929503730523,-1.659616625519205
0.0,-0.531213206786246,-0.5099627431199146
0.0,-0.08538755454630104,0.06420413673813095
0.0,-1.1304263533167813,0.03309738720179969
0.0,0.2557882183620654,-0.48531283430351496
0.0,-0.14513420640253147,-1.132819579693435
0.0,-1.1881268918264882,-0.43932812480984035
0.0,-0.6670481401790709,-2.1973409138552324
0.0,-1.1566496578151484,-1.427780852952485
0.0,0.930540735617409,-1.0415320032716229
0.0,-0.46073048379906095,-0.16660025639646847
0.0,-0.3529006175406402,0.7116067328618432
0.0,-1.2327855412483235,-1.0075371700486495
0.0,-0.24761805497108189,0.18082899091628976
0.0,-0.5751491117923031,-1.3980816875453634
0.0,0.08349656822691223,-0.7907365183145112
0.0,-0.589256059413066,-1.664038948137419
0.0,0.24982862610109094,-1.7034343151370224
0.0,-1.4015338871905045,-1.0174337328188348
0.0,0.29196552368850004,-0.2398546772776023
0.0,0.5533770817441835,-1.485880874114124
0.0,1.5302277022133213,-0.985976557106973
0.0,1.0048188182378361,0.9769859100246812
0.0,-1.4798195423507918,-1.218290772232963
0.0,0.40929391033643325,-1.3081324874208284
0.0,0.41127656649748157,-1.5524554820545056
0.0,-0.3862315031783184,-1.3116479536730028
0.0,0.03532803940524273,-2.342405640101517
0.0,-0.7393876900928071,-2.9582272968879755
0.0,0.9879288418524731,-1.0976150810264396
0.0,-0.7673698015953125,-1.321057204566003
0.0,1.870215133484736,0.4551070365837568
0.0,-0.05501742353158119,-0.02511401534412977
0.0,-0.034516385329621785,-0.18512450847654724
0.0,-1.3609623196613598,-0.5219803602720522
0.0,0.28290848933593754,-0.3223383946180729
0.0,0.23338386251478763,-0.4690096954270458
0.0,-1.986349689889932,-0.6057182594208784
0.0,-1.1188678863708332,-2.067156717828944
0.0,-0.05381959703820923,-2.113295014162019
0.0,-0.19776844909000948,-1.7522424862911936
0.0,-1.2742253869126132,-1.349978656202863
0.0,-0.7891754677814776,-2.251303356589235
0.0,-0.79064834331938,-1.3007315127654446
0.0,-0.3701909707604907,-0.9750073307475655
0.0,0.7874611589964353,-1.2188304277364632
0.0,-0.16534114906848182,-2.315746491273644
0.0,-1.3803116708309087,-0.8016585332584863
0.0,0.5950358752911769,-0.2140667326383125
0.0,-0.41281624144856355,-1.4219519601779151
0.0,-1.387304460030724,-0.2375472494769394
0.0,-0.8426589659236272,0.028101467931935697
0.0,-0.8393315038063186,-0.8443695060689832
0.0,-1.9306450299101334,-0.5279794030038851
0.0,-1.4020850455627218,0.45804902064828357
0.0,-0.8562076064145031,-1.205288395635843
0.0,-0.9655077912115483,-0.16261763526534612
0.0,-0.8211649456250891,0.06647919314793617
0.0,-1.4090976555801569,-0.19338210263799
0.0,-1.3566692786393668,-0.19393978170389237
0.0,-2.0397087597953196,-0.9018684676188844
0.0,-1.3371356215894337,-0.3454267605772037
0.0,1.8278473621780853,-1.4712399800457023
0.0,-1.6810761026884566,-0.6235986732674375
0.0,-0.21883125667766126,0.19032031244767092
0.0,-0.5233150518751327,0.02554661095287389
0.0,-1.5345884610741767,-0.42516066230152494
0.0,-2.5839304175695017,0.3478307890348027
0.0,-1.3681850740677093,-0.6213360781956967
0.0,-1.1693244382805446,-1.192243206978914
0.0,-1.143148085316577,-2.200231811351026
0.0,-0.5562715277799254,-1.6873950793037782
0.0,-0.05799021188410237,-1.4826038567928794
0.0,-2.1359229755214035,-0.08588857587080868
0.0,0.06760691330716201,-0.4050915440426458
0.0,-0.29417776535520224,-0.5100329245603987
0.0,-0.6711532496454705,-1.0396373534214773
0.0,-1.1180026105112737,-1.1443251808762114
0.0,-0.0850910885231198,-1.358316399661274
0.0,-1.193589806625822,-2.1423198680714894
0.0,-0.39010973925503767,-2.2872905781540442
0.0,0.46638226961248186,-0.6190558810812572
0.0,-1.60160073147823,-2.5089250587834666
0.0,-0.9161884041129786,-0.718792983799538
0.0,-1.0295535644072196,-1.6688926250038183
0.0,1.08958576495312,-1.9017654051978667
0.0,-1.1002766391560919,-2.661349558875989
0.0,-0.7411792865861464,-2.9319101011773467
0.0,-0.7898039440153839,-2.6733416894831494
0.0,0.66212228418497,-1.4352382771634726
0.0,-1.5192235999543262,-1.268574643955539
0.0,-2.8903212881951856,-1.243392918203681
0.0,0.17078801923705264,-2.7414117389019372
0.0,-0.36164611778643496,-1.7403312393963957
0.0,-3.04094883822087,0.3768513673685688
0.0,-1.7415840216233938,-1.7512274732682214
0.0,-1.6267147227148582,0.21103953172129825
0.0,-2.8596027698375517,-3.0963665420841133
0.0,-2.28777647918472,-1.304697104875947
0.0,-0.6478029522550545,-2.3601024460068647
0.0,-0.5030606388655913,-1.1130994244601313
0.0,-1.2840939018847741,-0.41546610465585143
0.0,-1.295624338947181,-1.4381534381138221
0.0,-3.6842073261479014,0.6419679367493732
0.0,-1.6666444836584955,-2.3573485161271956
0.0,-2.69453415531989,-0.23080291695576002
0.0,-1.26017283007982,-0.39976588799414214
0.0,-3.5644686326855752,-0.15153847893783223
0.0,-1.262626166913367,-0.5152795664344022
0.0,-0.3995265681222407,-0.7161460447138074
0.0,-0.7637966444055034,-0.04845536211960015
0.0,-1.9103624148684357,-0.291962347382819
0.0,-0.8555909487963298,-0.2816130794551297
0.0,-0.2054421593009031,-1.6743768907420198
0.0,-2.174671244268351,-0.6879427765277595
0.0,-0.32347541306074096,-1.3719997412323708
0.0,-1.3637701335233312,-0.492401802618497
0.0,-1.7481238929441025,-0.23941723069762633
0.0,-1.640999858625057,-1.0788841613344256
0.0,-2.4117952859573046,-1.6235742689023793
0.0,-1.7142283097666937,-2.057059911605536
0.0,-1.2827064326482238,-1.2859863887495109
0.0,-2.1335541656065953,-0.19111496090198557
0.0,-0.7378859539188236,-0.30467585677286585
0.0,-1.0915500941108471,-0.9612449486281078
0.0,-0.24815145411119305,-1.516564773912663
0.0,0.5720506880828673,-1.3124913150165702
0.0,0.4908212051504222,-2.5165017395785334
0.0,-1.3263937121464804,-0.4909829479560607
0.0,-0.755413126430055,-1.7792994567344893
0.0,-0.6484410038075316,-1.7768633925615218
0.0,-1.462872768020803,-1.8681146808476812
0.0,0.2624341847596912,-1.5983774497617933
0.0,-1.880455071408374,-1.4607141999865194
0.0,-0.42651473724898487,-1.6631800573187876
0.0,-0.7100443487231934,-1.0016845322819263
0.0,-1.2603031216179768,-0.4504657232717943
0.0,-2.7459708607997566,-3.1674766512609973
0.0,-1.140534034619478,-0.8706141139964243
0.0,-2.5696796036741714,-3.0400616615155407
0.0,-1.0769057000842666,-0.7854847497336409
0.0,-1.3670595797967242,-0.5441841494467186
0.0,-2.102409786309003,0.6459130561678217
0.0,-1.0444786002013402,-1.967567496021678
0.0,-1.533303173758081,-1.8595202235203503
0.0,-0.898988492528007,-0.8626504332507452
0.0,-1.934434202837217,-1.0462579225207236
0.0,-0.7578529033649763,-2.309619587441863
0.0,-1.5840005043742047,-0.09276652948094823
0.0,-0.6276765649645526,-0.7086285891459853
0.0,0.06671183015267945,0.46663357047697457
0.0,-0.9576404683531918,-0.3945419096342892
0.0,-1.5675341068848072,-0.24929334002735495
0.0,-1.2603584529595089,0.5485710749947903
0.0,-1.2427860485431814,-1.9087888366497927
0.0,-1.148246557314291,-0.5208713836716059
0.0,-1.2221558363777307,-0.3958680154153851
0.0,-1.8668160816918031,-1.54666820577496
0.0,0.318160615561573,-1.522469377952093
0.0,-1.6403442879343384,-2.35245503166769
0.0,-0.7918354504939764,-0.7885520800377427
0.0,-0.7457823195757047,-0.845662281558986
0.0,0.03767492042621696,-0.10041716240286813
0.0,-0.7542032991407873,-0.6167573570139633
0.0,-0.688499032603311,-1.6899232776561723
0.0,0.36689265009885114,-2.1946178035096775
0.0,1.8567217484295186,-2.264545921638749
0.0,-1.8342630886847535,-1.0587299843577358
0.0,-0.48721355355995505,-1.325489120108279
0.0,-0.3407156850818999,-0.9733952276889369
0.0,-0.6968351191948096,-2.382461095463579
0.0,-0.25473036223993717,-0.8870646117822533
0.0,-2.117766462473077,-1.0373861085064904
0.0,-0.6283523048903555,-1.0346162072139997
0.0,-1.5968642302663385,-1.0440715296984924
0.0,-2.0832521298185975,-1.8389175705256045
0.0,-1.4026270028446843,-1.395403221325748
0.0,-2.556413534454347,-2.4323677486443187
0.0,-1.957886073856459,-1.4770215792516697
0.0,-1.1348275409556974,-0.9017105317654105
0.0,-1.6375465604870072,-1.5315225655018128
0.0,-1.579451729467639,-0.4923519372852211
0.0,-0.6656577263928762,-1.1782836728108994
0.0,-1.0731956593515686,-1.7158109235801087
0.0,-0.3187412337966961,-0.6024678645246497
0.0,0.3251942287993133,-2.235234449764499
0.0,-1.3381829031721013,-0.4724679899678926
0.0,-1.235566430908155,0.055577721951307
0.0,0.2728606082809033,-2.2152427197972435
0.0,-0.6221934577621663,-1.3416386490211498
0.0,-1.1376600433072563,-1.7529372617725396
0.0,-1.0299289525717696,-0.7283512276449836
0.0,-0.23401525967130776,-0.24410456819969836
0.0,-0.8342144580736769,-0.7488395308118637
0.0,-0.4343264343414096,-2.1443136296893073
0.0,-1.3781643006490896,-0.790423385671024
0.0,0.5934493339187813,-0.6066679538945222
0.0,-1.1825999308367154,-1.5588623665770585
0.0,-1.228204934852804,0.4153616028264358
0.0,-1.4739044593867774,-0.3935626361174242
0.0,0.755380347175207,-1.0089312742072991
0.0,-3.83093587963065,-1.4637371749714945
0.0,-0.4825808171679544,-0.8389630488399804
0.0,-0.532319073122523,-2.2577283184749875
0.0,-0.6857312116800298,-2.3947563976929995
0.0,1.1464008897943374,-0.5193499393521375
0.0,-1.5520374539474489,-1.3877686089889156
0.0,-0.8068090387201085,-1.0747547984893726
0.0,-0.19669017560361454,-1.5376398248839476
0.0,-2.6810601945062817,1.1060638411146466
0.0,-1.9000060932524616,-1.3209456592586646
0.0,-1.358292424250748,-1.3523534425499888
0.0,-1.907225639111323,-2.042734958303283
0.0,-2.5151710777391503,-0.7311423059348299
0.0,-2.2249696930735974,-1.267576540605834
0.0,-0.4356304510516966,-1.9562298222527934
0.0,-1.1261637674775948,-1.762243134003265
0.0,-0.5122726681499332,-2.095062475091639
0.0,-3.1354384808586535,-0.28528241912750313
0.0,-2.323629198331124,-2.270394553602237
0.0,-2.3413050616470006,-0.9709494630735469
0.0,-0.9029310714211052,-2.084915692378925
0.0,-3.0883822689284157,-0.8559871341456853
1.0,-1.4527532670631444,-0.8986507757421445
1.0,-0.8288367361075811,-1.3392168513701437
1.0,-1.2111864371200893,-1.0900630909245135
1.0,0.04063341015860999,-1.9103942402873813
1.0,-0.23222054020428284,-0.08683197204999489
1.0,-1.2536706867984257,-1.0227171746515469
1.0,0.04455151623454933,-0.1432971226051406
1.0,-1.7590888525094042,-0.06874473382710714
1.0,-1.6256771368353393,-0.14992367448088556
1.0,-0.4387452030438892,-0.17116634811189693
1.0,-1.5882557743329855,-0.30547372943669376
1.0,-1.231894943086744,-0.38159790416305694
1.0,-0.28407901662515317,-0.4383229035018384
1.0,-1.4102972169935233,1.0325317517061574
1.0,0.2479562289618145,-1.4349912485393879
1.0,-0.8417122806906372,-1.2579859380522709
1.0,-0.22198711091828777,-0.8555848592908568
1.0,-1.2018124218391546,-0.5832796608494938
1.0,0.4159590173994411,-1.118621150337855
1.0,0.6846632790903077,2.0583805154203842
1.0,-0.8673180732848139,0.6800465381549432
1.0,1.2132432465218554,-1.0598912094014892
1.0,-0.363535724443329,-0.4224415774694253
1.0,-1.765886240266835,-0.12608795495168681
1.0,0.20722547918142423,0.48723008691567954
1.0,-0.45772316988039335,-1.2172349544851933
1.0,0.3415644770890233,-0.22882920455282302
1.0,-0.4206164172538993,-1.7741746642674037
1.0,0.2720248027952918,0.0519702390355748
1.0,-0.7190642039747085,-0.48962620066466067
1.0,-1.389874102461512,-0.8362565152402377
1.0,-0.881599174526566,-1.4956124078375936
1.0,-0.17944629038116214,0.03124066601876161
1.0,-1.7193021187481332,0.3280280220314824
1.0,-0.8878707697110484,0.5873234219974585
1.0,-0.4999026581625751,-0.35449586710380104
1.0,-0.42675109474755785,0.7207833873483988
1.0,-2.1251784142922943,0.9833686357395216
1.0,-1.2121956959055873,-0.48321213626412995
1.0,-1.8980411869547489,0.15915743652844555
1.0,0.5482532186084493,0.9013927695084805
1.0,0.12367819911272385,0.08156437436291511
1.0,0.3492893435826359,-1.2457630882231565
1.0,-1.8221090562106557,-1.0299708716714475
1.0,0.19451767896476607,0.12289420043253484
1.0,0.25297601633534067,-0.18558337542298123
1.0,-0.00208938001803382,-0.816351069331594
1.0,-0.06496486595434232,-0.7743861055044393
1.0,-1.5112440957854543,-0.07397075404974897
1.0,-0.5290767721125158,0.23557607659433089
1.0,-1.2813578673228632,0.10834776293671428
1.0,-0.9168525277004775,-0.20613393033788943
1.0,0.4066383938253246,-0.3699556228755891
1.0,0.3977572318701502,-0.7280589981656745
1.0,-0.9999997413511159,-0.25048273360881684
1.0,-1.0763631357453016,-1.3629117895553031
1.0,-0.8960011758043288,-1.7241916236695607
1.0,-1.5315708783585942,-0.9601780018776385
1.0,-0.09525027797357426,0.18721959231990995
1.0,-1.122490572953539,-1.147125538614168
1.0,-0.7001543108008778,-1.1083581750387657
1.0,-1.595462460676578,1.0495253051308544
1.0,-1.0098111735521147,-1.8733482184813706
1.0,-1.09578921299154,-1.0825833991752205
1.0,0.2921919768250861,0.023036261613433938
1.0,-0.17738213851043869,0.6804035766776122
1.0,0.9614016560504545,-0.49988161289439675
1.0,-1.8024002144524514,0.44444573963818457
1.0,-0.6297445136555018,-0.8721707129110086
1.0,-0.5916320600355096,0.7903465513368843
1.0,-1.5767228776621254,-0.2172430361656633
1.0,-1.2799081542293305,-0.3134566185467674
1.0,0.6106390251124575,0.686697217300702
1.0,0.619030633100867,-0.896391974130295
1.0,-0.7020087664896544,0.17795133317546385
1.0,-0.10333471722091936,-0.7389789500767807
1.0,0.1941134608835502,1.7529412302791703
1.0,-0.34707004633060057,0.746173111893126
1.0,-1.1036063864396444,-1.0916757653724212
1.0,-1.168408940522137,-0.6515549756434934
1.0,-0.13532778193331446,-1.0576673459510486
1.0,-1.5052086628108723,1.3564524123885395
1.0,-0.8895606414254038,-1.948171337591167
1.0,-1.3483407242435113,-0.30081046321837757
1.0,-1.788371526325587,-0.8609954033585301
1.0,0.1981665161909574,-0.24361052771446898
1.0,-0.8545349781783572,-0.7274474784719631
1.0,-1.592538445717974,-0.31684674555996406
1.0,-1.8265725827976178,0.13053659980673604
1.0,-0.4386560019559316,0.7569400336945729
1.0,0.05594318100691032,-2.046164663227138
1.0,0.06434892456569957,-0.9024161781605474
1.0,-0.9826004520068705,-0.919899577558634
1.0,-0.9323545236887785,0.9697908004688945
1.0,-1.3176872503356007,-0.14048080686034897
1.0,0.14441096465525152,-1.4392423588413057
1.0,-0.8287131261518609,-1.4753384609490108
1.0,-0.7158738691895965,1.2993898347534807
1.0,1.3832305494753239,-0.4608408314043721
1.0,-0.5660048203015656,-0.27975003282084093
1.0,-1.9499908640342574,-0.5613005920061808
1.0,-0.1375350357384218,-1.7437554034845504
1.0,-0.051936424777888235,-1.9552319418804833
1.0,0.22998828260635898,-1.276031945098225
1.0,-0.2312025954772275,0.5673479355312693
1.0,1.1304357451195808,0.16753728065920115
1.0,-1.289553367434348,0.8622354895277604
1.0,-0.3618182612900535,0.766426024625509
1.0,-0.12982247675418698,-0.8832140413140385
1.0,-0.396076995395083,0.5666254023594528
1.0,0.9855104363851978,1.0011593656557531
1.0,0.6713476170566716,-0.8477541545052246
1.0,-1.0540102477876545,-0.6199310699280356
1.0,-0.4359623576306016,1.0919952578951635
1.0,-0.8753641316651501,0.1913465688369216
1.0,-1.6077044114064445,-0.5985973543285182
1.0,-0.6534769468185996,-0.4702310295652138
1.0,-1.3022179504797216,0.40626523227396094
1.0,-0.6424009163322868,-0.15515456879324876
1.0,-1.0267840779205872,0.8777986615049514
1.0,-1.5346414254201592,-0.9256041574146572
1.0,-0.8269718052482254,0.25141083890745225
1.0,-1.8789843110532731,0.14131346147929094
1.0,-0.9705244593799613,-0.37451185801443204
1.0,-1.0993011378975361,-0.9881239453348883
1.0,-1.4386003307481816,-1.2940617304414703
1.0,-1.707324790061089,-0.3699421743037331
1.0,-2.635961181998625,-0.5654266461125058
1.0,-0.8327230509338643,-0.9867052326420879
1.0,-0.09661282616590185,-1.1233193781750717
1.0,-1.1799132361898543,-0.5478814425148457
1.0,-0.9637337967358283,0.1613728947508427
1.0,-1.0963209419742252,-0.3987269479027158
1.0,0.40987027475054166,-1.1568674558725573
1.0,-0.8708489700821661,-0.5195685361748775
1.0,-0.6197361211771654,-0.3437394913101121
1.0,-0.4533332956043983,0.17584668553012142
1.0,1.515666660696164,-0.08654972861724824
1.0,-0.8811771550654491,0.9461197381728316
1.0,-1.461173978983276,-2.225373139890096
1.0,-0.6197114099334917,-2.3394823128752393
1.0,0.42460796720458815,-1.2832722663630187
1.0,-0.5977868506045299,-1.5748270778077769
1.0,-0.1937254842867244,-0.6068110855124453
1.0,-0.5600826313919949,-0.8706790245090187
1.0,-1.5607054009117367,-0.19960793784301575
1.0,-1.2409504797761541,-0.3270829174105548
1.0,-0.7768639143256537,-0.1802592159132416
1.0,-0.39816369604414314,-1.8850801198693663
1.0,-1.6123056898090204,-0.833539690066131
1.0,-0.6964287357522008,-0.4645625874834905
1.0,-0.9104700528183709,-1.2048313854100383
1.0,-1.614694443078697,-0.6405031895459568
1.0,0.6447397268216448,0.8201935524941842
1.0,-1.6784870299643018,1.6766863234880816
1.0,0.40103063472941863,-1.105300968853679
1.0,-0.8976100415539346,0.26430474138759436
1.0,0.5995380641860684,0.5313660857527933
1.0,0.6655137430135394,-0.514947260423104
1.0,0.03615394923993219,-0.12736529526790086
1.0,2.282832201438787,1.5761725130959086
1.0,-0.34455274484436965,1.5105130413839125
1.0,0.3974378288206301,0.6245540756496283
1.0,-0.49910053460528636,1.0203463508597892
1.0,0.5936544257312159,-0.813589585923559
1.0,-1.5379935886704548,2.2232027989771606
1.0,-1.5222132303981641,1.334699556744534
1.0,-0.7242619276971374,1.6597465756867766
1.0,-0.15438459648421263,0.6539689641151045
1.0,1.1190612828859265,2.22074155426757
1.0,2.822881544370973,1.072523260376586
1.0,-1.950684385088386,0.4363092616518872
1.0,-0.3761455023583592,0.21480111040406275
1.0,-1.1527086686823196,1.8599517358121405
1.0,-1.6906394048675968,-1.2716411778095142
1.0,-1.4711253516967309,2.0674100778951483
1.0,-0.7926186508884489,0.5573746867904553
1.0,0.701973203434652,0.32956012069604257
1.0,-1.8860016089844573,-0.6150109638400456
1.0,-1.4202912733989694,0.27360225510305924
1.0,0.13775784113636533,-0.5819917182402872
1.0,-0.15192705791408148,-0.6910294908394577
1.0,0.6793192750670239,1.1548709004129702
1.0,-1.8397476311092666,1.2732873709580759
1.0,-0.7770814668046886,1.527207271023763
1.0,-0.42003931058101757,1.0672057334712377
1.0,-0.14929041799066795,-0.8251663854007569
1.0,-0.8024874330407362,1.2552605928928737
1.0,-0.3767420466946061,0.9776644140446358
1.0,0.626436826206858,0.4344521980412002
1.0,-0.6954510085441725,-0.48765716153318867
1.0,1.3602666106204457,-1.2698436045665098
1.0,-0.4723847103662176,0.03431355777328797
1.0,-1.0501519647880946,0.8414952086058723
1.0,-0.2937481636065721,0.3246730361191997
1.0,0.7743810766971466,2.2965704816095722
1.0,0.1306131608918429,1.1552402908970691
1.0,0.7547009196845345,-0.4961531718442131
1.0,2.383525668816182,2.8475152896160285
1.0,-0.3483272900244183,2.862204666353421
1.0,0.6239955092961031,-0.041176460005985946
1.0,0.6066521172813879,0.8109008865418176
1.0,3.016211719573353,1.7831143874121869
1.0,-0.1045772403982458,0.6434925813805968
1.0,-0.1677584503786176,1.4517726746367006
1.0,-0.4908510452365981,-0.7849116988675824
1.0,-1.3451835218701866,2.63484863771553
1.0,0.17045298480611984,0.8568683536943456
1.0,-1.844088940789144,2.0999738000922483
1.0,-0.30362210582218474,0.6484787105597539
1.0,-1.3833271203219168,1.2400443740724025
1.0,-0.002008230656354637,1.8416726937295684
1.0,-1.8230088732238838,2.3356098627263178
1.0,0.046176002306622575,0.26371283177823285
1.0,-3.2213504343601276,1.4082823074123512
1.0,-1.6675565091698978,1.8362716350499422
1.0,0.1694238016460876,0.045452939358300457
1.0,-1.984762148125841,0.088170554505859
1.0,-0.8357350118518305,2.305998062478005
1.0,-0.16697241921293346,0.11483004697345311
1.0,0.19257916941931746,-0.4310804339352423
1.0,1.3248486236010977,0.6346715944339371
1.0,-0.35525869360055845,1.571001599757082
1.0,0.0687230081685865,2.2223511053627596
1.0,-0.31266627666887253,-0.4238423597872666
1.0,-0.059760072896791326,1.0656928549408389
1.0,-1.2661187471480126,0.6578683994202765
1.0,0.42886453909608124,0.1635075512147431
1.0,-0.35713135691917747,1.917207116826282
1.0,0.007052128271439113,-0.026424055707820176
1.0,-0.07989163208670902,0.5049499952655485
1.0,-0.05637985169864338,1.3274607132623377
1.0,-2.5198443742763987,2.2505466344669887
1.0,-3.0601473922700233,1.3791569120182592
1.0,-2.1123615380737366,1.1518960378955665
1.0,0.3902183779299328,0.39125792227967765
1.0,-0.3879003357124477,-0.3122615961098415
1.0,-1.919806804116862,-0.30045458368565237
1.0,-1.2128079963507936,1.3053478396645253
1.0,-0.524213720942825,1.9470399839245762
1.0,-0.45810574428720013,1.9655947945305712
1.0,-0.570200173179357,-0.22534355728562172
1.0,-1.7326768510438706,2.5118999389089307
1.0,-2.1052191228475086,1.7585053791108047
1.0,-0.9544582794852723,0.6496809407839828
1.0,-1.2368432404145058,0.9147969837713686
1.0,-0.653029144719662,1.9121938338122868
1.0,1.7925613877779298,0.4850417116272026
1.0,-3.448836354625254,-0.23805368404589317
1.0,-1.5065969162062547,0.4507554377050415
1.0,-2.4589569382761773,1.0945615266593551
1.0,-2.303266248658407,-0.6141832046262364
1.0,-1.2333877604858856,2.422478779517191
1.0,-1.1844628068560095,2.333287373553744
1.0,0.11622840481464856,1.212862392134134
1.0,-1.2982185216542121,1.3458269928340796
1.0,-1.7833458930874497,2.446888669553274
1.0,-0.23355878586321827,0.9101891509397217
1.0,-0.7377345536611508,0.6562560243183833
1.0,0.20796484253500466,0.705952245241285
1.0,0.4630533277947117,0.7832374842630868
1.0,0.17619399900683608,-0.4483385868184755
1.0,-0.2364650911168553,1.5118748860942988
1.0,0.24845379948074042,0.40766002139428786
1.0,-2.0799071792959456,2.2627992149798892
1.0,-0.27959163577400603,-0.7710220271222239
1.0,-1.1280766066862509,1.0701084803901488
1.0,-0.6600115426983011,-1.3890203611857472
1.0,1.4202010648071612,1.178370436317371
1.0,0.018005671289766618,-0.802773236947923
1.0,-0.4100593936490592,0.7380460114099093
1.0,-1.9485549941171874,-0.021158577719017954
1.0,-2.9026475352526835,1.7409638496006536
1.0,-1.6230799410925376,0.7824465080615917
1.0,0.7534331408178208,-0.7034070053630669
1.0,-1.0132550911701248,0.8585542664480946
1.0,-0.9974513876934977,2.2224624470372683
1.0,0.20981624347399916,0.12357617754032812
1.0,-0.7357281281083385,1.27351722338272
1.0,-0.5860204728580746,0.7301589300123013
1.0,-0.27290938848913193,-0.2223239041353088
1.0,-1.2218608243166158,1.6947829207952072
1.0,-2.094621818873768,0.17544207450916585
1.0,0.30459981166106115,1.1928534132205317
1.0,-0.5278851031537021,0.5918578543548085
1.0,1.9927054282375753,0.0817133017607718
1.0,-2.139853040086265,0.4353434825000814
1.0,-1.1754857914058923,1.1145917425224716
1.0,-1.2365612583334988,1.6905654803951382
1.0,-1.0282517690415223,1.0376266491134936
1.0,-0.007571962751872569,0.04265525489475306
1.0,-1.3511375835754142,1.1669246046541388
1.0,-0.3759566950778879,0.5098992551849026
1.0,0.16625999066228467,0.1630972686947623
1.0,-1.8342671278903753,-0.5741925685499307
1.0,-1.3464110545676773,1.5882562169627585
1.0,-0.9548663740367159,0.10597877700250416
1.0,0.7665181619754191,0.5737612388990799
1.0,-0.8417134137272643,1.279418672897634
1.0,-0.49129645854496745,2.4581483528430903
1.0,-0.4511091911945255,1.955811220973196
1.0,-0.1377169676390668,1.7490631926506115
1.0,-0.6492893483458437,-0.5964211044096585
1.0,-0.5466823732054531,1.7278712382494519
1.0,0.40322765680557826,2.7673851276081556
1.0,0.9338114264822784,2.1313397092355078
1.0,-0.6556389690674993,1.0803340514363848
1.0,-0.7322230120430504,1.1084081478707004
1.0,-1.4481425688045224,0.953369162349783
1.0,-0.3979284493106922,1.5860974567483617
1.0,0.30015179897861943,3.2757990375905335
1.0,-0.17752031434730484,1.8146498002097669
1.0,-1.2336448901269468,-0.5255534003420494
1.0,0.2522747253666829,-0.3425351582743099
1.0,-0.48403095428936527,0.6940669418596258
1.0,0.3178355882797302,-1.8278332506385382
1.0,-0.14322001214034025,-1.5109410856903265
1.0,-0.7112236659737914,-2.8945944305561904
1.0,-0.8974019230249289,1.161047390190982
1.0,-0.9991037058563794,-0.042811386717609
1.0,-1.5391710267530376,0.38284188915729145
1.0,-2.1552632492299666,0.8320767977119936
1.0,-2.497860299391262,-0.6598229308342237
1.0,-1.134516749770228,-0.1315847468818693
1.0,-0.8608407886842926,-0.7585678401215966
1.0,-0.8582630223621708,0.303126207537452
1.0,-1.8042369002037808,1.6285842654029852
1.0,-1.5934450726978437,0.24424606312235642
1.0,0.3008010125181296,-0.6516089513469537
1.0,-2.5609536265500092,-0.3183141656122026
1.0,0.6056507358110353,0.5297117150436246
1.0,-0.12469307952292144,-0.13370197867181596
1.0,1.3690525688191806,-0.35701926183392685
1.0,-0.49781929594885005,0.14106020454639404
1.0,-1.5810105521900915,1.0769077950922032
1.0,-2.556460231056695,0.5387234521291194
1.0,-1.280264648548192,0.6682319935223798
1.0,-1.1927680387759463,-0.20752643721904457
1.0,-1.0844982171208661,-1.080283253730531
1.0,-0.4115133695265517,-0.305890479230136
1.0,0.5937367524482277,0.0787428952253191
1.0,-1.429484888072862,1.6611438637535638
1.0,1.0089954499418672,1.1238053559767038
1.0,1.0988681214157272,2.0780146406907125
1.0,-1.3237452587881036,1.047229904243339
1.0,-0.3671187687717277,0.6992391185930851
1.0,-1.1883660652891739,1.8967323978096629
1.0,-0.7609102996767872,-0.5138153914498614
1.0,0.07460510979100168,-0.10446394208223797
1.0,0.027243861388286012,0.0030141258454927976
1.0,0.46660860982277724,-0.8316981851171932
1.0,0.29965214892717595,-0.8628827996983122
1.0,-1.2687048809609252,0.794717572537127
1.0,0.40680573996867336,-1.0821539954468973
1.0,0.16441678923396197,-0.7041029650719199
1.0,-0.0242248116373309,-1.7412165232723344
1.0,-0.904119875563107,0.3748878689789309
1.0,0.9424837723325521,0.672451376481469
1.0,-0.15844612113594447,-0.06881819692114753
1.0,-0.6127933069695111,-1.268489473921131
1.0,-0.8034470517454315,-0.8951001226215418
1.0,2.364380196417419,0.9768966911820592
1.0,-0.40169658653486606,1.1588837815640591
1.0,-0.7135158252476427,1.172487552187122
1.0,0.010832029541994604,-2.2577314871554015
1.0,0.7567213660056415,-0.1966615752972213
1.0,0.3918610874418307,-0.27535685030275026
1.0,0.34672838191027955,-0.9960445012367666
1.0,-0.07321363182643427,1.1146364552235093
1.0,-0.6230243251219203,-0.08181390731868285
1.0,-0.303647093047921,-0.4509236422889913
1.0,-0.006947147657436052,-0.49097457393193183
1.0,-0.5322909937571252,1.2247617681875729
1.0,1.1990933568036044,-0.9723264171957097
1.0,0.9990553406805668,-2.8167513462072584
1.0,0.41521879985679805,0.124759904085328
1.0,-1.1061459897300716,0.5966089074468409
1.0,-0.12476195414771803,0.6524069226402844
1.0,-1.1384671812712004,-0.44599653952408747
1.0,-1.3564297550591564,-0.28737634023707886
1.0,-1.6108073776087828,2.8072124987965044
1.0,1.9297172432827134,0.49249175890078895
1.0,-0.3803244801939271,0.32737229301039916
1.0,-0.5359906210585758,1.7257696437083432
1.0,-0.7481093456978021,-1.0926349630178869
1.0,0.10781589262517129,0.013222277943685521
1.0,0.06997584636306381,-1.4800219085060469
1.0,0.12691646920868288,-0.6848182976888472
1.0,0.7595800705987843,-0.785900817258934
1.0,0.011405678201622709,-0.7288896828354657
1.0,0.8060572883917628,-0.7089257986115205
1.0,0.7938584628132909,1.6450104796201608
1.0,-0.4661385767921835,1.1783601884462245
1.0,1.208196619033137,-0.8023501022339764
1.0,1.2205210116054999,-1.1124223999453653
1.0,0.41437570173712357,-0.5765286664347634
1.0,-0.1477406348131774,-0.17673026216628362
1.0,-0.6799676799890537,-0.027779796526197865
1.0,-1.0630486280155602,0.20830698658647048
1.0,-1.8246337110937565,-0.4016898049407844
1.0,-1.0235959353233768,0.39381156979629045
1.0,-0.6992007224521896,1.3324990905485756
1.0,0.9816896244868412,1.4783750048960858
1.0,-1.5776915689453408,1.100414289920235
1.0,-0.4489913985843485,0.06724388116107101
1.0,1.0939753532317176,-0.08022851555318418
1.0,-2.2664908015846823,-0.09157980724294158
1.0,1.0953269294452936,-0.885130782075681
1.0,-0.1410201032152471,0.11276553963560808
1.0,1.4710011215221808,0.07618374908914725
1.0,0.16044825410863975,-0.35392207774539874
1.0,-1.3434452685270175,1.340670985223986
1.0,-1.3423803059818666,-0.7295518722818972
1.0,-1.4418033682367024,-1.410328025374786
1.0,-1.215375346738485,-3.5252811256573846
1.0,-0.36294511079006214,-1.0928079472132923
1.0,0.061114346565197035,1.0614611366802211
1.0,-0.5443342420899352,0.9796235595724371
1.0,-1.9588476271717146,1.988770609375735
1.0,1.8140705129651833,0.5393044862695396
1.0,-0.725717969854024,0.09013575999038097
1.0,-1.224789666000156,-0.6682631206283933
1.0,-1.142174476814029,-1.7448874090877482
1.0,0.11367355995343395,1.540685249255576
1.0,-0.23201001300040164,-0.0007089336544186435
1.0,0.5039977510282418,0.9204360753979803
1.0,0.4313458225973799,0.5186334483599868
1.0,0.003373046180958103,-0.18747238864349358
1.0,-0.2520066829841807,-0.4149216619652935
1.0,-0.04780874038006407,0.8663387669701319
1.0,-0.7371287244326263,1.904135246196201
1.0,1.0117105312784995,1.2913786262912081
1.0,0.6411074669306627,1.192575144712999
1.0,0.09138963620801295,-0.24457344787087076
1.0,-0.06986826468338136,0.3674276886497514
1.0,-1.2170598742207182,1.8005649719716976
1.0,-1.7443987321192225,-1.1350279951275173
1.0,-1.154215540849615,0.0012664867099085842
1.0,-2.2989641084486485,1.5582433058672769
1.0,-1.1486996657720197,2.232630005551417
1.0,-0.7011692319552209,1.8087523963450467
1.0,-1.3547365672911102,0.8311984720908006
1.0,-0.9364152383748187,0.002797727541987734
1.0,-0.11792406843790627,-0.8332233570641512
1.0,-3.3752739942151786,-0.439895889475319
1.0,1.0857971740693841,0.6247315924240718
1.0,-0.2847255332031851,-0.5552959048640229
1.0,-0.30217752666570163,0.8361210764306867
1.0,1.5451167320790617,-0.3176374109436029
1.0,-0.8031918953269117,0.2205564203155979
1.0,-1.612777020602938,0.7886799657192213
1.0,-1.2657817787905155,-2.013670688077761
1.0,-0.48394804770489375,-1.6584955343511545
1.0,-0.9700388358801791,-1.8267957077314039
1.0,-0.5141592595322834,-0.7746725503442474
1.0,0.3888142805240359,-1.138891286807543
1.0,-0.8287328932731991,-0.9442287348335966
1.0,-1.029909902557954,1.5372678653578895
1.0,1.360341102261577,-0.45075256956873094
1.0,1.3618807825071182,1.2511893886371237
1.0,-0.9589105913613926,1.4507084298715187
1.0,0.26095308756317953,0.12134500171659494
1.0,-0.7551618718850825,0.3025946746357433
1.0,0.6666465595418583,-1.725795636444678
1.0,-0.2625226768874977,-0.35957007968953864
1.0,0.10926916093782804,-0.6867377245835936
1.0,-0.10087715645848848,-1.2127664715377646
1.0,-0.32849760216100593,-0.45857207838527475
1.0,-1.7202695377232993,0.20804760112987655
1.0,-0.8699175736859656,-0.2933660070424472
1.0,-0.528575249217383,-0.1357513608950552
1.0,0.7466444790066696,-0.7005518243640894
1.0,-0.5256791492426228,-0.6368320106904424
1.0,-1.0126604904850545,0.7114651139251079
1.0,0.0034970277243209767,1.2437385496206548
1.0,-0.666365576978096,-0.9343323522065273
1.0,-1.2366302049637858,-0.9447146986491403
1.0,0.0029371798202437716,1.150233326483861
1.0,-0.9830652329121282,1.3215824429899263
1.0,0.4037104744007786,0.5584109923957541
1.0,-1.613250355515781,0.4628604895290201
1.0,0.26066868012039507,0.5957246412765409
1.0,0.25762059995460335,-0.04103175783047625
1.0,0.2820034755070407,0.43602229834666345
1.0,0.0663999366563677,0.015143438578273468
1.0,0.062169698501722485,0.2619176873230615
1.0,0.20908144208362064,1.0119736112351108
1.0,0.018321408921292064,1.2778710846314136
1.0,-0.06272605412401147,1.1837255434515332
1.0,0.30759650800911015,0.3410479214676683
1.0,-0.1739738966747141,0.8454099780811853
1.0,1.2741014530904213,1.1008959105180685
1.0,0.4770596635391759,0.7462467642711536
1.0,-0.5806127252564596,0.02560839875081383
1.0,-0.15483390758372706,0.362816495379393
1.0,-1.4025287322497546,1.1765935815718827
1.0,-0.24506711057301953,0.2946727476119633
1.0,0.7676910016597329,0.3959270354669841
1.0,-0.6862626434390224,0.9177937542403812
1.0,-0.43172534913161176,1.8189096850876314
1.0,-1.3130154345649194,-0.26240631957365274
1.0,-1.0950746954097355,-0.8165718372952108
1.0,-0.039056189122184545,0.2213646113924541
1.0,-0.23474674587036892,-0.7085650899214672
1.0,-2.209708104770845,-0.421238575798958
1.0,-0.5481608533173741,0.08453018438444915
1.0,-0.6842801463661645,-0.2381011175098956
1.0,-0.1910778212038261,-0.6649885925621504
1.0,-0.2466906966891859,-0.018711201578483737
1.0,0.0074806519359212915,0.2999305843117737
1.0,-1.4241340690511388,-1.3553072113131033
1.0,-0.8824418796424339,0.1159649032545256
1.0,-0.5258876890603583,0.8206001961926411
1.0,-2.208344303208489,-1.5727537056605816
1.0,-1.0834553231270867,0.3956184608033346
1.0,0.4399079576419278,-1.122075851207132
1.0,-1.3120428160662683,0.12291042225849638
1.0,-0.17337343527020513,0.9222907604740501
1.0,-1.394248169756176,-0.09164700119439696
1.0,0.32211822006759105,-0.2732893115914962
1.0,0.7830208811847889,-0.14304871408519523
1.0,-0.36855173762176235,0.15445941114648898
1.0,-0.4525494053304001,-0.9361841873314932
1.0,0.027704905063342753,-0.625443477613726
1.0,-0.3829743877229177,0.6157982532746767
1.0,-1.0214320391726983,0.19726501696050935
1.0,-0.1842764762412986,-0.436788073183826
1.0,-0.5720718336085558,0.3866662603715805
1.0,0.8117351908679847,-0.5203010759688997
1.0,-0.9298057077261054,-0.7632333225441545
1.0,-0.3271654033393222,0.2383385600925717
1.0,-1.793950439312461,-0.05441870798617101
1.0,-0.6184742097742495,0.8519064995958852
1.0,-2.1357993261327226,-0.9561680441067563
1.0,1.1702752670234784,-0.3637340577725341
1.0,-1.1801782534854681,-0.6512842134843211
1.0,0.46396647107168243,0.7989193754961916
1.0,0.41348203724740007,1.7159173037699564
1.0,-1.7379537782175334,1.13909664606505
1.0,0.31760730141123816,0.2452461297250259
1.0,0.4901411454323694,0.6179739384671773
1.0,0.36385699604035066,-0.016253724611420033
1.0,-0.8616227044852107,0.7481894363350551
1.0,-0.44181559427548517,0.35101454440273916
1.0,-1.1874697574333077,1.1851621042694103
1.0,-0.4203702991060828,0.7093027056805752
1.0,0.2514192011224171,0.8228452823067547
1.0,-0.8076213869247203,0.586639100176825
1.0,0.3197115975956919,-0.11149490330419683
1.0,-0.44362391599662065,0.0497583987488438
1.0,-0.5191537720752392,-0.4901242004284843
1.0,-1.0974440061070663,0.780403449112244
1.0,-0.5324811284136753,-0.6142902894129203
1.0,-0.7240528640292236,-0.7278398652610182
1.0,-0.37804296260408343,-0.14904379055446682
1.0,-0.8219388870118476,1.7683818374101714
1.0,0.360311530486005,2.1813468455276634
1.0,-1.0189328739980767,-0.9394607892407036
1.0,-1.0190087417006592,-0.6553105269504033
1.0,0.20933026708489816,-0.06463628544196412
1.0,0.6754341775721634,-0.6517815783470049
1.0,-0.44282248384149414,-0.3735195797069128
1.0,0.024876826361807765,-0.9836438283207499
1.0,0.11292806709580575,-0.5448186881849852
1.0,0.03181245592159479,-0.5477101161505412
1.0,-0.421159314663178,0.2390216551784853
1.0,-0.3975434451112624,0.7643374865020615
1.0,-0.026463837520455367,-1.1303127725797544
1.0,0.5662309045325533,-0.2388955815643939
1.0,-1.4879160077829876,0.7181200777290919
1.0,-0.1877969843029714,0.36064860545811317
1.0,-0.6960529589714795,-0.6516174720348764
1.0,-2.098305567305335,-0.17250486767031512
1.0,0.937523561181419,-0.3978920080578061
1.0,-1.1838156247259062,0.6842224097000423
1.0,-0.44018198444275586,1.6649797875357508
1.0,-0.7592789223617553,1.354263481813248
1.0,-0.43068794247528963,0.03302053216565259
1.0,0.4254800111352084,0.8629218549339746
1.0,0.007155089916624135,0.6915020136428813
1.0,-1.6598756744541083,-1.0798203195247684
1.0,-1.3848043042401292,0.014062208443816957
1.0,-0.39671175717649865,-0.5903767367028944
1.0,-1.2681891446245723,0.3633431991703311
1.0,-1.4702080886124316,0.40646759552625134
1.0,-0.7655532841967188,1.0275517004642427
1.0,-0.610165164154,0.12709666464149677
1.0,-1.5063145309126504,-0.11955956420962664
1.0,-0.4948084240397959,-0.03857365134676066
1.0,-1.3177888827676514,1.425577629816886
1.0,-0.15688101382038266,-0.50417805544939
1.0,0.13111945937903074,-0.5574355609971696
1.0,-0.9355972194654905,-0.23044960818791063
1.0,-0.026782918401073875,-0.23433247856408873
1.0,-0.7002222426625435,0.7520868198245324
1.0,-0.5068029386779422,0.2991773409450487
1.0,-0.8530141126481144,-0.10295159387720576
1.0,0.5417031306431858,-0.2392043405250159
1.0,0.4888473623909682,-0.8991815847360414
1.0,-0.061531769833168,-0.17235277603702442
1.0,-0.36558111933116577,0.10510885506889658
1.0,-0.14577983693459545,0.9865750478728944
1.0,-1.456931965814735,0.4403066842399043
1.0,0.17340680945984663,-0.3087151061026002
1.0,-0.6528542718005595,0.3646454591229413
1.0,0.11381015455432389,-0.15846487745425156
1.0,-0.07668727447332802,0.13572580076059937
1.0,0.8452737330817193,0.15480146477424436
1.0,-0.6616545100406327,-1.0170753712256009
1.0,-1.159566757238709,-1.2712872648253701
1.0,-1.9349690335391359,-0.9614661918124914
1.0,-0.5975875476052552,0.01926656966025607
1.0,0.2364556698020148,0.30216369777435254
1.0,0.08838905555492951,1.125121532810304
1.0,0.2805003061239706,1.8352836122796201
1.0,-1.230405702633213,-0.07546380839882888
1.0,-1.1021846250907053,0.11521753137901744
1.0,-1.373213326370319,-1.1200272531423683
1.0,0.08243823579705083,-0.15820254965453792
1.0,-0.9653572683672759,-0.27951085182808494
1.0,0.4185801158918603,0.24068777092775168
1.0,0.07582177605927966,0.5412561439694668
1.0,1.1216234971704748,-0.018092785559307854
1.0,1.2207432923201245,0.6507217822717779
2.0,-0.5945563994761787,1.0849496231348952
2.0,-1.1668200496086587,2.8788928932590605
2.0,-0.7610147897415379,1.2769977074659173
2.0,-0.38535706663034114,2.056376462667565
2.0,-2.675143377317427,2.9150854878356776
2.0,-2.0255811987343275,3.653678865731794
2.0,-1.8790672518937277,1.21649659552801
2.0,2.668601193466444,2.939948900814707
2.0,0.8876768549457409,1.9365460442308198
2.0,0.032004952422596315,0.23352422719079471
2.0,0.19387020884435008,-0.04383503374462491
2.0,-2.827721136555346,1.998199016502199
2.0,-0.8949781223540365,2.1667522185095502
2.0,1.10006080786315,2.0417970799871212
2.0,-0.22533681034990988,2.154439494508578
2.0,-2.342664177990956,2.240396478812024
2.0,1.5917139636431483,2.215850772245336
2.0,-2.1044000729978576,1.2724949534260548
2.0,-1.5059445242669915,1.5373684937808376
2.0,-1.2857238955533594,0.8235821302755059
2.0,-0.5171718077319689,2.5136024331711453
2.0,-1.0243108059262642,0.981043333615293
2.0,-1.366407235396576,1.6063972154628685
2.0,-1.4493137291328526,0.7775084635083951
2.0,-2.528426642924885,1.221514063735766
2.0,-0.4350956088648864,0.9490842926337474
2.0,-0.6078452498521311,1.9320960070820397
2.0,-1.1143408960664536,1.3523895550147065
2.0,-1.111445451251474,2.069852524144992
2.0,-1.009732887218041,3.071637457858817
2.0,-0.08915210561840937,0.5393072922955856
2.0,-1.4109881411603906,1.2825257006495676
2.0,-0.868062701315128,2.884183714579084
2.0,-1.4322331284631333,1.2977186244399044
2.0,-2.010285752517902,4.004248833540158
2.0,0.01418242903445286,1.6502229660812036
2.0,0.6552443639270676,1.6523859506267997
2.0,-2.197917995847478,1.6752654840580476
2.0,-0.382090305366343,2.1790640148118268
2.0,0.3875072641240482,0.11557733808347036
2.0,-2.3995252122579718,1.0816655934919102
2.0,-0.5348489192264241,-0.01886533847064099
2.0,-3.111959842573232,0.816634652025834
2.0,-1.702807073117755,2.5449681282827123
2.0,-1.9583642395557774,-0.5904360103927576
2.0,1.4367521742909177,1.5061612779028
2.0,-2.677185745411929,2.9385338790861772
2.0,-2.0889649429059793,2.17395792203197
2.0,0.5865077297663046,0.015617668304010901
2.0,-0.7946622325195339,1.6167921801567695
2.0,-0.914772208408249,4.267767281386518
2.0,-1.3079270328189736,3.7725203565627448
2.0,-0.2896608650130266,0.658279722151282
2.0,1.0691730791358496,1.8896600481846932
2.0,-1.6710333389656973,0.4708299724512431
2.0,-0.46078606162567964,2.672491868852217
2.0,-0.07048172047070497,0.12657752430453406
2.0,-1.8081574116871826,3.073692427044315
2.0,-1.7401294146059318,-0.7577504874125336
2.0,-0.3883751032725041,1.9575981102078335
2.0,-1.7419246159050055,1.8455579326457836
2.0,-0.7694861233820869,1.4585973849814784
2.0,-2.699112725769199,2.3005735993944203
2.0,-0.9488979265610835,1.7041739338920345
2.0,-0.022738633769318606,3.311840328961022
2.0,0.5880579375534634,3.12905437792161
2.0,-1.4958933347838543,0.7075605879958262
2.0,-0.458616489670643,-0.5278905261600617
2.0,-0.5420251911768619,0.8468762609682207
2.0,-1.3011004341879937,2.9057807318208577
2.0,-0.6480601987972545,0.9239768577616597
2.0,-1.7942930705985578,3.0450111318074873
2.0,-0.27323936525239245,0.7859830353785977
2.0,1.28092068237739,1.4443383788245874
2.0,-1.3099510783834274,1.5531073687644588
2.0,0.9571567547863618,1.2006815489003992
2.0,-0.9797332748299494,-0.06219012691719372
2.0,-1.3616610402825993,1.254085558960501
2.0,-1.8074254994966077,-0.2018204486838486
2.0,0.7106379282545351,1.1717926144176318
2.0,-1.6254712389524715,0.9358913550255571
2.0,-1.1270736454072425,-0.7567239018156592
2.0,-1.789960263023053,0.06854087620700237
2.0,0.2133745494328569,2.884764856947712
2.0,0.3904974826996625,1.523799904806321
2.0,1.1051364794698122,0.4731852885071138
2.0,-0.35665289034787345,1.8033815184388737
2.0,0.617078443411988,0.44800875281444874
2.0,-2.795976376636619,1.2609461268029458
2.0,-0.5390550789058749,3.522748043595076
2.0,-0.8436815931452853,1.658404347349672
2.0,-0.9488631487751145,2.669005481954123
2.0,-2.124704437597804,1.8018794809121812
2.0,1.0559297637689915,1.3551994276686878
2.0,-2.7973778370875397,1.5944129007459855
2.0,-1.371785488887329,1.7016685776689513
2.0,-0.08452985193678918,0.7533105053951119
2.0,-0.6210019269011983,1.3539077899211784
2.0,-1.406132162998629,0.5454524533736876
2.0,-2.039023640236497,0.7974661627045547
2.0,-1.8976824371636325,1.0902060365702289
2.0,-1.7209286504651014,3.7293619916853684
2.0,-1.5572854649506291,0.7096398300859716
2.0,-0.18095490849792295,0.8265283469119392
2.0,0.1680019591424564,1.97813652309852
2.0,-1.2497135170675917,2.9785182089040356
2.0,-0.5494090375112205,0.851852740200895
2.0,-1.041160745520663,1.365782686334537
2.0,-1.5964954818064867,2.2639407747107607
2.0,-2.225186644884214,3.9069973977594117
2.0,-0.44644172729664305,1.4033524574237912
2.0,1.4258166391229654,1.8678351399771094
2.0,-0.9094737601486568,2.9254270876486768
2.0,-0.5897392405449235,1.9891146866291307
2.0,-1.0195152956606672,1.6284671022275126
2.0,0.4884839758619105,1.4188592873490182
2.0,-1.3722521526697051,0.2805515913864682
2.0,-1.224377059468245,0.19488716093649497
2.0,-1.7670605773135808,-0.09594982907769978
2.0,-1.4597641571286786,0.06469381844568568
2.0,-1.3258450632916763,0.6038429903977179
2.0,0.13533294980902394,1.2677506633832718
2.0,1.7515488583094583,1.6258172197277467
2.0,-2.7811008925708354,2.5804013149340523
2.0,1.1596075299144184,-0.5060560013682635
2.0,0.45796168648744373,-0.3024060772438889
2.0,-0.5077375244514384,1.922174829261688
2.0,-1.4015258250153404,1.8394261043154836
2.0,0.27868390955315736,2.5190005660942534
2.0,-0.12394772280065108,2.22580078935301
2.0,-1.546692931371652,3.055154175011872
2.0,0.8083638110104474,0.6998729971938634
2.0,-0.3913906501257278,1.91726172206845
2.0,-1.6451606107566656,0.5801865903888133
2.0,-0.2601148586561578,3.804355517308742
2.0,-0.9485266865684654,1.334899592745232
2.0,0.5579051010061775,2.505469445434736
2.0,-1.2776477895401983,0.7943770711003909
2.0,-1.1201301261177294,1.015232304683413
2.0,-2.1432186813019856,-0.01122441246744048
2.0,-1.7458665223276337,1.236899786666048
2.0,0.9496205051120967,2.6366912361350057
2.0,-0.7936784592721957,2.1816164558278643
2.0,-2.223931353479546,2.790883331466035
2.0,0.4202976205364246,0.3560788175788976
2.0,-1.0211344114668235,2.1565708583784162
2.0,-0.03126197957770621,0.9338347535018116
2.0,-1.6580970798663779,1.723472755178502
2.0,-1.4430525031149168,3.4100569424242275
2.0,-1.6599621773610842,0.17455384701232532
2.0,-2.5846533183078235,3.8973314774496957
2.0,-1.611273316012509,1.7951519667499147
2.0,-1.4126316264295313,2.562523391024291
2.0,-1.1232565398839303,0.40397902663716423
2.0,0.14678169457065243,0.7775026821806237
2.0,-2.820483578199664,1.9666950550815447
3.0,4.741738744499898,0.09473323336983777
3.0,4.754873724169555,-0.42512887065757154
3.0,4.511285011163031,-1.4885326294531562
3.0,3.8856090465247943,0.40754293153990906
3.0,4.0870248444214425,0.2816330279186345
3.0,5.705168303411796,1.0169761718074157
3.0,5.343736267564121,1.2342698668441485
3.0,5.955088598910233,0.01785338897267067
3.0,5.108387509995503,0.48013715577705296
3.0,5.762137041579683,0.8847179359642299
3.0,4.798773361179096,-0.8212456776098064
3.0,5.39539859634997,0.733536144081091
3.0,5.409946999401919,-0.3484627819751347
3.0,6.256443882082072,-0.703561136412097
3.0,4.635806876093595,-0.26230669991164035
3.0,5.301458940721007,0.8753274292623285
3.0,6.38576292333837,-0.9340206893680697
3.0,5.535059223827842,-1.1444821973693629
3.0,7.778274130124682,-0.48485739045020665
3.0,6.825642337217734,-0.049041363192458706
3.0,4.916342333668535,0.563089519835016
3.0,5.396515972996565,0.22641323281592082
3.0,5.147031705993716,-0.8152378089335742
3.0,3.946235079583447,-0.22610050195531503
3.0,6.378269152599994,0.7923304850372396
3.0,5.165616991950887,0.6853105290826756
3.0,6.82369897691255,-0.9713475235903489
3.0,4.909881750010045,0.1376819933660582
3.0,5.759029497624271,0.3610502782254335
3.0,5.88970796947673,0.7852304728802796
3.0,5.691118352732025,-1.0381732148327558
3.0,4.679294419473404,0.023151389751745383
3.0,3.5815952922725423,-0.9590531354525036
3.0,5.478423649595074,1.133063248198537
3.0,4.610468292564479,-0.12354110859660021
3.0,5.678495492531295,0.3482803411868889
3.0,3.808310164714158,1.0069072759287152
3.0,4.363466854614296,-0.4208316651958582
3.0,2.896389853943517,-2.3119239406162717
3.0,6.009005499197178,0.6067373072027566
3.0,4.208026965743299,0.45119363894820586
3.0,4.15315934190062,-0.8243039238774714
3.0,4.796187819448442,0.9240738669063646
3.0,5.645458169091537,0.22603239269070682
3.0,4.614937017976596,-0.15712831160767146
3.0,3.9135201039335055,-0.5485438458290935
3.0,4.684361539237173,-0.4970290440518475
3.0,5.309559429091517,0.5233891041133368
3.0,4.431841405392621,-0.3707011798531476
3.0,4.909443234713771,-0.9473894252581809
3.0,3.6243472509658603,0.5358619776004584
3.0,3.8122030256007458,0.0193537358365306
3.0,3.5845120949137783,0.4640220995910147
3.0,2.329204899302917,-0.9552996768907562
3.0,3.6786465001527806,0.7079012915699208
3.0,5.120101940519568,1.1336477147815147
3.0,5.443372858385072,-1.5345538680630648
3.0,6.4991079867995145,0.1953314778944425
3.0,4.247306996491151,-0.03402061644778636
3.0,7.001830915408308,0.21980298634548437
3.0,6.557948236414351,0.7026667546637214
3.0,5.359950106138464,0.4649747074920788
3.0,5.15058912626369,0.7721323132845492
3.0,6.857840836071224,0.4194995538816225
3.0,6.667945074175547,0.47157154464674067
3.0,4.181649247198863,-2.5312748402754925
3.0,4.891319884487204,-0.20477505671689786
3.0,4.42265038747386,-0.23505164462935485
3.0,6.682934497738132,0.07331360496575537
3.0,4.097746405941898,0.7275713345569926
3.0,3.6512179779211906,-0.4892763140376075
3.0,3.0527903314824196,0.33668951562490346
3.0,3.2861851560506548,-0.8586534306976743
3.0,2.867038613716754,-0.5931363936434338
3.0,3.2918075469408645,0.22417602349802218
3.0,5.11305217402013,0.527169296867764
3.0,6.581163468360716,-0.5699805410588309
3.0,5.400922388813642,-0.9472157062631923
3.0,5.960783908729774,-0.6589908185411935
3.0,4.96045029411961,-0.9243024472457279
3.0,4.407388954867783,0.0885941934167324
3.0,4.672171043807988,-1.202734901011435
3.0,5.305174325953933,0.7228950453528659
3.0,6.415273880665487,1.6250193028452444
3.0,4.737323008453145,0.36285435454640935
3.0,5.538496984404149,1.9883159848942578
3.0,5.778979363251083,1.3832261931438827
3.0,6.067392759516162,-0.3154367389331617
3.0,5.617254037770904,0.2138710476614725
3.0,3.7827418099487273,-0.024029226554361374
3.0,4.189487438975371,-1.4071516013035152
3.0,5.559214800024081,0.5866305496201712
3.0,5.984000830587469,0.8903889865233355
3.0,6.90874731125745,-0.1549577436427351
3.0,6.3718681198589655,-0.6496494971080704
3.0,4.143923676536421,-1.7052016956408615
3.0,6.143228769975073,0.8131681731436261
3.0,5.444980589423669,1.6278337046049096
3.0,5.20184296864459,0.40137465558089963
3.0,5.17597262779622,0.4357806111204653
3.0,4.212624685251935,0.19938454182852422
3.0,5.73551289711183,0.3099041052161888
3.0,4.6284199294654265,1.1356332315572044
3.0,5.811669482736948,-0.7423664066708797
3.0,4.934926402938302,-0.7894356390375304
3.0,5.918785310288083,0.8061334856446788
3.0,6.586073311120175,0.558651216022386
3.0,5.462955022135025,-0.9556151671060006
3.0,4.281627872451873,-0.6629598562078811
3.0,5.825452805651403,0.14280352487197354
3.0,4.397132399763567,-0.0007175883631688401
3.0,3.53888129275944,0.4611724317654343
3.0,5.092254241625278,-0.22336208765721347
3.0,4.262882321692608,0.06673548318480767
3.0,5.3940741668277,-0.16212531444958592
3.0,4.636948031933441,-3.3707649826477204
3.0,4.470656157228663,0.6827809027072754
3.0,6.333982774900765,0.6372470970148306
3.0,4.5855192318887115,-0.2051932189137307
3.0,5.63192323672881,-0.5633451360694188
3.0,5.162630733222185,-0.4140944471196236
3.0,6.501079901382235,0.34340162537151386
3.0,4.294959204780856,-1.607719308037229
3.0,3.9249470740277483,0.6847859598632856
3.0,4.699794725033985,0.49064463505582095
3.0,5.080610554625164,0.11481263127251265
3.0,5.827582144829218,-0.7163646078248025
3.0,5.601450780260217,-0.00604035720026602
3.0,3.9868051048428845,-0.9154366678790695
3.0,5.963596700992382,0.2436344781410155
3.0,4.293929370826544,0.9376423323064468
3.0,6.47506754492525,0.5365140996526765
3.0,5.785333937747359,1.51166043928534
3.0,5.7743467814568445,-0.37254355507664
3.0,3.780451573512066,1.2354784793905942
3.0,7.133302398966779,-2.025190875398736
3.0,6.249109199500301,0.7240019501871121
3.0,7.853064185139256,0.6308752131424189
3.0,5.939309463406587,-0.4390926929932718
3.0,4.229319841776529,0.4407012000803265
3.0,5.492393352876578,1.231139621482417
3.0,7.064199664284733,-0.8486431491671635
3.0,4.567766202932244,0.8298719953568675
3.0,4.888986144770048,0.11071426577200084
3.0,4.13592491303108,0.3153253579416569
3.0,3.46828139427924,-1.1423143135793918
3.0,4.515567184402399,0.5399916167765119
3.0,3.686051858682951,0.3294099035197819
3.0,1.9261534656815915,-0.18994002879377736
3.0,5.132980477600906,-0.15174169529946033
3.0,4.049410696393791,-1.1554679320784482
3.0,3.1719818753339437,-0.2897732138648302
3.0,4.557512469489188,-0.9348826132443476
3.0,4.434552181221987,1.0872939711070284
3.0,5.474951955365434,-0.14960248808863627
3.0,3.4807736539707883,0.015301951261443852
0.0,-0.8859740644049955,-0.5320330731486893
0.0,-0.7198514548828518,-0.12145965669265218
0.0,2.217537360951907,1.2675789377072204
0.0,0.11107221424043265,0.2513142958607135
0.0,-0.6398089677433417,-0.3230614969646627
0.0,1.1592083089255367,0.4217870953643718
0.0,0.5489368914586802,1.324523000594702
0.0,0.25443801423403534,0.7527633527857026
0.0,-0.3521972472089994,-0.02085361922171957
0.0,-1.1699415765053756,-0.08387274127177602
0.0,1.6192285551912555,-0.04541288687866198
0.0,-0.8694690223997239,1.0949258674376368
0.0,0.13789080417006144,1.1809453408402277
0.0,-1.085230554668164,0.1272142776961039
0.0,-2.0667997406365854,0.5964756814391418
0.0,0.11920845803343928,1.6486142710190033
0.0,-4.520670331695358,0.9785615330388738
0.0,-0.25251377719888063,-0.10275868586709462
0.0,-1.2754329998510927,0.5404661615032883
0.0,2.1224992254816466,1.1790792673832913
0.0,-0.9227032675074397,2.2754713571585095
0.0,-0.04053845643317225,-0.45997684735343347
0.0,-1.16974515062712,0.4913943243214619
0.0,-3.212189066787387,0.9591588472629915
0.0,-0.0841845085962511,0.3283235978363274
0.0,-3.4108246398638675,0.6271725176407126
0.0,-1.784184535988469,0.34603469473027615
0.0,0.3676451422617862,-0.0974704502930057
0.0,0.24905918779799321,1.4203215195154377
0.0,-0.8021734324897254,-0.07639312153698857
0.0,-1.059277783621479,-0.24794043430967194
0.0,-0.730159375913142,-0.14417445084844596
0.0,-0.06805426043860124,0.47920010618759196
0.0,-2.034584487314081,1.615777610138535
0.0,-0.1319849215940332,0.5632726689681101
0.0,-0.6275221774204331,1.20002414307285
0.0,-0.22463192166694382,0.5232856952825818
0.0,0.5780658167871545,-2.0411964924345027
0.0,-0.4878773690529179,-0.06241634512461849
0.0,1.1152716218759122,-0.9394901365629862
0.0,0.08887429518437309,-0.09171240547520426
0.0,0.4827274886431096,-0.8396870147178177
0.0,-1.4274162242644814,-1.3198446721876842
0.0,-2.4634132897128542,1.061925300739509
0.0,-0.852939421881296,0.2559513654815552
0.0,0.3484907540247946,-1.4464563349858743
0.0,-0.7364413766388401,-0.043599731134581
0.0,1.1042786150570139,-1.7787588595371338
0.0,-1.3482602515917235,-1.5205936677077805
0.0,0.0887009692793288,0.02195338519813802
0.0,0.3678302698623301,-0.1986504968367063
0.0,-1.379520078604042,-0.7150280041764543
0.0,-0.8792532405439308,-1.4298044283868443
0.0,-0.6418799286264999,-0.39503070456896117
0.0,0.34484148013765753,-1.4898872934746636
0.0,-0.4731057258591124,-0.0952113395366661
0.0,0.6380729356097271,-0.13606777473090423
0.0,-0.41006210498180995,1.5679382612633244
0.0,1.2262495080940201,-0.734727823615458
0.0,-0.5060115406511021,-1.0176502588767977
0.0,-1.531457894478231,0.038519063861546854
0.0,-0.6702088845805576,-1.9424977445906706
0.0,0.3765778761907135,-0.9867152114898605
0.0,-0.3720424757014642,-0.26017872945028686
0.0,-1.5388140591700277,-2.0217801318236184
0.0,-2.2062519662289404,-0.06807246786290955
0.0,-0.31847608081025,1.3685105051530928
0.0,-0.17424094325867137,-0.3252589948922541
0.0,-1.707240058862713,-0.49546239466630515
0.0,-2.847647996424576,-0.18949759174468822
0.0,-0.13225615494038348,-1.7056038552311865
0.0,0.7952236390017683,-0.11833835921362307
0.0,-0.41437776497458845,-0.8138833295206486
0.0,-2.3247921815139043,-1.5686635766627754
0.0,-0.5214966347094149,-2.3620408693344492
0.0,-1.5248193194732416,-4.315590956647634
0.0,-0.7944260839444083,-1.8823385337987382
0.0,-0.4027038678316825,-3.2451873257953525
0.0,-1.1617887794785104,-1.842551273536805
0.0,-1.6332382377280694,-1.6713386769726826
0.0,0.14887069048820628,-1.0990988532416517
0.0,0.3968655739578421,-1.8607090660559313
0.0,0.14335256460444087,-1.5278326034093892
0.0,-1.3445229997498913,-3.417177865826192
0.0,0.167419970045513,-1.128004574963038
0.0,0.7484858229710208,1.7740536675760117
0.0,-3.0841411938606935,-0.17814020347395945
0.0,-0.7402616233861823,-1.0020515959608172
0.0,-1.770659211051935,-3.011635846437189
0.0,2.3370224264670996,1.493902262764638
0.0,-0.3134511778154631,-1.0982936350663117
0.0,-0.4226178991111264,-2.2099339010860257
0.0,-1.142668711306983,-3.684151620458704
0.0,-1.1551986421423095,-1.6921138612446531
0.0,-2.6860204304074666,-2.377696486712384
0.0,-2.110186034452421,-0.34801029220874696
0.0,-1.2168290188624373,-2.3730183213556444
0.0,-2.290039010754846,-1.221223285872916
0.0,-1.078893354809967,-1.009172120984368
0.0,-0.0905078795116131,-1.808046473546553
0.0,-0.119250920286686,0.21051674953465616
0.0,-1.3157127264680561,-3.1947774829044246
0.0,0.633493555042774,1.6144816985312405
0.0,-0.6516725843161506,-2.632082973726971
0.0,-1.4046211735963492,-0.882390028609519
0.0,-1.113415094604231,-3.4365511403796565
0.0,-0.11618536055335632,-2.0079820884749764
0.0,-0.11351472190447756,-1.083290044935495
1.0,-0.8744670098535866,-0.9876426831982205
1.0,-2.2735208804518856,-0.8583839070605349
1.0,-0.3859404585920518,-1.5719488832764068
1.0,-0.6246450710215912,-1.3344817037031875
1.0,0.9933203828204303,-0.10550372142970278
1.0,0.7266180137411536,-0.8023409358238678
1.0,-0.8637802132872902,0.35310445204473223
1.0,-0.7669246774244325,-1.0777755903211204
1.0,-0.13562625431509923,-0.5112345424139356
1.0,0.1835991405487413,-0.35480269867715714
1.0,-0.7648191877880207,-0.674170143249314
1.0,-0.7590226894839134,-0.6642923239703603
1.0,-0.7995987394949615,0.4321336851983527
1.0,-1.1917261718375862,-0.5501445287718618
1.0,-2.288347672150567,-0.1815162096502564
1.0,-0.11265002344568209,-1.3114506107635875
1.0,-0.30463207827070365,-1.2660294491960165
1.0,-0.18920483367188426,-0.0999187398453566
1.0,0.0928935561022581,-0.19585210716081472
1.0,-0.716112456134154,-1.1486003414405253
1.0,-0.6846666667528939,-1.1863140019417497
1.0,0.2416993490770579,0.7151618892042314
1.0,-1.7856366899494422,-1.0715048620434708
1.0,-0.7813735893301771,-1.278035433255958
1.0,-0.3308060080625498,0.4774439018291816
1.0,-0.7382575021862648,-1.8303735947297848
1.0,-0.38652655873741626,-1.7821259419743762
1.0,0.3146126159865076,-0.07130287494696484
1.0,-0.6943309603242754,-0.9613598623568046
1.0,-0.407655276239869,0.00859023318404363
1.0,-0.40862268858777284,-0.720592340228302
1.0,0.8863097873038611,-1.259238101588578
1.0,-0.5557102264339641,-0.49270110389010097
1.0,-0.4245607848272653,-0.3955802265283383
1.0,0.9490576551091164,0.5413522308110242
1.0,0.009080575287354838,0.7789621644978384
1.0,-1.8059485295689828,1.56623858298535
1.0,1.9467212437167802,-0.246098012348583
1.0,-1.3066398388055775,1.6210295224307718
1.0,0.8104675225063265,1.4422183867435632
1.0,-0.8742013933877082,2.043193127910563
1.0,-1.032293327992288,0.6040999036492561
1.0,-5.608562206851444,0.7867137908601946
1.0,-0.34132079485183325,0.17619546352955162
1.0,-4.327756138132602,2.754662016958981
1.0,-1.1894310901009895,2.101088876342092
1.0,-0.8807036780189558,1.3770014267468855
1.0,1.0770566962808519,1.5894062776639668
1.0,-0.986641934280078,1.6279452507067975
1.0,-1.447105198994046,0.6161038688216284
1.0,0.447886640357238,-0.9610710126582956
1.0,-1.4825340463461296,1.6083023448115121
1.0,-0.39982131649382624,0.3344731932295635
1.0,-3.5457847255100683,1.22128226629078
1.0,-1.5446572758274066,0.352837370846667
1.0,-1.2592175520847626,0.6774583757630582
1.0,0.4741272080234286,-0.25899634836169017
1.0,-1.7861149307944697,2.5219507963613235
1.0,1.2119984072184882,0.822148303578715
1.0,0.40046096636294426,0.5499039355582305
1.0,-1.1646844590927403,1.7779818570133405
1.0,0.8118765627668074,2.0508053422833266
1.0,-1.317163074209816,1.6707259510391081
1.0,-1.4411789091271199,0.5691320929076945
1.0,-5.547897920038988,1.316577329642232
1.0,-0.9500891858550378,0.3082659405014316
1.0,-1.3907721137694053,1.881462851849277
1.0,-2.0339569410691745,0.2395378471494649
1.0,-5.678518158130858,0.5230427892810221
1.0,-0.875013903934064,0.10795261212128643
1.0,-3.4523420871759654,1.966257578856573
1.0,-1.6866020803836421,1.7506779325321598
1.0,1.55543520452904,-0.10797533501638674
1.0,-1.586291873365634,1.9310802841646433
1.0,0.24019229926498276,-0.28933419843001473
1.0,0.10125840225308594,0.9081809239580078
1.0,-1.8557228385001536,0.02790955507889252
1.0,-1.0891462417363726,0.25158590712053797
1.0,1.1542862192526455,0.2611262190373776
1.0,0.8305606666932818,-1.0704188543026565
1.0,1.3531260554262248,-2.408064859467686
1.0,0.18474098987297602,-0.25631719702016575
1.0,0.43451824357077007,-1.0946274991045337
1.0,0.08819617403650211,1.099580275847397
1.0,0.4986271544482484,0.887130505046686
1.0,1.178739620254008,0.11119186242198836
1.0,-0.8605252662725044,0.13301160977621662
1.0,0.9211253515124412,1.2032860118669895
1.0,1.0080830037659612,-0.410151535757662
1.0,0.9268208118430084,-0.0497346321321002
1.0,0.682215706385995,0.7647431517967391
1.0,0.6183133167043178,1.221403699450088
1.0,0.6462003660059044,-0.3938827314154662
1.0,1.291014866538107,-1.5725999030739375
1.0,-1.9028700055944234,1.2525587623469274
1.0,0.7093975473830312,-0.8858838098101763
1.0,0.4812280502459243,0.08310262132939338
1.0,0.7754076395546805,0.29161353835385445
1.0,-1.541692841201024,-0.6466289067607701
1.0,-0.5442762189274665,-1.8890215942670772
1.0,1.410388447385639,-0.9347215889796378
1.0,0.5052318389351533,-0.2787209211513477
1.0,-2.2855108644553517,-0.6119619177607818
1.0,-1.24125989474189,-0.5283758544985765
1.0,1.7711103606226373,-0.22801157481682602
1.0,1.1161838948596006,-0.40328722836079794
1.0,1.4062184971063876,-1.5490261891896566
1.0,1.0626212499716143,-1.274424109789481
1.0,0.5164142545539953,0.7117070860619313
1.0,1.2429488755998324,0.0622426931309915
1.0,0.3220908756911916,1.6379407656039398
1.0,0.2092302567225451,-0.5234365493816676
1.0,-1.7663745016980161,1.8861333536826064
1.0,-0.5534722998410401,0.8126657292501864
1.0,0.6914376536899198,2.3681097851124147
1.0,-0.5663101718285196,0.8272632717958732
1.0,-0.24297568140036843,0.6609167362577993
1.0,0.9412683780006479,-0.36357016478019777
1.0,0.015219472278385755,0.37024814476847173
1.0,0.5293433109930579,-0.08054225990959323
1.0,-1.161586860838905,0.17699009223461903
1.0,0.2774098019885706,1.0712458885648442
1.0,0.9116355547218908,-0.33423018763233053
1.0,-0.8616300182816207,-1.440035655162341
1.0,-0.907132307258163,-0.13750840852367627
1.0,-0.7555880551635794,-0.02175528912965058
1.0,0.8425618169271583,-0.15119622041153263
1.0,0.13966785289460446,1.1771477901787342
1.0,0.04424553661482509,-0.036718603530987264
1.0,-0.35851752361395467,1.9751971169832971
1.0,1.564577869700083,0.46871439066435006
1.0,-0.774080667869156,0.6339441343473539
1.0,-0.6541590793772333,0.7181330595095673
1.0,-1.030044454917832,1.0662668173325263
1.0,-0.617834802332287,1.6648541506515995
1.0,-1.1077080537457662,-0.20265279341517733
1.0,0.35951833416931883,-0.5969585749697617
1.0,0.04169975020938111,-0.4203356104389276
1.0,-1.2277756165442753,1.5033355679749427
1.0,-0.5826120942043335,-0.6425523513691621
1.0,0.6845230928344136,-0.5166085831200042
1.0,-0.37924875694699905,0.49870501839693615
1.0,-1.0205790191195478,1.4032533244683505
1.0,0.6390948514859879,0.6951750350758191
2.0,-1.014288694655077,0.21386209763698322
2.0,-1.7956486740888715,0.3613084058034089
2.0,-2.517467221370884,1.4396714924479619
2.0,-0.7652024762735025,0.7404949324159141
2.0,0.002612850351325876,0.1307588983965228
2.0,0.6714062262912028,0.43095235843433793
2.0,-1.1141267385736324,-0.4557407703752335
2.0,0.16600229038532263,0.5751279962994458
2.0,-0.5080035823059305,0.4962452167978448
2.0,-0.7020552307783438,-0.917965920110946
2.0,-1.7172390827242232,1.9319608281888563
2.0,-0.6066552747573566,1.2902608973280507
2.0,1.0609282544146594,1.0783736891670255
2.0,-1.66485398874117,0.3787608544841062
2.0,-1.8670783476441049,1.121668937449044
2.0,-0.34710265668822127,2.0141846467137547
2.0,-3.022020737515167,-0.07975513492000312
2.0,-0.5928346129976123,0.6459436521234228
2.0,-0.6166122679827036,1.512989300579652
2.0,-1.1386059563731312,1.3939715187821675
2.0,-0.6887296247780793,0.6999871437330852
2.0,-1.1963300002247574,-0.31668171287643815
2.0,-1.8623408195797866,-0.33866934452750347
2.0,-1.7841172075838712,0.9100575507738611
2.0,-0.07941549162562797,0.7119333609789
2.0,-2.35770337595546,0.7953869437230516
2.0,-0.38108010747341264,0.6765030304314273
2.0,0.5812257354312591,-0.5396645802797098
2.0,-1.960447029987325,1.3844998247663167
2.0,-0.41624072115365957,0.29025967125137897
2.0,0.5811417687764683,-0.4687393324322427
2.0,0.938213665663315,0.6271091380171975
2.0,-1.7219295110298591,0.9723595229124139
2.0,-0.9133540380298169,0.13508127551772248
2.0,-1.7370977948171722,1.2606422044737011
2.0,-1.0402923437056752,-0.35376216804817673
3.0,4.66451395694753,-0.10220818162943943
3.0,2.949372579716544,-0.4854989489174472
3.0,5.483997190154702,0.10660533671326788
3.0,6.126825258963496,-0.42130777088149507
3.0,4.655508612072357,-1.4589936935717591
3.0,4.724991450639485,-0.45222147454098405
3.0,5.382405159206667,-0.06882742038600179
3.0,6.298769435428496,0.10462079284595512
3.0,5.544953280449196,0.8587155727522832
3.0,3.546459913824749,-1.531249998124961
3.0,5.608260415570394,-0.6258716917619926
3.0,5.204705038363903,-0.35294490572458115
3.0,6.001777663407392,-0.9819199045641258
3.0,3.535040763840616,-1.5102845252673731
3.0,3.697965834554307,1.506926989167911
3.0,5.071992136228816,-0.24232646268646868
3.0,4.09230039624842,1.2244511534448876
3.0,4.812122017263276,-1.3681651805952042
3.0,4.175830914628632,0.45592693433723636
3.0,5.233856135848165,-1.1402401627431353
3.0,6.182620586502671,-0.47903806231019247
3.0,4.432485847774383,-0.36724325560250065
3.0,3.638152667473349,-1.342251769553682
3.0,4.431559637784912,-0.09891623652955854
3.0,5.564020583563556,0.22995844146656108
3.0,4.231718586734435,1.6540032709545
3.0,4.4908947913244965,-0.37515420988915504
3.0,4.15543361691658,0.40978035171843286
3.0,5.2647809915941695,-0.026743853557896293
3.0,5.181435696803704,-0.19883816807806187
3.0,3.5371026837953394,-1.9734837287412834
3.0,5.923678286782268,-0.07287236956605406
3.0,4.576882857443779,-0.061711006983629996
3.0,5.037389973292407,1.49635104797732
3.0,5.533886015619292,-0.03487073571612393
3.0,3.0963663325197346,0.08182683498548435
